season,date,home_team,away_team,url
1993/1994,1993-08-14T01:00:00,Arsenal,Coventry,https://www.xscores.com/soccer/match/arsenal-vs-coventry/14-08-1993/1590647
1993/1994,1993-08-14T01:00:00,Aston Villa,Queens Park Rangers,https://www.xscores.com/soccer/match/aston-villa-vs-queens-park-rangers/14-08-1993/1590648
1993/1994,1993-08-14T01:00:00,Chelsea,Blackburn,https://www.xscores.com/soccer/match/chelsea-vs-blackburn/14-08-1993/1590649
1993/1994,1993-08-14T01:00:00,Liverpool,Sheffield Wednesday,https://www.xscores.com/soccer/match/liverpool-vs-sheffield-wednesday/14-08-1993/1590650
1993/1994,1993-08-14T01:00:00,Manchester City,Leeds,https://www.xscores.com/soccer/match/manchester-city-vs-leeds/14-08-1993/1590651
1993/1994,1993-08-14T01:00:00,Newcastle,Tottenham,https://www.xscores.com/soccer/match/newcastle-vs-tottenham/14-08-1993/1590652
1993/1994,1993-08-14T01:00:00,Oldham,Ipswich,https://www.xscores.com/soccer/match/oldham-vs-ipswich/14-08-1993/1590653
1993/1994,1993-08-14T01:00:00,Sheffield United,Swindon,https://www.xscores.com/soccer/match/sheffield-united-vs-swindon/14-08-1993/1590654
1993/1994,1993-08-14T01:00:00,Southampton,Everton,https://www.xscores.com/soccer/match/southampton-vs-everton/14-08-1993/1590655
1993/1994,1993-08-14T01:00:00,West Ham,AFC Wimbledon,https://www.xscores.com/soccer/match/west-ham-vs-afc-wimbledon/14-08-1993/1590656
1993/1994,1993-08-15T01:00:00,Norwich,Manchester United,https://www.xscores.com/soccer/match/norwich-vs-manchester-united/15-08-1993/1590657
1993/1994,1993-08-16T01:00:00,Tottenham,Arsenal,https://www.xscores.com/soccer/match/tottenham-vs-arsenal/16-08-1993/1590658
1993/1994,1993-08-17T01:00:00,AFC Wimbledon,Chelsea,https://www.xscores.com/soccer/match/afc-wimbledon-vs-chelsea/17-08-1993/1590662
1993/1994,1993-08-17T01:00:00,Everton,Manchester City,https://www.xscores.com/soccer/match/everton-vs-manchester-city/17-08-1993/1590659
1993/1994,1993-08-17T01:00:00,Ipswich,Southampton,https://www.xscores.com/soccer/match/ipswich-vs-southampton/17-08-1993/1590660
1993/1994,1993-08-17T01:00:00,Leeds,West Ham,https://www.xscores.com/soccer/match/leeds-vs-west-ham/17-08-1993/1590661
1993/1994,1993-08-18T01:00:00,Blackburn,Norwich,https://www.xscores.com/soccer/match/blackburn-vs-norwich/18-08-1993/1590663
1993/1994,1993-08-18T01:00:00,Coventry,Newcastle,https://www.xscores.com/soccer/match/coventry-vs-newcastle/18-08-1993/1590664
1993/1994,1993-08-18T01:00:00,Manchester United,Sheffield United,https://www.xscores.com/soccer/match/manchester-united-vs-sheffield-united/18-08-1993/1590665
1993/1994,1993-08-18T01:00:00,Queens Park Rangers,Liverpool,https://www.xscores.com/soccer/match/queens-park-rangers-vs-liverpool/18-08-1993/1590666
1993/1994,1993-08-18T01:00:00,Sheffield Wednesday,Aston Villa,https://www.xscores.com/soccer/match/sheffield-wednesday-vs-aston-villa/18-08-1993/1590667
1993/1994,1993-08-18T01:00:00,Swindon,Oldham,https://www.xscores.com/soccer/match/swindon-vs-oldham/18-08-1993/1590668
1993/1994,1993-08-21T01:00:00,AFC Wimbledon,Aston Villa,https://www.xscores.com/soccer/match/afc-wimbledon-vs-aston-villa/21-08-1993/1590678
1993/1994,1993-08-21T01:00:00,Blackburn,Oldham,https://www.xscores.com/soccer/match/blackburn-vs-oldham/21-08-1993/1590669
1993/1994,1993-08-21T01:00:00,Coventry,West Ham,https://www.xscores.com/soccer/match/coventry-vs-west-ham/21-08-1993/1590670
1993/1994,1993-08-21T01:00:00,Everton,Sheffield United,https://www.xscores.com/soccer/match/everton-vs-sheffield-united/21-08-1993/1590671
1993/1994,1993-08-21T01:00:00,Ipswich,Chelsea,https://www.xscores.com/soccer/match/ipswich-vs-chelsea/21-08-1993/1590672
1993/1994,1993-08-21T01:00:00,Leeds,Norwich,https://www.xscores.com/soccer/match/leeds-vs-norwich/21-08-1993/1590673
1993/1994,1993-08-21T01:00:00,Manchester United,Newcastle,https://www.xscores.com/soccer/match/manchester-united-vs-newcastle/21-08-1993/1590674
1993/1994,1993-08-21T01:00:00,Queens Park Rangers,Southampton,https://www.xscores.com/soccer/match/queens-park-rangers-vs-southampton/21-08-1993/1590675
1993/1994,1993-08-21T01:00:00,Sheffield Wednesday,Arsenal,https://www.xscores.com/soccer/match/sheffield-wednesday-vs-arsenal/21-08-1993/1590676
1993/1994,1993-08-21T01:00:00,Tottenham,Manchester City,https://www.xscores.com/soccer/match/tottenham-vs-manchester-city/21-08-1993/1590677
1993/1994,1993-08-22T01:00:00,Swindon,Liverpool,https://www.xscores.com/soccer/match/swindon-vs-liverpool/22-08-1993/1590679
1993/1994,1993-08-23T01:00:00,Aston Villa,Manchester United,https://www.xscores.com/soccer/match/aston-villa-vs-manchester-united/23-08-1993/1590680
1993/1994,1993-08-24T01:00:00,Arsenal,Leeds,https://www.xscores.com/soccer/match/arsenal-vs-leeds/24-08-1993/1590681
1993/1994,1993-08-24T01:00:00,Manchester City,Blackburn,https://www.xscores.com/soccer/match/manchester-city-vs-blackburn/24-08-1993/1590682
1993/1994,1993-08-24T01:00:00,Oldham,Coventry,https://www.xscores.com/soccer/match/oldham-vs-coventry/24-08-1993/1590683
1993/1994,1993-08-24T01:00:00,Sheffield United,AFC Wimbledon,https://www.xscores.com/soccer/match/sheffield-united-vs-afc-wimbledon/24-08-1993/1590684
1993/1994,1993-08-25T01:00:00,Chelsea,Queens Park Rangers,https://www.xscores.com/soccer/match/chelsea-vs-queens-park-rangers/25-08-1993/1590685
1993/1994,1993-08-25T01:00:00,Liverpool,Tottenham,https://www.xscores.com/soccer/match/liverpool-vs-tottenham/25-08-1993/1590686
1993/1994,1993-08-25T01:00:00,Newcastle,Everton,https://www.xscores.com/soccer/match/newcastle-vs-everton/25-08-1993/1590687
1993/1994,1993-08-25T01:00:00,Norwich,Ipswich,https://www.xscores.com/soccer/match/norwich-vs-ipswich/25-08-1993/1590688
1993/1994,1993-08-25T01:00:00,Southampton,Swindon,https://www.xscores.com/soccer/match/southampton-vs-swindon/25-08-1993/1590689
1993/1994,1993-08-25T01:00:00,West Ham,Sheffield Wednesday,https://www.xscores.com/soccer/match/west-ham-vs-sheffield-wednesday/25-08-1993/1590690
1993/1994,1993-08-27T01:00:00,Manchester City,Coventry,https://www.xscores.com/soccer/match/manchester-city-vs-coventry/27-08-1993/1590691
1993/1994,1993-08-28T01:00:00,Arsenal,Everton,https://www.xscores.com/soccer/match/arsenal-vs-everton/28-08-1993/1590692
1993/1994,1993-08-28T01:00:00,Aston Villa,Tottenham,https://www.xscores.com/soccer/match/aston-villa-vs-tottenham/28-08-1993/1590693
1993/1994,1993-08-28T01:00:00,Chelsea,Sheffield Wednesday,https://www.xscores.com/soccer/match/chelsea-vs-sheffield-wednesday/28-08-1993/1590694
1993/1994,1993-08-28T01:00:00,Liverpool,Leeds,https://www.xscores.com/soccer/match/liverpool-vs-leeds/28-08-1993/1590695
1993/1994,1993-08-28T01:00:00,Norwich,Swindon,https://www.xscores.com/soccer/match/norwich-vs-swindon/28-08-1993/1590696
1993/1994,1993-08-28T01:00:00,Oldham,AFC Wimbledon,https://www.xscores.com/soccer/match/oldham-vs-afc-wimbledon/28-08-1993/1590697
1993/1994,1993-08-28T01:00:00,Sheffield United,Ipswich,https://www.xscores.com/soccer/match/sheffield-united-vs-ipswich/28-08-1993/1590698
1993/1994,1993-08-28T01:00:00,Southampton,Manchester United,https://www.xscores.com/soccer/match/southampton-vs-manchester-united/28-08-1993/1590699
1993/1994,1993-08-28T01:00:00,West Ham,Queens Park Rangers,https://www.xscores.com/soccer/match/west-ham-vs-queens-park-rangers/28-08-1993/1590700
1993/1994,1993-08-29T01:00:00,Newcastle,Blackburn,https://www.xscores.com/soccer/match/newcastle-vs-blackburn/29-08-1993/1590701
1993/1994,1993-08-30T01:00:00,Leeds,Oldham,https://www.xscores.com/soccer/match/leeds-vs-oldham/30-08-1993/1590702
1993/1994,1993-08-31T01:00:00,AFC Wimbledon,Southampton,https://www.xscores.com/soccer/match/afc-wimbledon-vs-southampton/31-08-1993/1590705
1993/1994,1993-08-31T01:00:00,Everton,Aston Villa,https://www.xscores.com/soccer/match/everton-vs-aston-villa/31-08-1993/1590703
1993/1994,1993-08-31T01:00:00,Ipswich,Newcastle,https://www.xscores.com/soccer/match/ipswich-vs-newcastle/31-08-1993/1590704
1993/1994,1993-09-01T01:00:00,Blackburn,Arsenal,https://www.xscores.com/soccer/match/blackburn-vs-arsenal/01-09-1993/1590706
1993/1994,1993-09-01T01:00:00,Coventry,Liverpool,https://www.xscores.com/soccer/match/coventry-vs-liverpool/01-09-1993/1590707
1993/1994,1993-09-01T01:00:00,Manchester United,West Ham,https://www.xscores.com/soccer/match/manchester-united-vs-west-ham/01-09-1993/1590708
1993/1994,1993-09-01T01:00:00,Queens Park Rangers,Sheffield United,https://www.xscores.com/soccer/match/queens-park-rangers-vs-sheffield-united/01-09-1993/1590709
1993/1994,1993-09-01T01:00:00,Sheffield Wednesday,Norwich,https://www.xscores.com/soccer/match/sheffield-wednesday-vs-norwich/01-09-1993/1590710
1993/1994,1993-09-01T01:00:00,Swindon,Manchester City,https://www.xscores.com/soccer/match/swindon-vs-manchester-city/01-09-1993/1590711
1993/1994,1993-09-01T01:00:00,Tottenham,Chelsea,https://www.xscores.com/soccer/match/tottenham-vs-chelsea/01-09-1993/1590712
1993/1994,1993-09-11T01:00:00,Arsenal,Ipswich,https://www.xscores.com/soccer/match/arsenal-vs-ipswich/11-09-1993/1590713
1993/1994,1993-09-11T01:00:00,Aston Villa,Coventry,https://www.xscores.com/soccer/match/aston-villa-vs-coventry/11-09-1993/1590714
1993/1994,1993-09-11T01:00:00,Chelsea,Manchester United,https://www.xscores.com/soccer/match/chelsea-vs-manchester-united/11-09-1993/1590715
1993/1994,1993-09-11T01:00:00,Manchester City,Queens Park Rangers,https://www.xscores.com/soccer/match/manchester-city-vs-queens-park-rangers/11-09-1993/1590716
1993/1994,1993-09-11T01:00:00,Norwich,AFC Wimbledon,https://www.xscores.com/soccer/match/norwich-vs-afc-wimbledon/11-09-1993/1590717
1993/1994,1993-09-11T01:00:00,Oldham,Everton,https://www.xscores.com/soccer/match/oldham-vs-everton/11-09-1993/1590718
1993/1994,1993-09-11T01:00:00,Sheffield United,Tottenham,https://www.xscores.com/soccer/match/sheffield-united-vs-tottenham/11-09-1993/1590719
1993/1994,1993-09-11T01:00:00,Southampton,Leeds,https://www.xscores.com/soccer/match/southampton-vs-leeds/11-09-1993/1590720
1993/1994,1993-09-11T01:00:00,West Ham,Swindon,https://www.xscores.com/soccer/match/west-ham-vs-swindon/11-09-1993/1590721
1993/1994,1993-09-12T01:00:00,Liverpool,Blackburn,https://www.xscores.com/soccer/match/liverpool-vs-blackburn/12-09-1993/1590722
1993/1994,1993-09-13T01:00:00,Newcastle,Sheffield Wednesday,https://www.xscores.com/soccer/match/newcastle-vs-sheffield-wednesday/13-09-1993/1590723
1993/1994,1993-09-18T01:00:00,Blackburn,West Ham,https://www.xscores.com/soccer/match/blackburn-vs-west-ham/18-09-1993/1590724
1993/1994,1993-09-18T01:00:00,Coventry,Chelsea,https://www.xscores.com/soccer/match/coventry-vs-chelsea/18-09-1993/1590725
1993/1994,1993-09-18T01:00:00,Everton,Liverpool,https://www.xscores.com/soccer/match/everton-vs-liverpool/18-09-1993/1590726
1993/1994,1993-09-18T01:00:00,Ipswich,Aston Villa,https://www.xscores.com/soccer/match/ipswich-vs-aston-villa/18-09-1993/1590727
1993/1994,1993-09-18T01:00:00,Leeds,Sheffield United,https://www.xscores.com/soccer/match/leeds-vs-sheffield-united/18-09-1993/1590728
1993/1994,1993-09-18T01:00:00,Queens Park Rangers,Norwich,https://www.xscores.com/soccer/match/queens-park-rangers-vs-norwich/18-09-1993/1590729
1993/1994,1993-09-18T01:00:00,Sheffield Wednesday,Southampton,https://www.xscores.com/soccer/match/sheffield-wednesday-vs-southampton/18-09-1993/1590730
1993/1994,1993-09-18T01:00:00,Swindon,Newcastle,https://www.xscores.com/soccer/match/swindon-vs-newcastle/18-09-1993/1590731
1993/1994,1993-09-18T01:00:00,Tottenham,Oldham,https://www.xscores.com/soccer/match/tottenham-vs-oldham/18-09-1993/1590732
1993/1994,1993-09-19T01:00:00,Manchester United,Arsenal,https://www.xscores.com/soccer/match/manchester-united-vs-arsenal/19-09-1993/1590733
1993/1994,1993-09-20T01:00:00,AFC Wimbledon,Manchester City,https://www.xscores.com/soccer/match/afc-wimbledon-vs-manchester-city/20-09-1993/1590734
1993/1994,1993-09-25T01:00:00,Arsenal,Southampton,https://www.xscores.com/soccer/match/arsenal-vs-southampton/25-09-1993/1590735
1993/1994,1993-09-25T01:00:00,Blackburn,Sheffield Wednesday,https://www.xscores.com/soccer/match/blackburn-vs-sheffield-wednesday/25-09-1993/1590736
1993/1994,1993-09-25T01:00:00,Chelsea,Liverpool,https://www.xscores.com/soccer/match/chelsea-vs-liverpool/25-09-1993/1590737
1993/1994,1993-09-25T01:00:00,Coventry,Leeds,https://www.xscores.com/soccer/match/coventry-vs-leeds/25-09-1993/1590738
1993/1994,1993-09-25T01:00:00,Everton,Norwich,https://www.xscores.com/soccer/match/everton-vs-norwich/25-09-1993/1590739
1993/1994,1993-09-25T01:00:00,Manchester United,Swindon,https://www.xscores.com/soccer/match/manchester-united-vs-swindon/25-09-1993/1590740
1993/1994,1993-09-25T01:00:00,Newcastle,West Ham,https://www.xscores.com/soccer/match/newcastle-vs-west-ham/25-09-1993/1590741
1993/1994,1993-09-25T01:00:00,Oldham,Aston Villa,https://www.xscores.com/soccer/match/oldham-vs-aston-villa/25-09-1993/1590742
1993/1994,1993-09-25T01:00:00,Sheffield United,Manchester City,https://www.xscores.com/soccer/match/sheffield-united-vs-manchester-city/25-09-1993/1590743
1993/1994,1993-09-26T01:00:00,Ipswich,Tottenham,https://www.xscores.com/soccer/match/ipswich-vs-tottenham/26-09-1993/1590744
1993/1994,1993-09-27T01:00:00,AFC Wimbledon,Queens Park Rangers,https://www.xscores.com/soccer/match/afc-wimbledon-vs-queens-park-rangers/27-09-1993/1590745
1993/1994,1993-10-02T01:00:00,Aston Villa,Newcastle,https://www.xscores.com/soccer/match/aston-villa-vs-newcastle/02-10-1993/1590746
1993/1994,1993-10-02T01:00:00,Leeds,AFC Wimbledon,https://www.xscores.com/soccer/match/leeds-vs-afc-wimbledon/02-10-1993/1590747
1993/1994,1993-10-02T01:00:00,Liverpool,Arsenal,https://www.xscores.com/soccer/match/liverpool-vs-arsenal/02-10-1993/1590748
1993/1994,1993-10-02T01:00:00,Norwich,Coventry,https://www.xscores.com/soccer/match/norwich-vs-coventry/02-10-1993/1590749
1993/1994,1993-10-02T01:00:00,Queens Park Rangers,Ipswich,https://www.xscores.com/soccer/match/queens-park-rangers-vs-ipswich/02-10-1993/1590750
1993/1994,1993-10-02T01:00:00,Sheffield Wednesday,Manchester United,https://www.xscores.com/soccer/match/sheffield-wednesday-vs-manchester-united/02-10-1993/1590751
1993/1994,1993-10-02T01:00:00,Southampton,Sheffield United,https://www.xscores.com/soccer/match/southampton-vs-sheffield-united/02-10-1993/1590752
1993/1994,1993-10-02T01:00:00,Swindon,Blackburn,https://www.xscores.com/soccer/match/swindon-vs-blackburn/02-10-1993/1590753
1993/1994,1993-10-02T01:00:00,West Ham,Chelsea,https://www.xscores.com/soccer/match/west-ham-vs-chelsea/02-10-1993/1590754
1993/1994,1993-10-03T01:00:00,Tottenham,Everton,https://www.xscores.com/soccer/match/tottenham-vs-everton/03-10-1993/1590755
1993/1994,1993-10-04T01:00:00,Manchester City,Oldham,https://www.xscores.com/soccer/match/manchester-city-vs-oldham/04-10-1993/1590756
1993/1994,1993-10-16T01:00:00,Arsenal,Manchester City,https://www.xscores.com/soccer/match/arsenal-vs-manchester-city/16-10-1993/1590757
1993/1994,1993-10-16T01:00:00,Chelsea,Norwich,https://www.xscores.com/soccer/match/chelsea-vs-norwich/16-10-1993/1590758
1993/1994,1993-10-16T01:00:00,Coventry,Southampton,https://www.xscores.com/soccer/match/coventry-vs-southampton/16-10-1993/1590759
1993/1994,1993-10-16T01:00:00,Liverpool,Oldham,https://www.xscores.com/soccer/match/liverpool-vs-oldham/16-10-1993/1590760
1993/1994,1993-10-16T01:00:00,Manchester United,Tottenham,https://www.xscores.com/soccer/match/manchester-united-vs-tottenham/16-10-1993/1590761
1993/1994,1993-10-16T01:00:00,Newcastle,Queens Park Rangers,https://www.xscores.com/soccer/match/newcastle-vs-queens-park-rangers/16-10-1993/1590762
1993/1994,1993-10-16T01:00:00,Sheffield Wednesday,AFC Wimbledon,https://www.xscores.com/soccer/match/sheffield-wednesday-vs-afc-wimbledon/16-10-1993/1590763
1993/1994,1993-10-16T01:00:00,Swindon,Everton,https://www.xscores.com/soccer/match/swindon-vs-everton/16-10-1993/1590764
1993/1994,1993-10-16T01:00:00,West Ham,Aston Villa,https://www.xscores.com/soccer/match/west-ham-vs-aston-villa/16-10-1993/1590765
1993/1994,1993-10-17T01:00:00,Ipswich,Leeds,https://www.xscores.com/soccer/match/ipswich-vs-leeds/17-10-1993/1590766
1993/1994,1993-10-18T01:00:00,Blackburn,Sheffield United,https://www.xscores.com/soccer/match/blackburn-vs-sheffield-united/18-10-1993/1590767
1993/1994,1993-10-23T01:00:00,Aston Villa,Chelsea,https://www.xscores.com/soccer/match/aston-villa-vs-chelsea/23-10-1993/1590768
1993/1994,1993-10-23T01:00:00,Everton,Manchester United,https://www.xscores.com/soccer/match/everton-vs-manchester-united/23-10-1993/1590769
1993/1994,1993-10-23T01:00:00,Leeds,Blackburn,https://www.xscores.com/soccer/match/leeds-vs-blackburn/23-10-1993/1590770
1993/1994,1993-10-23T01:00:00,Manchester City,Liverpool,https://www.xscores.com/soccer/match/manchester-city-vs-liverpool/23-10-1993/1590771
1993/1994,1993-10-23T01:00:00,Norwich,West Ham,https://www.xscores.com/soccer/match/norwich-vs-west-ham/23-10-1993/1590772
1993/1994,1993-10-23T01:00:00,Oldham,Arsenal,https://www.xscores.com/soccer/match/oldham-vs-arsenal/23-10-1993/1590773
1993/1994,1993-10-23T01:00:00,Queens Park Rangers,Coventry,https://www.xscores.com/soccer/match/queens-park-rangers-vs-coventry/23-10-1993/1590774
1993/1994,1993-10-23T01:00:00,Sheffield United,Sheffield Wednesday,https://www.xscores.com/soccer/match/sheffield-united-vs-sheffield-wednesday/23-10-1993/1590775
1993/1994,1993-10-23T01:00:00,Tottenham,Swindon,https://www.xscores.com/soccer/match/tottenham-vs-swindon/23-10-1993/1590776
1993/1994,1993-10-24T01:00:00,Southampton,Newcastle,https://www.xscores.com/soccer/match/southampton-vs-newcastle/24-10-1993/1590777
1993/1994,1993-10-25T00:00:00,AFC Wimbledon,Ipswich,https://www.xscores.com/soccer/match/afc-wimbledon-vs-ipswich/25-10-1993/1590778
1993/1994,1993-10-30T00:00:00,Arsenal,Norwich,https://www.xscores.com/soccer/match/arsenal-vs-norwich/30-10-1993/1590779
1993/1994,1993-10-30T00:00:00,Blackburn,Tottenham,https://www.xscores.com/soccer/match/blackburn-vs-tottenham/30-10-1993/1590780
1993/1994,1993-10-30T00:00:00,Chelsea,Oldham,https://www.xscores.com/soccer/match/chelsea-vs-oldham/30-10-1993/1590781
1993/1994,1993-10-30T00:00:00,Ipswich,Everton,https://www.xscores.com/soccer/match/ipswich-vs-everton/30-10-1993/1590782
1993/1994,1993-10-30T00:00:00,Liverpool,Southampton,https://www.xscores.com/soccer/match/liverpool-vs-southampton/30-10-1993/1590783
1993/1994,1993-10-30T00:00:00,Manchester United,Queens Park Rangers,https://www.xscores.com/soccer/match/manchester-united-vs-queens-park-rangers/30-10-1993/1590784
1993/1994,1993-10-30T00:00:00,Newcastle,AFC Wimbledon,https://www.xscores.com/soccer/match/newcastle-vs-afc-wimbledon/30-10-1993/1590785
1993/1994,1993-10-30T00:00:00,Sheffield Wednesday,Leeds,https://www.xscores.com/soccer/match/sheffield-wednesday-vs-leeds/30-10-1993/1590786
1993/1994,1993-10-30T00:00:00,Swindon,Aston Villa,https://www.xscores.com/soccer/match/swindon-vs-aston-villa/30-10-1993/1590787
1993/1994,1993-10-31T00:00:00,Coventry,Sheffield United,https://www.xscores.com/soccer/match/coventry-vs-sheffield-united/31-10-1993/1590788
1993/1994,1993-11-01T00:00:00,West Ham,Manchester City,https://www.xscores.com/soccer/match/west-ham-vs-manchester-city/01-11-1993/1590789
1993/1994,1993-11-06T00:00:00,AFC Wimbledon,Swindon,https://www.xscores.com/soccer/match/afc-wimbledon-vs-swindon/06-11-1993/1590798
1993/1994,1993-11-06T00:00:00,Arsenal,Aston Villa,https://www.xscores.com/soccer/match/arsenal-vs-aston-villa/06-11-1993/1590790
1993/1994,1993-11-06T00:00:00,Coventry,Everton,https://www.xscores.com/soccer/match/coventry-vs-everton/06-11-1993/1590791
1993/1994,1993-11-06T00:00:00,Ipswich,Sheffield Wednesday,https://www.xscores.com/soccer/match/ipswich-vs-sheffield-wednesday/06-11-1993/1590792
1993/1994,1993-11-06T00:00:00,Leeds,Chelsea,https://www.xscores.com/soccer/match/leeds-vs-chelsea/06-11-1993/1590793
1993/1994,1993-11-06T00:00:00,Liverpool,West Ham,https://www.xscores.com/soccer/match/liverpool-vs-west-ham/06-11-1993/1590794
1993/1994,1993-11-06T00:00:00,Queens Park Rangers,Blackburn,https://www.xscores.com/soccer/match/queens-park-rangers-vs-blackburn/06-11-1993/1590795
1993/1994,1993-11-06T00:00:00,Sheffield United,Norwich,https://www.xscores.com/soccer/match/sheffield-united-vs-norwich/06-11-1993/1590796
1993/1994,1993-11-06T00:00:00,Southampton,Tottenham,https://www.xscores.com/soccer/match/southampton-vs-tottenham/06-11-1993/1590797
1993/1994,1993-11-07T00:00:00,Manchester City,Manchester United,https://www.xscores.com/soccer/match/manchester-city-vs-manchester-united/07-11-1993/1590799
1993/1994,1993-11-08T00:00:00,Oldham,Newcastle,https://www.xscores.com/soccer/match/oldham-vs-newcastle/08-11-1993/1590800
1993/1994,1993-11-20T00:00:00,Aston Villa,Sheffield United,https://www.xscores.com/soccer/match/aston-villa-vs-sheffield-united/20-11-1993/1590801
1993/1994,1993-11-20T00:00:00,Blackburn,Southampton,https://www.xscores.com/soccer/match/blackburn-vs-southampton/20-11-1993/1590802
1993/1994,1993-11-20T00:00:00,Chelsea,Arsenal,https://www.xscores.com/soccer/match/chelsea-vs-arsenal/20-11-1993/1590803
1993/1994,1993-11-20T00:00:00,Everton,Queens Park Rangers,https://www.xscores.com/soccer/match/everton-vs-queens-park-rangers/20-11-1993/1590804
1993/1994,1993-11-20T00:00:00,Manchester United,AFC Wimbledon,https://www.xscores.com/soccer/match/manchester-united-vs-afc-wimbledon/20-11-1993/1590805
1993/1994,1993-11-20T00:00:00,Norwich,Manchester City,https://www.xscores.com/soccer/match/norwich-vs-manchester-city/20-11-1993/1590806
1993/1994,1993-11-20T00:00:00,Sheffield Wednesday,Coventry,https://www.xscores.com/soccer/match/sheffield-wednesday-vs-coventry/20-11-1993/1590807
1993/1994,1993-11-20T00:00:00,Swindon,Ipswich,https://www.xscores.com/soccer/match/swindon-vs-ipswich/20-11-1993/1590808
1993/1994,1993-11-20T00:00:00,Tottenham,Leeds,https://www.xscores.com/soccer/match/tottenham-vs-leeds/20-11-1993/1590809
1993/1994,1993-11-20T00:00:00,West Ham,Oldham,https://www.xscores.com/soccer/match/west-ham-vs-oldham/20-11-1993/1590810
1993/1994,1993-11-21T00:00:00,Newcastle,Liverpool,https://www.xscores.com/soccer/match/newcastle-vs-liverpool/21-11-1993/1590811
1993/1994,1993-11-22T00:00:00,Chelsea,Manchester City,https://www.xscores.com/soccer/match/chelsea-vs-manchester-city/22-11-1993/1590812
1993/1994,1993-11-23T00:00:00,Blackburn,Coventry,https://www.xscores.com/soccer/match/blackburn-vs-coventry/23-11-1993/1590813
1993/1994,1993-11-23T00:00:00,Everton,Leeds,https://www.xscores.com/soccer/match/everton-vs-leeds/23-11-1993/1590814
1993/1994,1993-11-24T00:00:00,Aston Villa,Southampton,https://www.xscores.com/soccer/match/aston-villa-vs-southampton/24-11-1993/1590815
1993/1994,1993-11-24T00:00:00,Manchester United,Ipswich,https://www.xscores.com/soccer/match/manchester-united-vs-ipswich/24-11-1993/1590816
1993/1994,1993-11-24T00:00:00,Newcastle,Sheffield United,https://www.xscores.com/soccer/match/newcastle-vs-sheffield-united/24-11-1993/1590817
1993/1994,1993-11-24T00:00:00,Sheffield Wednesday,Oldham,https://www.xscores.com/soccer/match/sheffield-wednesday-vs-oldham/24-11-1993/1590818
1993/1994,1993-11-24T00:00:00,Swindon,Queens Park Rangers,https://www.xscores.com/soccer/match/swindon-vs-queens-park-rangers/24-11-1993/1590819
1993/1994,1993-11-24T00:00:00,Tottenham,AFC Wimbledon,https://www.xscores.com/soccer/match/tottenham-vs-afc-wimbledon/24-11-1993/1590820
1993/1994,1993-11-24T00:00:00,West Ham,Arsenal,https://www.xscores.com/soccer/match/west-ham-vs-arsenal/24-11-1993/1590821
1993/1994,1993-11-27T00:00:00,Arsenal,Newcastle,https://www.xscores.com/soccer/match/arsenal-vs-newcastle/27-11-1993/1590822
1993/1994,1993-11-27T00:00:00,AFC Wimbledon,Everton,https://www.xscores.com/soccer/match/afc-wimbledon-vs-everton/27-11-1993/1590830
1993/1994,1993-11-27T00:00:00,Coventry,Manchester United,https://www.xscores.com/soccer/match/coventry-vs-manchester-united/27-11-1993/1590823
1993/1994,1993-11-27T00:00:00,Ipswich,Blackburn,https://www.xscores.com/soccer/match/ipswich-vs-blackburn/27-11-1993/1590824
1993/1994,1993-11-27T00:00:00,Leeds,Swindon,https://www.xscores.com/soccer/match/leeds-vs-swindon/27-11-1993/1590825
1993/1994,1993-11-27T00:00:00,Manchester City,Sheffield Wednesday,https://www.xscores.com/soccer/match/manchester-city-vs-sheffield-wednesday/27-11-1993/1590826
1993/1994,1993-11-27T00:00:00,Oldham,Norwich,https://www.xscores.com/soccer/match/oldham-vs-norwich/27-11-1993/1590827
1993/1994,1993-11-27T00:00:00,Queens Park Rangers,Tottenham,https://www.xscores.com/soccer/match/queens-park-rangers-vs-tottenham/27-11-1993/1590828
1993/1994,1993-11-27T00:00:00,Sheffield United,Chelsea,https://www.xscores.com/soccer/match/sheffield-united-vs-chelsea/27-11-1993/1590829
1993/1994,1993-11-28T00:00:00,Liverpool,Aston Villa,https://www.xscores.com/soccer/match/liverpool-vs-aston-villa/28-11-1993/1590831
1993/1994,1993-11-29T00:00:00,Southampton,West Ham,https://www.xscores.com/soccer/match/southampton-vs-west-ham/29-11-1993/1590832
1993/1994,1993-12-04T00:00:00,Coventry,Arsenal,https://www.xscores.com/soccer/match/coventry-vs-arsenal/04-12-1993/1590833
1993/1994,1993-12-04T00:00:00,AFC Wimbledon,West Ham,https://www.xscores.com/soccer/match/afc-wimbledon-vs-west-ham/04-12-1993/1590842
1993/1994,1993-12-04T00:00:00,Everton,Southampton,https://www.xscores.com/soccer/match/everton-vs-southampton/04-12-1993/1590834
1993/1994,1993-12-04T00:00:00,Ipswich,Oldham,https://www.xscores.com/soccer/match/ipswich-vs-oldham/04-12-1993/1590835
1993/1994,1993-12-04T00:00:00,Leeds,Manchester City,https://www.xscores.com/soccer/match/leeds-vs-manchester-city/04-12-1993/1590836
1993/1994,1993-12-04T00:00:00,Manchester United,Norwich,https://www.xscores.com/soccer/match/manchester-united-vs-norwich/04-12-1993/1590837
1993/1994,1993-12-04T00:00:00,Queens Park Rangers,Aston Villa,https://www.xscores.com/soccer/match/queens-park-rangers-vs-aston-villa/04-12-1993/1590838
1993/1994,1993-12-04T00:00:00,Sheffield Wednesday,Liverpool,https://www.xscores.com/soccer/match/sheffield-wednesday-vs-liverpool/04-12-1993/1590839
1993/1994,1993-12-04T00:00:00,Swindon,Sheffield United,https://www.xscores.com/soccer/match/swindon-vs-sheffield-united/04-12-1993/1590840
1993/1994,1993-12-04T00:00:00,Tottenham,Newcastle,https://www.xscores.com/soccer/match/tottenham-vs-newcastle/04-12-1993/1590841
1993/1994,1993-12-05T00:00:00,Blackburn,Chelsea,https://www.xscores.com/soccer/match/blackburn-vs-chelsea/05-12-1993/1590843
1993/1994,1993-12-06T00:00:00,Arsenal,Tottenham,https://www.xscores.com/soccer/match/arsenal-vs-tottenham/06-12-1993/1590844
1993/1994,1993-12-07T00:00:00,Oldham,Swindon,https://www.xscores.com/soccer/match/oldham-vs-swindon/07-12-1993/1590845
1993/1994,1993-12-07T00:00:00,Sheffield United,Manchester United,https://www.xscores.com/soccer/match/sheffield-united-vs-manchester-united/07-12-1993/1590846
1993/1994,1993-12-08T00:00:00,Aston Villa,Sheffield Wednesday,https://www.xscores.com/soccer/match/aston-villa-vs-sheffield-wednesday/08-12-1993/1590847
1993/1994,1993-12-08T00:00:00,Liverpool,Queens Park Rangers,https://www.xscores.com/soccer/match/liverpool-vs-queens-park-rangers/08-12-1993/1590848
1993/1994,1993-12-08T00:00:00,Manchester City,Everton,https://www.xscores.com/soccer/match/manchester-city-vs-everton/08-12-1993/1590849
1993/1994,1993-12-08T00:00:00,Southampton,Ipswich,https://www.xscores.com/soccer/match/southampton-vs-ipswich/08-12-1993/1590850
1993/1994,1993-12-08T00:00:00,West Ham,Leeds,https://www.xscores.com/soccer/match/west-ham-vs-leeds/08-12-1993/1590851
1993/1994,1993-12-11T00:00:00,Aston Villa,AFC Wimbledon,https://www.xscores.com/soccer/match/aston-villa-vs-afc-wimbledon/11-12-1993/1590852
1993/1994,1993-12-11T00:00:00,Chelsea,Ipswich,https://www.xscores.com/soccer/match/chelsea-vs-ipswich/11-12-1993/1590853
1993/1994,1993-12-11T00:00:00,Liverpool,Swindon,https://www.xscores.com/soccer/match/liverpool-vs-swindon/11-12-1993/1590854
1993/1994,1993-12-11T00:00:00,Manchester City,Tottenham,https://www.xscores.com/soccer/match/manchester-city-vs-tottenham/11-12-1993/1590855
1993/1994,1993-12-11T00:00:00,Newcastle,Manchester United,https://www.xscores.com/soccer/match/newcastle-vs-manchester-united/11-12-1993/1590856
1993/1994,1993-12-11T00:00:00,Oldham,Blackburn,https://www.xscores.com/soccer/match/oldham-vs-blackburn/11-12-1993/1590857
1993/1994,1993-12-11T00:00:00,Sheffield United,Everton,https://www.xscores.com/soccer/match/sheffield-united-vs-everton/11-12-1993/1590858
1993/1994,1993-12-11T00:00:00,Southampton,Queens Park Rangers,https://www.xscores.com/soccer/match/southampton-vs-queens-park-rangers/11-12-1993/1590859
1993/1994,1993-12-11T00:00:00,West Ham,Coventry,https://www.xscores.com/soccer/match/west-ham-vs-coventry/11-12-1993/1590860
1993/1994,1993-12-12T00:00:00,Arsenal,Sheffield Wednesday,https://www.xscores.com/soccer/match/arsenal-vs-sheffield-wednesday/12-12-1993/1590861
1993/1994,1993-12-13T00:00:00,Norwich,Leeds,https://www.xscores.com/soccer/match/norwich-vs-leeds/13-12-1993/1590862
1993/1994,1993-12-18T00:00:00,Blackburn,Manchester City,https://www.xscores.com/soccer/match/blackburn-vs-manchester-city/18-12-1993/1590863
1993/1994,1993-12-18T00:00:00,Coventry,Oldham,https://www.xscores.com/soccer/match/coventry-vs-oldham/18-12-1993/1590864
1993/1994,1993-12-18T00:00:00,Everton,Newcastle,https://www.xscores.com/soccer/match/everton-vs-newcastle/18-12-1993/1590865
1993/1994,1993-12-18T00:00:00,Ipswich,Norwich,https://www.xscores.com/soccer/match/ipswich-vs-norwich/18-12-1993/1590866
1993/1994,1993-12-18T00:00:00,AFC Wimbledon,Sheffield United,https://www.xscores.com/soccer/match/afc-wimbledon-vs-sheffield-united/18-12-1993/1590871
1993/1994,1993-12-18T00:00:00,Leeds,Arsenal,https://www.xscores.com/soccer/match/leeds-vs-arsenal/18-12-1993/1590867
1993/1994,1993-12-18T00:00:00,Sheffield Wednesday,West Ham,https://www.xscores.com/soccer/match/sheffield-wednesday-vs-west-ham/18-12-1993/1590868
1993/1994,1993-12-18T00:00:00,Swindon,Southampton,https://www.xscores.com/soccer/match/swindon-vs-southampton/18-12-1993/1590869
1993/1994,1993-12-18T00:00:00,Tottenham,Liverpool,https://www.xscores.com/soccer/match/tottenham-vs-liverpool/18-12-1993/1590870
1993/1994,1993-12-19T00:00:00,Manchester United,Aston Villa,https://www.xscores.com/soccer/match/manchester-united-vs-aston-villa/19-12-1993/1590872
1993/1994,1993-12-22T00:00:00,Newcastle,Leeds,https://www.xscores.com/soccer/match/newcastle-vs-leeds/22-12-1993/1590873
1993/1994,1993-12-26T00:00:00,AFC Wimbledon,Coventry,https://www.xscores.com/soccer/match/afc-wimbledon-vs-coventry/26-12-1993/1590876
1993/1994,1993-12-26T00:00:00,Manchester United,Blackburn,https://www.xscores.com/soccer/match/manchester-united-vs-blackburn/26-12-1993/1590874
1993/1994,1993-12-26T00:00:00,Sheffield United,Liverpool,https://www.xscores.com/soccer/match/sheffield-united-vs-liverpool/26-12-1993/1590875
1993/1994,1993-12-27T00:00:00,Everton,Sheffield Wednesday,https://www.xscores.com/soccer/match/everton-vs-sheffield-wednesday/27-12-1993/1590877
1993/1994,1993-12-27T00:00:00,Ipswich,West Ham,https://www.xscores.com/soccer/match/ipswich-vs-west-ham/27-12-1993/1590878
1993/1994,1993-12-27T00:00:00,Queens Park Rangers,Oldham,https://www.xscores.com/soccer/match/queens-park-rangers-vs-oldham/27-12-1993/1590879
1993/1994,1993-12-27T00:00:00,Southampton,Chelsea,https://www.xscores.com/soccer/match/southampton-vs-chelsea/27-12-1993/1590880
1993/1994,1993-12-27T00:00:00,Swindon,Arsenal,https://www.xscores.com/soccer/match/swindon-vs-arsenal/27-12-1993/1590881
1993/1994,1993-12-27T00:00:00,Tottenham,Norwich,https://www.xscores.com/soccer/match/tottenham-vs-norwich/27-12-1993/1590882
1993/1994,1993-12-28T00:00:00,Chelsea,Newcastle,https://www.xscores.com/soccer/match/chelsea-vs-newcastle/28-12-1993/1590883
1993/1994,1993-12-28T00:00:00,Liverpool,AFC Wimbledon,https://www.xscores.com/soccer/match/liverpool-vs-afc-wimbledon/28-12-1993/1590884
1993/1994,1993-12-28T00:00:00,Manchester City,Southampton,https://www.xscores.com/soccer/match/manchester-city-vs-southampton/28-12-1993/1590885
1993/1994,1993-12-28T00:00:00,West Ham,Tottenham,https://www.xscores.com/soccer/match/west-ham-vs-tottenham/28-12-1993/1590886
1993/1994,1993-12-29T00:00:00,Arsenal,Sheffield United,https://www.xscores.com/soccer/match/arsenal-vs-sheffield-united/29-12-1993/1590887
1993/1994,1993-12-29T00:00:00,Blackburn,Everton,https://www.xscores.com/soccer/match/blackburn-vs-everton/29-12-1993/1590888
1993/1994,1993-12-29T00:00:00,Leeds,Queens Park Rangers,https://www.xscores.com/soccer/match/leeds-vs-queens-park-rangers/29-12-1993/1590889
1993/1994,1993-12-29T00:00:00,Norwich,Aston Villa,https://www.xscores.com/soccer/match/norwich-vs-aston-villa/29-12-1993/1590890
1993/1994,1993-12-29T00:00:00,Oldham,Manchester United,https://www.xscores.com/soccer/match/oldham-vs-manchester-united/29-12-1993/1590891
1993/1994,1993-12-29T00:00:00,Sheffield Wednesday,Swindon,https://www.xscores.com/soccer/match/sheffield-wednesday-vs-swindon/29-12-1993/1590892
1993/1994,1994-01-01T00:00:00,Aston Villa,Blackburn,https://www.xscores.com/soccer/match/aston-villa-vs-blackburn/01-01-1994/1590893
1993/1994,1994-01-01T00:00:00,Everton,West Ham,https://www.xscores.com/soccer/match/everton-vs-west-ham/01-01-1994/1590894
1993/1994,1994-01-01T00:00:00,Ipswich,Liverpool,https://www.xscores.com/soccer/match/ipswich-vs-liverpool/01-01-1994/1590895
1993/1994,1994-01-01T00:00:00,Manchester United,Leeds,https://www.xscores.com/soccer/match/manchester-united-vs-leeds/01-01-1994/1590896
1993/1994,1994-01-01T00:00:00,Newcastle,Manchester City,https://www.xscores.com/soccer/match/newcastle-vs-manchester-city/01-01-1994/1590897
1993/1994,1994-01-01T00:00:00,Queens Park Rangers,Sheffield Wednesday,https://www.xscores.com/soccer/match/queens-park-rangers-vs-sheffield-wednesday/01-01-1994/1590898
1993/1994,1994-01-01T00:00:00,Sheffield United,Oldham,https://www.xscores.com/soccer/match/sheffield-united-vs-oldham/01-01-1994/1590899
1993/1994,1994-01-01T00:00:00,AFC Wimbledon,Arsenal,https://www.xscores.com/soccer/match/afc-wimbledon-vs-arsenal/01-01-1994/1590903
1993/1994,1994-01-01T00:00:00,Southampton,Norwich,https://www.xscores.com/soccer/match/southampton-vs-norwich/01-01-1994/1590900
1993/1994,1994-01-01T00:00:00,Swindon,Chelsea,https://www.xscores.com/soccer/match/swindon-vs-chelsea/01-01-1994/1590901
1993/1994,1994-01-01T00:00:00,Tottenham,Coventry,https://www.xscores.com/soccer/match/tottenham-vs-coventry/01-01-1994/1590902
1993/1994,1994-01-03T00:00:00,Arsenal,Queens Park Rangers,https://www.xscores.com/soccer/match/arsenal-vs-queens-park-rangers/03-01-1994/1590904
1993/1994,1994-01-03T00:00:00,Chelsea,Everton,https://www.xscores.com/soccer/match/chelsea-vs-everton/03-01-1994/1590905
1993/1994,1994-01-03T00:00:00,Coventry,Swindon,https://www.xscores.com/soccer/match/coventry-vs-swindon/03-01-1994/1590906
1993/1994,1994-01-03T00:00:00,Sheffield Wednesday,Tottenham,https://www.xscores.com/soccer/match/sheffield-wednesday-vs-tottenham/03-01-1994/1590907
1993/1994,1994-01-03T00:00:00,West Ham,Sheffield United,https://www.xscores.com/soccer/match/west-ham-vs-sheffield-united/03-01-1994/1590908
1993/1994,1994-01-04T00:00:00,Liverpool,Manchester United,https://www.xscores.com/soccer/match/liverpool-vs-manchester-united/04-01-1994/1590909
1993/1994,1994-01-04T00:00:00,Norwich,Newcastle,https://www.xscores.com/soccer/match/norwich-vs-newcastle/04-01-1994/1590910
1993/1994,1994-01-15T00:00:00,AFC Wimbledon,Sheffield Wednesday,https://www.xscores.com/soccer/match/afc-wimbledon-vs-sheffield-wednesday/15-01-1994/1590920
1993/1994,1994-01-15T00:00:00,Aston Villa,West Ham,https://www.xscores.com/soccer/match/aston-villa-vs-west-ham/15-01-1994/1590911
1993/1994,1994-01-15T00:00:00,Everton,Swindon,https://www.xscores.com/soccer/match/everton-vs-swindon/15-01-1994/1590912
1993/1994,1994-01-15T00:00:00,Leeds,Ipswich,https://www.xscores.com/soccer/match/leeds-vs-ipswich/15-01-1994/1590913
1993/1994,1994-01-15T00:00:00,Manchester City,Arsenal,https://www.xscores.com/soccer/match/manchester-city-vs-arsenal/15-01-1994/1590914
1993/1994,1994-01-15T00:00:00,Norwich,Chelsea,https://www.xscores.com/soccer/match/norwich-vs-chelsea/15-01-1994/1590915
1993/1994,1994-01-15T00:00:00,Oldham,Liverpool,https://www.xscores.com/soccer/match/oldham-vs-liverpool/15-01-1994/1590916
1993/1994,1994-01-15T00:00:00,Sheffield United,Blackburn,https://www.xscores.com/soccer/match/sheffield-united-vs-blackburn/15-01-1994/1590917
1993/1994,1994-01-15T00:00:00,Southampton,Coventry,https://www.xscores.com/soccer/match/southampton-vs-coventry/15-01-1994/1590918
1993/1994,1994-01-15T00:00:00,Tottenham,Manchester United,https://www.xscores.com/soccer/match/tottenham-vs-manchester-united/15-01-1994/1590919
1993/1994,1994-01-16T00:00:00,Queens Park Rangers,Newcastle,https://www.xscores.com/soccer/match/queens-park-rangers-vs-newcastle/16-01-1994/1590921
1993/1994,1994-01-22T00:00:00,Arsenal,Oldham,https://www.xscores.com/soccer/match/arsenal-vs-oldham/22-01-1994/1590922
1993/1994,1994-01-22T00:00:00,Chelsea,Aston Villa,https://www.xscores.com/soccer/match/chelsea-vs-aston-villa/22-01-1994/1590923
1993/1994,1994-01-22T00:00:00,Coventry,Queens Park Rangers,https://www.xscores.com/soccer/match/coventry-vs-queens-park-rangers/22-01-1994/1590924
1993/1994,1994-01-22T00:00:00,Ipswich,AFC Wimbledon,https://www.xscores.com/soccer/match/ipswich-vs-afc-wimbledon/22-01-1994/1590925
1993/1994,1994-01-22T00:00:00,Liverpool,Manchester City,https://www.xscores.com/soccer/match/liverpool-vs-manchester-city/22-01-1994/1590926
1993/1994,1994-01-22T00:00:00,Manchester United,Everton,https://www.xscores.com/soccer/match/manchester-united-vs-everton/22-01-1994/1590927
1993/1994,1994-01-22T00:00:00,Newcastle,Southampton,https://www.xscores.com/soccer/match/newcastle-vs-southampton/22-01-1994/1590928
1993/1994,1994-01-22T00:00:00,Sheffield Wednesday,Sheffield United,https://www.xscores.com/soccer/match/sheffield-wednesday-vs-sheffield-united/22-01-1994/1590929
1993/1994,1994-01-22T00:00:00,Swindon,Tottenham,https://www.xscores.com/soccer/match/swindon-vs-tottenham/22-01-1994/1590930
1993/1994,1994-01-23T00:00:00,Blackburn,Leeds,https://www.xscores.com/soccer/match/blackburn-vs-leeds/23-01-1994/1590931
1993/1994,1994-01-24T00:00:00,West Ham,Norwich,https://www.xscores.com/soccer/match/west-ham-vs-norwich/24-01-1994/1590932
1993/1994,1994-02-02T00:00:00,Coventry,Ipswich,https://www.xscores.com/soccer/match/coventry-vs-ipswich/02-02-1994/1590933
1993/1994,1994-02-05T00:00:00,Blackburn,AFC Wimbledon,https://www.xscores.com/soccer/match/blackburn-vs-afc-wimbledon/05-02-1994/1590934
1993/1994,1994-02-05T00:00:00,Everton,Chelsea,https://www.xscores.com/soccer/match/everton-vs-chelsea/05-02-1994/1590935
1993/1994,1994-02-05T00:00:00,Manchester City,Ipswich,https://www.xscores.com/soccer/match/manchester-city-vs-ipswich/05-02-1994/1590936
1993/1994,1994-02-05T00:00:00,Norwich,Liverpool,https://www.xscores.com/soccer/match/norwich-vs-liverpool/05-02-1994/1590937
1993/1994,1994-02-05T00:00:00,Oldham,Southampton,https://www.xscores.com/soccer/match/oldham-vs-southampton/05-02-1994/1590938
1993/1994,1994-02-05T00:00:00,Queens Park Rangers,Manchester United,https://www.xscores.com/soccer/match/queens-park-rangers-vs-manchester-united/05-02-1994/1590939
1993/1994,1994-02-05T00:00:00,Swindon,Coventry,https://www.xscores.com/soccer/match/swindon-vs-coventry/05-02-1994/1590940
1993/1994,1994-02-05T00:00:00,Tottenham,Sheffield Wednesday,https://www.xscores.com/soccer/match/tottenham-vs-sheffield-wednesday/05-02-1994/1590941
1993/1994,1994-02-06T00:00:00,Aston Villa,Leeds,https://www.xscores.com/soccer/match/aston-villa-vs-leeds/06-02-1994/1590942
1993/1994,1994-02-12T00:00:00,Aston Villa,Swindon,https://www.xscores.com/soccer/match/aston-villa-vs-swindon/12-02-1994/1590943
1993/1994,1994-02-12T00:00:00,AFC Wimbledon,Newcastle,https://www.xscores.com/soccer/match/afc-wimbledon-vs-newcastle/12-02-1994/1590949
1993/1994,1994-02-12T00:00:00,Everton,Ipswich,https://www.xscores.com/soccer/match/everton-vs-ipswich/12-02-1994/1590944
1993/1994,1994-02-12T00:00:00,Manchester City,West Ham,https://www.xscores.com/soccer/match/manchester-city-vs-west-ham/12-02-1994/1590945
1993/1994,1994-02-12T00:00:00,Oldham,Chelsea,https://www.xscores.com/soccer/match/oldham-vs-chelsea/12-02-1994/1590946
1993/1994,1994-02-12T00:00:00,Sheffield United,Coventry,https://www.xscores.com/soccer/match/sheffield-united-vs-coventry/12-02-1994/1590947
1993/1994,1994-02-12T00:00:00,Tottenham,Blackburn,https://www.xscores.com/soccer/match/tottenham-vs-blackburn/12-02-1994/1590948
1993/1994,1994-02-13T00:00:00,Norwich,Arsenal,https://www.xscores.com/soccer/match/norwich-vs-arsenal/13-02-1994/1590950
1993/1994,1994-02-14T00:00:00,Southampton,Liverpool,https://www.xscores.com/soccer/match/southampton-vs-liverpool/14-02-1994/1590951
1993/1994,1994-02-19T00:00:00,Blackburn,Newcastle,https://www.xscores.com/soccer/match/blackburn-vs-newcastle/19-02-1994/1590952
1993/1994,1994-02-19T00:00:00,Coventry,Manchester City,https://www.xscores.com/soccer/match/coventry-vs-manchester-city/19-02-1994/1590953
1993/1994,1994-02-19T00:00:00,Everton,Arsenal,https://www.xscores.com/soccer/match/everton-vs-arsenal/19-02-1994/1590954
1993/1994,1994-02-19T00:00:00,Leeds,Liverpool,https://www.xscores.com/soccer/match/leeds-vs-liverpool/19-02-1994/1590955
1993/1994,1994-02-19T00:00:00,Swindon,Norwich,https://www.xscores.com/soccer/match/swindon-vs-norwich/19-02-1994/1590956
1993/1994,1994-02-22T00:00:00,Aston Villa,Manchester City,https://www.xscores.com/soccer/match/aston-villa-vs-manchester-city/22-02-1994/1590957
1993/1994,1994-02-22T00:00:00,Norwich,Blackburn,https://www.xscores.com/soccer/match/norwich-vs-blackburn/22-02-1994/1590958
1993/1994,1994-02-23T00:00:00,Newcastle,Coventry,https://www.xscores.com/soccer/match/newcastle-vs-coventry/23-02-1994/1590959
1993/1994,1994-02-26T00:00:00,Arsenal,Blackburn,https://www.xscores.com/soccer/match/arsenal-vs-blackburn/26-02-1994/1590960
1993/1994,1994-02-26T00:00:00,Ipswich,Sheffield United,https://www.xscores.com/soccer/match/ipswich-vs-sheffield-united/26-02-1994/1590961
1993/1994,1994-02-26T00:00:00,Liverpool,Coventry,https://www.xscores.com/soccer/match/liverpool-vs-coventry/26-02-1994/1590962
1993/1994,1994-02-26T00:00:00,Manchester City,Swindon,https://www.xscores.com/soccer/match/manchester-city-vs-swindon/26-02-1994/1590963
1993/1994,1994-02-26T00:00:00,Norwich,Sheffield Wednesday,https://www.xscores.com/soccer/match/norwich-vs-sheffield-wednesday/26-02-1994/1590964
1993/1994,1994-02-26T00:00:00,Southampton,AFC Wimbledon,https://www.xscores.com/soccer/match/southampton-vs-afc-wimbledon/26-02-1994/1590965
1993/1994,1994-02-26T00:00:00,Tottenham,Aston Villa,https://www.xscores.com/soccer/match/tottenham-vs-aston-villa/26-02-1994/1590966
1993/1994,1994-02-26T00:00:00,West Ham,Manchester United,https://www.xscores.com/soccer/match/west-ham-vs-manchester-united/26-02-1994/1590967
1993/1994,1994-02-27T00:00:00,Chelsea,Tottenham,https://www.xscores.com/soccer/match/chelsea-vs-tottenham/27-02-1994/1590968
1993/1994,1994-02-28T00:00:00,Oldham,Leeds,https://www.xscores.com/soccer/match/oldham-vs-leeds/28-02-1994/1590969
1993/1994,1994-03-05T00:00:00,Blackburn,Liverpool,https://www.xscores.com/soccer/match/blackburn-vs-liverpool/05-03-1994/1590970
1993/1994,1994-03-05T00:00:00,Everton,Oldham,https://www.xscores.com/soccer/match/everton-vs-oldham/05-03-1994/1590971
1993/1994,1994-03-05T00:00:00,Ipswich,Arsenal,https://www.xscores.com/soccer/match/ipswich-vs-arsenal/05-03-1994/1590972
1993/1994,1994-03-05T00:00:00,Leeds,Southampton,https://www.xscores.com/soccer/match/leeds-vs-southampton/05-03-1994/1590973
1993/1994,1994-03-05T00:00:00,Manchester United,Chelsea,https://www.xscores.com/soccer/match/manchester-united-vs-chelsea/05-03-1994/1590974
1993/1994,1994-03-05T00:00:00,Queens Park Rangers,Manchester City,https://www.xscores.com/soccer/match/queens-park-rangers-vs-manchester-city/05-03-1994/1590975
1993/1994,1994-03-05T00:00:00,Sheffield Wednesday,Newcastle,https://www.xscores.com/soccer/match/sheffield-wednesday-vs-newcastle/05-03-1994/1590976
1993/1994,1994-03-05T00:00:00,AFC Wimbledon,Norwich,https://www.xscores.com/soccer/match/afc-wimbledon-vs-norwich/05-03-1994/1590979
1993/1994,1994-03-05T00:00:00,Swindon,West Ham,https://www.xscores.com/soccer/match/swindon-vs-west-ham/05-03-1994/1590977
1993/1994,1994-03-05T00:00:00,Tottenham,Sheffield United,https://www.xscores.com/soccer/match/tottenham-vs-sheffield-united/05-03-1994/1590978
1993/1994,1994-03-06T00:00:00,Aston Villa,Ipswich,https://www.xscores.com/soccer/match/aston-villa-vs-ipswich/06-03-1994/1590981
1993/1994,1994-03-06T00:00:00,Coventry,Aston Villa,https://www.xscores.com/soccer/match/coventry-vs-aston-villa/06-03-1994/1590980
1993/1994,1994-03-06T00:00:00,Manchester City,AFC Wimbledon,https://www.xscores.com/soccer/match/manchester-city-vs-afc-wimbledon/06-03-1994/1590982
1993/1994,1994-03-06T00:00:00,Newcastle,Swindon,https://www.xscores.com/soccer/match/newcastle-vs-swindon/06-03-1994/1590983
1993/1994,1994-03-06T00:00:00,Norwich,Queens Park Rangers,https://www.xscores.com/soccer/match/norwich-vs-queens-park-rangers/06-03-1994/1590984
1993/1994,1994-03-06T00:00:00,Southampton,Sheffield Wednesday,https://www.xscores.com/soccer/match/southampton-vs-sheffield-wednesday/06-03-1994/1590985
1993/1994,1994-03-13T00:00:00,Liverpool,Everton,https://www.xscores.com/soccer/match/liverpool-vs-everton/13-03-1994/1590986
1993/1994,1994-03-13T00:00:00,Sheffield United,Leeds,https://www.xscores.com/soccer/match/sheffield-united-vs-leeds/13-03-1994/1590987
1993/1994,1994-03-16T00:00:00,Chelsea,AFC Wimbledon,https://www.xscores.com/soccer/match/chelsea-vs-afc-wimbledon/16-03-1994/1590988
1993/1994,1994-03-16T00:00:00,Leeds,Aston Villa,https://www.xscores.com/soccer/match/leeds-vs-aston-villa/16-03-1994/1590989
1993/1994,1994-03-16T00:00:00,Manchester United,Sheffield Wednesday,https://www.xscores.com/soccer/match/manchester-united-vs-sheffield-wednesday/16-03-1994/1590990
1993/1994,1994-03-16T00:00:00,Sheffield United,Queens Park Rangers,https://www.xscores.com/soccer/match/sheffield-united-vs-queens-park-rangers/16-03-1994/1590991
1993/1994,1994-03-19T00:00:00,Aston Villa,Oldham,https://www.xscores.com/soccer/match/aston-villa-vs-oldham/19-03-1994/1590992
1993/1994,1994-03-19T00:00:00,Leeds,Coventry,https://www.xscores.com/soccer/match/leeds-vs-coventry/19-03-1994/1590993
1993/1994,1994-03-19T00:00:00,Liverpool,Chelsea,https://www.xscores.com/soccer/match/liverpool-vs-chelsea/19-03-1994/1590994
1993/1994,1994-03-19T00:00:00,Manchester City,Sheffield United,https://www.xscores.com/soccer/match/manchester-city-vs-sheffield-united/19-03-1994/1590995
1993/1994,1994-03-19T00:00:00,Queens Park Rangers,AFC Wimbledon,https://www.xscores.com/soccer/match/queens-park-rangers-vs-afc-wimbledon/19-03-1994/1590996
1993/1994,1994-03-19T00:00:00,Southampton,Arsenal,https://www.xscores.com/soccer/match/southampton-vs-arsenal/19-03-1994/1590997
1993/1994,1994-03-19T00:00:00,Swindon,Manchester United,https://www.xscores.com/soccer/match/swindon-vs-manchester-united/19-03-1994/1590998
1993/1994,1994-03-19T00:00:00,Tottenham,Ipswich,https://www.xscores.com/soccer/match/tottenham-vs-ipswich/19-03-1994/1590999
1993/1994,1994-03-19T00:00:00,West Ham,Newcastle,https://www.xscores.com/soccer/match/west-ham-vs-newcastle/19-03-1994/1591000
1993/1994,1994-03-20T00:00:00,Sheffield Wednesday,Blackburn,https://www.xscores.com/soccer/match/sheffield-wednesday-vs-blackburn/20-03-1994/1591001
1993/1994,1994-03-21T00:00:00,Norwich,Everton,https://www.xscores.com/soccer/match/norwich-vs-everton/21-03-1994/1591002
1993/1994,1994-03-22T00:00:00,Arsenal,Manchester United,https://www.xscores.com/soccer/match/arsenal-vs-manchester-united/22-03-1994/1591003
1993/1994,1994-03-22T00:00:00,Newcastle,Ipswich,https://www.xscores.com/soccer/match/newcastle-vs-ipswich/22-03-1994/1591004
1993/1994,1994-03-26T00:00:00,Arsenal,Liverpool,https://www.xscores.com/soccer/match/arsenal-vs-liverpool/26-03-1994/1591005
1993/1994,1994-03-26T00:00:00,Blackburn,Swindon,https://www.xscores.com/soccer/match/blackburn-vs-swindon/26-03-1994/1591006
1993/1994,1994-03-26T00:00:00,Chelsea,West Ham,https://www.xscores.com/soccer/match/chelsea-vs-west-ham/26-03-1994/1591007
1993/1994,1994-03-26T00:00:00,Coventry,Norwich,https://www.xscores.com/soccer/match/coventry-vs-norwich/26-03-1994/1591008
1993/1994,1994-03-26T00:00:00,Everton,Tottenham,https://www.xscores.com/soccer/match/everton-vs-tottenham/26-03-1994/1591009
1993/1994,1994-03-26T00:00:00,Ipswich,Queens Park Rangers,https://www.xscores.com/soccer/match/ipswich-vs-queens-park-rangers/26-03-1994/1591010
1993/1994,1994-03-26T00:00:00,Oldham,Manchester City,https://www.xscores.com/soccer/match/oldham-vs-manchester-city/26-03-1994/1591011
1993/1994,1994-03-26T00:00:00,Sheffield United,Southampton,https://www.xscores.com/soccer/match/sheffield-united-vs-southampton/26-03-1994/1591012
1993/1994,1994-03-27T00:00:00,AFC Wimbledon,Leeds,https://www.xscores.com/soccer/match/afc-wimbledon-vs-leeds/27-03-1994/1591013
1993/1994,1994-03-28T01:00:00,Sheffield United,West Ham,https://www.xscores.com/soccer/match/sheffield-united-vs-west-ham/28-03-1994/1591014
1993/1994,1994-03-29T01:00:00,AFC Wimbledon,Blackburn,https://www.xscores.com/soccer/match/afc-wimbledon-vs-blackburn/29-03-1994/1591017
1993/1994,1994-03-29T01:00:00,Ipswich,Manchester City,https://www.xscores.com/soccer/match/ipswich-vs-manchester-city/29-03-1994/1591015
1993/1994,1994-03-29T01:00:00,Newcastle,Norwich,https://www.xscores.com/soccer/match/newcastle-vs-norwich/29-03-1994/1591016
1993/1994,1994-03-30T01:00:00,Aston Villa,Everton,https://www.xscores.com/soccer/match/aston-villa-vs-everton/30-03-1994/1591018
1993/1994,1994-03-30T01:00:00,Manchester United,Liverpool,https://www.xscores.com/soccer/match/manchester-united-vs-liverpool/30-03-1994/1591019
1993/1994,1994-03-30T01:00:00,Sheffield Wednesday,Chelsea,https://www.xscores.com/soccer/match/sheffield-wednesday-vs-chelsea/30-03-1994/1591020
1993/1994,1994-03-30T01:00:00,Southampton,Oldham,https://www.xscores.com/soccer/match/southampton-vs-oldham/30-03-1994/1591021
1993/1994,1994-04-01T01:00:00,Leeds,Newcastle,https://www.xscores.com/soccer/match/leeds-vs-newcastle/01-04-1994/1591022
1993/1994,1994-04-02T01:00:00,Arsenal,Swindon,https://www.xscores.com/soccer/match/arsenal-vs-swindon/02-04-1994/1591023
1993/1994,1994-04-02T01:00:00,Blackburn,Manchester United,https://www.xscores.com/soccer/match/blackburn-vs-manchester-united/02-04-1994/1591024
1993/1994,1994-04-02T01:00:00,Chelsea,Southampton,https://www.xscores.com/soccer/match/chelsea-vs-southampton/02-04-1994/1591025
1993/1994,1994-04-02T01:00:00,Coventry,AFC Wimbledon,https://www.xscores.com/soccer/match/coventry-vs-afc-wimbledon/02-04-1994/1591026
1993/1994,1994-04-02T01:00:00,Liverpool,Sheffield United,https://www.xscores.com/soccer/match/liverpool-vs-sheffield-united/02-04-1994/1591027
1993/1994,1994-04-02T01:00:00,Manchester City,Aston Villa,https://www.xscores.com/soccer/match/manchester-city-vs-aston-villa/02-04-1994/1591028
1993/1994,1994-04-02T01:00:00,Norwich,Tottenham,https://www.xscores.com/soccer/match/norwich-vs-tottenham/02-04-1994/1591029
1993/1994,1994-04-02T01:00:00,Oldham,Queens Park Rangers,https://www.xscores.com/soccer/match/oldham-vs-queens-park-rangers/02-04-1994/1591030
1993/1994,1994-04-02T01:00:00,Sheffield Wednesday,Everton,https://www.xscores.com/soccer/match/sheffield-wednesday-vs-everton/02-04-1994/1591031
1993/1994,1994-04-02T01:00:00,West Ham,Ipswich,https://www.xscores.com/soccer/match/west-ham-vs-ipswich/02-04-1994/1591032
1993/1994,1994-04-04T01:00:00,Aston Villa,Norwich,https://www.xscores.com/soccer/match/aston-villa-vs-norwich/04-04-1994/1591042
1993/1994,1994-04-04T01:00:00,Everton,Blackburn,https://www.xscores.com/soccer/match/everton-vs-blackburn/04-04-1994/1591033
1993/1994,1994-04-04T01:00:00,Ipswich,Coventry,https://www.xscores.com/soccer/match/ipswich-vs-coventry/04-04-1994/1591034
1993/1994,1994-04-04T01:00:00,Manchester United,Oldham,https://www.xscores.com/soccer/match/manchester-united-vs-oldham/04-04-1994/1591035
1993/1994,1994-04-04T01:00:00,Newcastle,Chelsea,https://www.xscores.com/soccer/match/newcastle-vs-chelsea/04-04-1994/1591036
1993/1994,1994-04-04T01:00:00,Queens Park Rangers,Leeds,https://www.xscores.com/soccer/match/queens-park-rangers-vs-leeds/04-04-1994/1591037
1993/1994,1994-04-04T01:00:00,Sheffield United,Arsenal,https://www.xscores.com/soccer/match/sheffield-united-vs-arsenal/04-04-1994/1591038
1993/1994,1994-04-04T01:00:00,Southampton,Manchester City,https://www.xscores.com/soccer/match/southampton-vs-manchester-city/04-04-1994/1591039
1993/1994,1994-04-04T01:00:00,Swindon,Sheffield Wednesday,https://www.xscores.com/soccer/match/swindon-vs-sheffield-wednesday/04-04-1994/1591040
1993/1994,1994-04-04T01:00:00,Tottenham,West Ham,https://www.xscores.com/soccer/match/tottenham-vs-west-ham/04-04-1994/1591041
1993/1994,1994-04-09T01:00:00,Coventry,Tottenham,https://www.xscores.com/soccer/match/coventry-vs-tottenham/09-04-1994/1591043
1993/1994,1994-04-09T01:00:00,Liverpool,Ipswich,https://www.xscores.com/soccer/match/liverpool-vs-ipswich/09-04-1994/1591044
1993/1994,1994-04-09T01:00:00,Manchester City,Newcastle,https://www.xscores.com/soccer/match/manchester-city-vs-newcastle/09-04-1994/1591045
1993/1994,1994-04-09T01:00:00,Norwich,Southampton,https://www.xscores.com/soccer/match/norwich-vs-southampton/09-04-1994/1591046
1993/1994,1994-04-09T01:00:00,Sheffield Wednesday,Queens Park Rangers,https://www.xscores.com/soccer/match/sheffield-wednesday-vs-queens-park-rangers/09-04-1994/1591047
1993/1994,1994-04-09T01:00:00,West Ham,Everton,https://www.xscores.com/soccer/match/west-ham-vs-everton/09-04-1994/1591048
1993/1994,1994-04-11T01:00:00,Blackburn,Aston Villa,https://www.xscores.com/soccer/match/blackburn-vs-aston-villa/11-04-1994/1591049
1993/1994,1994-04-13T01:00:00,Queens Park Rangers,Chelsea,https://www.xscores.com/soccer/match/queens-park-rangers-vs-chelsea/13-04-1994/1591050
1993/1994,1994-04-16T01:00:00,AFC Wimbledon,Liverpool,https://www.xscores.com/soccer/match/afc-wimbledon-vs-liverpool/16-04-1994/1591053
1993/1994,1994-04-16T01:00:00,Arsenal,Chelsea,https://www.xscores.com/soccer/match/arsenal-vs-chelsea/16-04-1994/1591051
1993/1994,1994-04-16T01:00:00,Coventry,Sheffield Wednesday,https://www.xscores.com/soccer/match/coventry-vs-sheffield-wednesday/16-04-1994/1591052
1993/1994,1994-04-16T01:00:00,AFC Wimbledon,Manchester United,https://www.xscores.com/soccer/match/afc-wimbledon-vs-manchester-united/16-04-1994/1591060
1993/1994,1994-04-16T01:00:00,Liverpool,Newcastle,https://www.xscores.com/soccer/match/liverpool-vs-newcastle/16-04-1994/1591054
1993/1994,1994-04-16T01:00:00,Manchester City,Norwich,https://www.xscores.com/soccer/match/manchester-city-vs-norwich/16-04-1994/1591055
1993/1994,1994-04-16T01:00:00,Oldham,West Ham,https://www.xscores.com/soccer/match/oldham-vs-west-ham/16-04-1994/1591056
1993/1994,1994-04-16T01:00:00,Queens Park Rangers,Everton,https://www.xscores.com/soccer/match/queens-park-rangers-vs-everton/16-04-1994/1591057
1993/1994,1994-04-16T01:00:00,Sheffield United,Aston Villa,https://www.xscores.com/soccer/match/sheffield-united-vs-aston-villa/16-04-1994/1591058
1993/1994,1994-04-16T01:00:00,Southampton,Blackburn,https://www.xscores.com/soccer/match/southampton-vs-blackburn/16-04-1994/1591059
1993/1994,1994-04-17T01:00:00,Leeds,Tottenham,https://www.xscores.com/soccer/match/leeds-vs-tottenham/17-04-1994/1591061
1993/1994,1994-04-19T01:00:00,Arsenal,AFC Wimbledon,https://www.xscores.com/soccer/match/arsenal-vs-afc-wimbledon/19-04-1994/1591062
1993/1994,1994-04-23T01:00:00,Aston Villa,Arsenal,https://www.xscores.com/soccer/match/aston-villa-vs-arsenal/23-04-1994/1591063
1993/1994,1994-04-23T01:00:00,Ipswich,Swindon,https://www.xscores.com/soccer/match/ipswich-vs-swindon/23-04-1994/1591064
