season,date,home_team,away_team,url
1997/1998,1997-08-09T01:00:00,AFC Wimbledon,Liverpool,https://www.xscores.com/soccer/match/afc-wimbledon-vs-liverpool/09-08-1997/1598788
1997/1998,1997-08-09T01:00:00,Barnsley,West Ham,https://www.xscores.com/soccer/match/barnsley-vs-west-ham/09-08-1997/1598779
1997/1998,1997-08-09T01:00:00,Blackburn,Derby,https://www.xscores.com/soccer/match/blackburn-vs-derby/09-08-1997/1598780
1997/1998,1997-08-09T01:00:00,Coventry,Chelsea,https://www.xscores.com/soccer/match/coventry-vs-chelsea/09-08-1997/1598781
1997/1998,1997-08-09T01:00:00,Everton,Crystal Palace,https://www.xscores.com/soccer/match/everton-vs-crystal-palace/09-08-1997/1598782
1997/1998,1997-08-09T01:00:00,Leeds,Arsenal,https://www.xscores.com/soccer/match/leeds-vs-arsenal/09-08-1997/1598783
1997/1998,1997-08-09T01:00:00,Leicester,Aston Villa,https://www.xscores.com/soccer/match/leicester-vs-aston-villa/09-08-1997/1598784
1997/1998,1997-08-09T01:00:00,Newcastle,Sheffield Wednesday,https://www.xscores.com/soccer/match/newcastle-vs-sheffield-wednesday/09-08-1997/1598785
1997/1998,1997-08-09T01:00:00,Southampton,Bolton,https://www.xscores.com/soccer/match/southampton-vs-bolton/09-08-1997/1598786
1997/1998,1997-08-09T01:00:00,Tottenham,Manchester United,https://www.xscores.com/soccer/match/tottenham-vs-manchester-united/09-08-1997/1598787
1997/1998,1997-08-12T01:00:00,Arsenal,Coventry,https://www.xscores.com/soccer/match/arsenal-vs-coventry/12-08-1997/1598789
1997/1998,1997-08-12T01:00:00,Crystal Palace,Barnsley,https://www.xscores.com/soccer/match/crystal-palace-vs-barnsley/12-08-1997/1598790
1997/1998,1997-08-13T01:00:00,Aston Villa,Blackburn,https://www.xscores.com/soccer/match/aston-villa-vs-blackburn/13-08-1997/1598791
1997/1998,1997-08-13T01:00:00,Derby,AFC Wimbledon,https://www.xscores.com/soccer/match/derby-vs-afc-wimbledon/13-08-1997/1598792
1997/1998,1997-08-13T01:00:00,Liverpool,Leicester,https://www.xscores.com/soccer/match/liverpool-vs-leicester/13-08-1997/1598793
1997/1998,1997-08-13T01:00:00,Manchester United,Southampton,https://www.xscores.com/soccer/match/manchester-united-vs-southampton/13-08-1997/1598794
1997/1998,1997-08-13T01:00:00,Sheffield Wednesday,Leeds,https://www.xscores.com/soccer/match/sheffield-wednesday-vs-leeds/13-08-1997/1598795
1997/1998,1997-08-13T01:00:00,West Ham,Tottenham,https://www.xscores.com/soccer/match/west-ham-vs-tottenham/13-08-1997/1598796
1997/1998,1997-08-23T01:00:00,Barnsley,Chelsea,https://www.xscores.com/soccer/match/barnsley-vs-chelsea/23-08-1997/1598797
1997/1998,1997-08-23T01:00:00,Blackburn,Liverpool,https://www.xscores.com/soccer/match/blackburn-vs-liverpool/23-08-1997/1598798
1997/1998,1997-08-23T01:00:00,AFC Wimbledon,Sheffield Wednesday,https://www.xscores.com/soccer/match/afc-wimbledon-vs-sheffield-wednesday/23-08-1997/1598806
1997/1998,1997-08-23T01:00:00,Coventry,Bolton,https://www.xscores.com/soccer/match/coventry-vs-bolton/23-08-1997/1598799
1997/1998,1997-08-23T01:00:00,Everton,West Ham,https://www.xscores.com/soccer/match/everton-vs-west-ham/23-08-1997/1598800
1997/1998,1997-08-23T01:00:00,Leeds,Crystal Palace,https://www.xscores.com/soccer/match/leeds-vs-crystal-palace/23-08-1997/1598801
1997/1998,1997-08-23T01:00:00,Leicester,Manchester United,https://www.xscores.com/soccer/match/leicester-vs-manchester-united/23-08-1997/1598802
1997/1998,1997-08-23T01:00:00,Newcastle,Aston Villa,https://www.xscores.com/soccer/match/newcastle-vs-aston-villa/23-08-1997/1598803
1997/1998,1997-08-23T01:00:00,Southampton,Arsenal,https://www.xscores.com/soccer/match/southampton-vs-arsenal/23-08-1997/1598804
1997/1998,1997-08-23T01:00:00,Tottenham,Derby,https://www.xscores.com/soccer/match/tottenham-vs-derby/23-08-1997/1598805
1997/1998,1997-08-26T01:00:00,Barnsley,Bolton,https://www.xscores.com/soccer/match/barnsley-vs-bolton/26-08-1997/1598807
1997/1998,1997-08-26T01:00:00,Blackburn,Sheffield Wednesday,https://www.xscores.com/soccer/match/blackburn-vs-sheffield-wednesday/26-08-1997/1598808
1997/1998,1997-08-26T01:00:00,AFC Wimbledon,Chelsea,https://www.xscores.com/soccer/match/afc-wimbledon-vs-chelsea/26-08-1997/1598810
1997/1998,1997-08-26T01:00:00,Leeds,Liverpool,https://www.xscores.com/soccer/match/leeds-vs-liverpool/26-08-1997/1598809
1997/1998,1997-08-27T01:00:00,Coventry,West Ham,https://www.xscores.com/soccer/match/coventry-vs-west-ham/27-08-1997/1598812
1997/1998,1997-08-27T01:00:00,Everton,Manchester United,https://www.xscores.com/soccer/match/everton-vs-manchester-united/27-08-1997/1598813
1997/1998,1997-08-27T01:00:00,Leicester,Arsenal,https://www.xscores.com/soccer/match/leicester-vs-arsenal/27-08-1997/1598814
1997/1998,1997-08-27T01:00:00,Southampton,Crystal Palace,https://www.xscores.com/soccer/match/southampton-vs-crystal-palace/27-08-1997/1598815
1997/1998,1997-08-27T01:00:00,Tottenham,Aston Villa,https://www.xscores.com/soccer/match/tottenham-vs-aston-villa/27-08-1997/1598811
1997/1998,1997-08-30T01:00:00,Arsenal,Tottenham,https://www.xscores.com/soccer/match/arsenal-vs-tottenham/30-08-1997/1598816
1997/1998,1997-08-30T01:00:00,Aston Villa,Leeds,https://www.xscores.com/soccer/match/aston-villa-vs-leeds/30-08-1997/1598817
1997/1998,1997-08-30T01:00:00,Bolton,Everton,https://www.xscores.com/soccer/match/bolton-vs-everton/30-08-1997/1598818
1997/1998,1997-08-30T01:00:00,Chelsea,Southampton,https://www.xscores.com/soccer/match/chelsea-vs-southampton/30-08-1997/1598819
1997/1998,1997-08-30T01:00:00,Crystal Palace,Blackburn,https://www.xscores.com/soccer/match/crystal-palace-vs-blackburn/30-08-1997/1598820
1997/1998,1997-08-30T01:00:00,Derby,Barnsley,https://www.xscores.com/soccer/match/derby-vs-barnsley/30-08-1997/1598821
1997/1998,1997-08-30T01:00:00,Liverpool,Newcastle,https://www.xscores.com/soccer/match/liverpool-vs-newcastle/30-08-1997/1598822
1997/1998,1997-08-30T01:00:00,Manchester United,Coventry,https://www.xscores.com/soccer/match/manchester-united-vs-coventry/30-08-1997/1598823
1997/1998,1997-08-30T01:00:00,Sheffield Wednesday,Leicester,https://www.xscores.com/soccer/match/sheffield-wednesday-vs-leicester/30-08-1997/1598824
1997/1998,1997-08-30T01:00:00,West Ham,AFC Wimbledon,https://www.xscores.com/soccer/match/west-ham-vs-afc-wimbledon/30-08-1997/1598825
1997/1998,1997-09-13T01:00:00,Arsenal,Bolton,https://www.xscores.com/soccer/match/arsenal-vs-bolton/13-09-1997/1598826
1997/1998,1997-09-13T01:00:00,Barnsley,Aston Villa,https://www.xscores.com/soccer/match/barnsley-vs-aston-villa/13-09-1997/1598827
1997/1998,1997-09-13T01:00:00,Blackburn,Leeds,https://www.xscores.com/soccer/match/blackburn-vs-leeds/13-09-1997/1598828
1997/1998,1997-09-13T01:00:00,Coventry,Southampton,https://www.xscores.com/soccer/match/coventry-vs-southampton/13-09-1997/1598829
1997/1998,1997-09-13T01:00:00,Crystal Palace,Chelsea,https://www.xscores.com/soccer/match/crystal-palace-vs-chelsea/13-09-1997/1598830
1997/1998,1997-09-13T01:00:00,Derby,Everton,https://www.xscores.com/soccer/match/derby-vs-everton/13-09-1997/1598831
1997/1998,1997-09-13T01:00:00,Leicester,Tottenham,https://www.xscores.com/soccer/match/leicester-vs-tottenham/13-09-1997/1598832
1997/1998,1997-09-13T01:00:00,Liverpool,Sheffield Wednesday,https://www.xscores.com/soccer/match/liverpool-vs-sheffield-wednesday/13-09-1997/1598833
1997/1998,1997-09-13T01:00:00,Manchester United,West Ham,https://www.xscores.com/soccer/match/manchester-united-vs-west-ham/13-09-1997/1598834
1997/1998,1997-09-13T01:00:00,Newcastle,AFC Wimbledon,https://www.xscores.com/soccer/match/newcastle-vs-afc-wimbledon/13-09-1997/1598835
1997/1998,1997-09-20T01:00:00,Aston Villa,Derby,https://www.xscores.com/soccer/match/aston-villa-vs-derby/20-09-1997/1598836
1997/1998,1997-09-20T01:00:00,Bolton,Manchester United,https://www.xscores.com/soccer/match/bolton-vs-manchester-united/20-09-1997/1598837
1997/1998,1997-09-20T01:00:00,Chelsea,Arsenal,https://www.xscores.com/soccer/match/chelsea-vs-arsenal/20-09-1997/1598838
1997/1998,1997-09-20T01:00:00,AFC Wimbledon,Crystal Palace,https://www.xscores.com/soccer/match/afc-wimbledon-vs-crystal-palace/20-09-1997/1598845
1997/1998,1997-09-20T01:00:00,Everton,Barnsley,https://www.xscores.com/soccer/match/everton-vs-barnsley/20-09-1997/1598839
1997/1998,1997-09-20T01:00:00,Leeds,Leicester,https://www.xscores.com/soccer/match/leeds-vs-leicester/20-09-1997/1598841
1997/1998,1997-09-20T01:00:00,Sheffield Wednesday,Coventry,https://www.xscores.com/soccer/match/sheffield-wednesday-vs-coventry/20-09-1997/1598840
1997/1998,1997-09-20T01:00:00,Southampton,Liverpool,https://www.xscores.com/soccer/match/southampton-vs-liverpool/20-09-1997/1598842
1997/1998,1997-09-20T01:00:00,Tottenham,Blackburn,https://www.xscores.com/soccer/match/tottenham-vs-blackburn/20-09-1997/1598843
1997/1998,1997-09-20T01:00:00,West Ham,Newcastle,https://www.xscores.com/soccer/match/west-ham-vs-newcastle/20-09-1997/1598844
1997/1998,1997-09-23T01:00:00,AFC Wimbledon,Barnsley,https://www.xscores.com/soccer/match/afc-wimbledon-vs-barnsley/23-09-1997/1598848
1997/1998,1997-09-23T01:00:00,Arsenal,West Ham,https://www.xscores.com/soccer/match/arsenal-vs-west-ham/23-09-1997/1598846
1997/1998,1997-09-23T01:00:00,Bolton,Tottenham,https://www.xscores.com/soccer/match/bolton-vs-tottenham/23-09-1997/1598847
1997/1998,1997-09-24T01:00:00,Coventry,Crystal Palace,https://www.xscores.com/soccer/match/coventry-vs-crystal-palace/24-09-1997/1598849
1997/1998,1997-09-24T01:00:00,Leicester,Blackburn,https://www.xscores.com/soccer/match/leicester-vs-blackburn/24-09-1997/1598850
1997/1998,1997-09-24T01:00:00,Liverpool,Aston Villa,https://www.xscores.com/soccer/match/liverpool-vs-aston-villa/24-09-1997/1598851
1997/1998,1997-09-24T01:00:00,Manchester United,Chelsea,https://www.xscores.com/soccer/match/manchester-united-vs-chelsea/24-09-1997/1598852
1997/1998,1997-09-24T01:00:00,Newcastle,Everton,https://www.xscores.com/soccer/match/newcastle-vs-everton/24-09-1997/1598853
1997/1998,1997-09-24T01:00:00,Sheffield Wednesday,Derby,https://www.xscores.com/soccer/match/sheffield-wednesday-vs-derby/24-09-1997/1598854
1997/1998,1997-09-24T01:00:00,Southampton,Leeds,https://www.xscores.com/soccer/match/southampton-vs-leeds/24-09-1997/1598855
1997/1998,1997-09-27T01:00:00,Aston Villa,Sheffield Wednesday,https://www.xscores.com/soccer/match/aston-villa-vs-sheffield-wednesday/27-09-1997/1598856
1997/1998,1997-09-27T01:00:00,Barnsley,Leicester,https://www.xscores.com/soccer/match/barnsley-vs-leicester/27-09-1997/1598857
1997/1998,1997-09-27T01:00:00,Blackburn,Coventry,https://www.xscores.com/soccer/match/blackburn-vs-coventry/27-09-1997/1598858
1997/1998,1997-09-27T01:00:00,Chelsea,Newcastle,https://www.xscores.com/soccer/match/chelsea-vs-newcastle/27-09-1997/1598859
1997/1998,1997-09-27T01:00:00,Crystal Palace,Bolton,https://www.xscores.com/soccer/match/crystal-palace-vs-bolton/27-09-1997/1598860
1997/1998,1997-09-27T01:00:00,Derby,Southampton,https://www.xscores.com/soccer/match/derby-vs-southampton/27-09-1997/1598861
1997/1998,1997-09-27T01:00:00,Everton,Arsenal,https://www.xscores.com/soccer/match/everton-vs-arsenal/27-09-1997/1598862
1997/1998,1997-09-27T01:00:00,Leeds,Manchester United,https://www.xscores.com/soccer/match/leeds-vs-manchester-united/27-09-1997/1598863
1997/1998,1997-09-27T01:00:00,Tottenham,AFC Wimbledon,https://www.xscores.com/soccer/match/tottenham-vs-afc-wimbledon/27-09-1997/1598864
1997/1998,1997-09-27T01:00:00,West Ham,Liverpool,https://www.xscores.com/soccer/match/west-ham-vs-liverpool/27-09-1997/1598865
1997/1998,1997-10-04T01:00:00,Arsenal,Barnsley,https://www.xscores.com/soccer/match/arsenal-vs-barnsley/04-10-1997/1598866
1997/1998,1997-10-04T01:00:00,Bolton,Aston Villa,https://www.xscores.com/soccer/match/bolton-vs-aston-villa/04-10-1997/1598867
1997/1998,1997-10-04T01:00:00,Coventry,Leeds,https://www.xscores.com/soccer/match/coventry-vs-leeds/04-10-1997/1598868
1997/1998,1997-10-04T01:00:00,AFC Wimbledon,Blackburn,https://www.xscores.com/soccer/match/afc-wimbledon-vs-blackburn/04-10-1997/1598873
1997/1998,1997-10-04T01:00:00,Leicester,Derby,https://www.xscores.com/soccer/match/leicester-vs-derby/04-10-1997/1598874
1997/1998,1997-10-04T01:00:00,Liverpool,Chelsea,https://www.xscores.com/soccer/match/liverpool-vs-chelsea/04-10-1997/1598869
1997/1998,1997-10-04T01:00:00,Manchester United,Crystal Palace,https://www.xscores.com/soccer/match/manchester-united-vs-crystal-palace/04-10-1997/1598875
1997/1998,1997-10-04T01:00:00,Newcastle,Tottenham,https://www.xscores.com/soccer/match/newcastle-vs-tottenham/04-10-1997/1598870
1997/1998,1997-10-04T01:00:00,Sheffield Wednesday,Everton,https://www.xscores.com/soccer/match/sheffield-wednesday-vs-everton/04-10-1997/1598871
1997/1998,1997-10-04T01:00:00,Southampton,West Ham,https://www.xscores.com/soccer/match/southampton-vs-west-ham/04-10-1997/1598872
1997/1998,1997-10-18T01:00:00,Aston Villa,AFC Wimbledon,https://www.xscores.com/soccer/match/aston-villa-vs-afc-wimbledon/18-10-1997/1598876
1997/1998,1997-10-18T01:00:00,Barnsley,Coventry,https://www.xscores.com/soccer/match/barnsley-vs-coventry/18-10-1997/1598877
1997/1998,1997-10-18T01:00:00,Blackburn,Southampton,https://www.xscores.com/soccer/match/blackburn-vs-southampton/18-10-1997/1598878
1997/1998,1997-10-18T01:00:00,Chelsea,Leicester,https://www.xscores.com/soccer/match/chelsea-vs-leicester/18-10-1997/1598879
1997/1998,1997-10-18T01:00:00,Crystal Palace,Arsenal,https://www.xscores.com/soccer/match/crystal-palace-vs-arsenal/18-10-1997/1598880
1997/1998,1997-10-18T01:00:00,Derby,Manchester United,https://www.xscores.com/soccer/match/derby-vs-manchester-united/18-10-1997/1598881
1997/1998,1997-10-18T01:00:00,Everton,Liverpool,https://www.xscores.com/soccer/match/everton-vs-liverpool/18-10-1997/1598882
1997/1998,1997-10-18T01:00:00,Leeds,Newcastle,https://www.xscores.com/soccer/match/leeds-vs-newcastle/18-10-1997/1598883
1997/1998,1997-10-18T01:00:00,Tottenham,Sheffield Wednesday,https://www.xscores.com/soccer/match/tottenham-vs-sheffield-wednesday/18-10-1997/1598884
1997/1998,1997-10-18T01:00:00,West Ham,Bolton,https://www.xscores.com/soccer/match/west-ham-vs-bolton/18-10-1997/1598885
1997/1998,1997-10-25T01:00:00,Arsenal,Aston Villa,https://www.xscores.com/soccer/match/arsenal-vs-aston-villa/25-10-1997/1598886
1997/1998,1997-10-25T01:00:00,Bolton,Chelsea,https://www.xscores.com/soccer/match/bolton-vs-chelsea/25-10-1997/1598887
1997/1998,1997-10-25T01:00:00,Coventry,Everton,https://www.xscores.com/soccer/match/coventry-vs-everton/25-10-1997/1598888
1997/1998,1997-10-25T01:00:00,AFC Wimbledon,Leeds,https://www.xscores.com/soccer/match/afc-wimbledon-vs-leeds/25-10-1997/1598895
1997/1998,1997-10-25T01:00:00,Leicester,West Ham,https://www.xscores.com/soccer/match/leicester-vs-west-ham/25-10-1997/1598889
1997/1998,1997-10-25T01:00:00,Liverpool,Derby,https://www.xscores.com/soccer/match/liverpool-vs-derby/25-10-1997/1598890
1997/1998,1997-10-25T01:00:00,Manchester United,Barnsley,https://www.xscores.com/soccer/match/manchester-united-vs-barnsley/25-10-1997/1598891
1997/1998,1997-10-25T01:00:00,Newcastle,Blackburn,https://www.xscores.com/soccer/match/newcastle-vs-blackburn/25-10-1997/1598892
1997/1998,1997-10-25T01:00:00,Sheffield Wednesday,Crystal Palace,https://www.xscores.com/soccer/match/sheffield-wednesday-vs-crystal-palace/25-10-1997/1598893
1997/1998,1997-10-25T01:00:00,Southampton,Tottenham,https://www.xscores.com/soccer/match/southampton-vs-tottenham/25-10-1997/1598894
1997/1998,1997-11-01T00:00:00,Aston Villa,Chelsea,https://www.xscores.com/soccer/match/aston-villa-vs-chelsea/01-11-1997/1598896
1997/1998,1997-11-01T00:00:00,Barnsley,Blackburn,https://www.xscores.com/soccer/match/barnsley-vs-blackburn/01-11-1997/1598897
1997/1998,1997-11-01T00:00:00,Bolton,Liverpool,https://www.xscores.com/soccer/match/bolton-vs-liverpool/01-11-1997/1598898
1997/1998,1997-11-01T00:00:00,AFC Wimbledon,Coventry,https://www.xscores.com/soccer/match/afc-wimbledon-vs-coventry/01-11-1997/1598905
1997/1998,1997-11-01T00:00:00,Derby,Arsenal,https://www.xscores.com/soccer/match/derby-vs-arsenal/01-11-1997/1598899
1997/1998,1997-11-01T00:00:00,Everton,Southampton,https://www.xscores.com/soccer/match/everton-vs-southampton/01-11-1997/1598900
1997/1998,1997-11-01T00:00:00,Manchester United,Sheffield Wednesday,https://www.xscores.com/soccer/match/manchester-united-vs-sheffield-wednesday/01-11-1997/1598901
1997/1998,1997-11-01T00:00:00,Newcastle,Leicester,https://www.xscores.com/soccer/match/newcastle-vs-leicester/01-11-1997/1598902
1997/1998,1997-11-01T00:00:00,Tottenham,Leeds,https://www.xscores.com/soccer/match/tottenham-vs-leeds/01-11-1997/1598903
1997/1998,1997-11-01T00:00:00,West Ham,Crystal Palace,https://www.xscores.com/soccer/match/west-ham-vs-crystal-palace/01-11-1997/1598904
1997/1998,1997-11-08T00:00:00,Arsenal,Manchester United,https://www.xscores.com/soccer/match/arsenal-vs-manchester-united/08-11-1997/1598906
1997/1998,1997-11-08T00:00:00,Blackburn,Everton,https://www.xscores.com/soccer/match/blackburn-vs-everton/08-11-1997/1598907
1997/1998,1997-11-08T00:00:00,Chelsea,West Ham,https://www.xscores.com/soccer/match/chelsea-vs-west-ham/08-11-1997/1598908
1997/1998,1997-11-08T00:00:00,Coventry,Newcastle,https://www.xscores.com/soccer/match/coventry-vs-newcastle/08-11-1997/1598909
1997/1998,1997-11-08T00:00:00,Crystal Palace,Aston Villa,https://www.xscores.com/soccer/match/crystal-palace-vs-aston-villa/08-11-1997/1598910
1997/1998,1997-11-08T00:00:00,Leeds,Derby,https://www.xscores.com/soccer/match/leeds-vs-derby/08-11-1997/1598911
1997/1998,1997-11-08T00:00:00,Leicester,AFC Wimbledon,https://www.xscores.com/soccer/match/leicester-vs-afc-wimbledon/08-11-1997/1598912
1997/1998,1997-11-08T00:00:00,Liverpool,Tottenham,https://www.xscores.com/soccer/match/liverpool-vs-tottenham/08-11-1997/1598913
1997/1998,1997-11-08T00:00:00,Sheffield Wednesday,Bolton,https://www.xscores.com/soccer/match/sheffield-wednesday-vs-bolton/08-11-1997/1598914
1997/1998,1997-11-08T00:00:00,Southampton,Barnsley,https://www.xscores.com/soccer/match/southampton-vs-barnsley/08-11-1997/1598915
1997/1998,1997-11-22T00:00:00,Aston Villa,Everton,https://www.xscores.com/soccer/match/aston-villa-vs-everton/22-11-1997/1598916
1997/1998,1997-11-22T00:00:00,Blackburn,Chelsea,https://www.xscores.com/soccer/match/blackburn-vs-chelsea/22-11-1997/1598917
1997/1998,1997-11-22T00:00:00,Derby,Coventry,https://www.xscores.com/soccer/match/derby-vs-coventry/22-11-1997/1598918
1997/1998,1997-11-22T00:00:00,AFC Wimbledon,Manchester United,https://www.xscores.com/soccer/match/afc-wimbledon-vs-manchester-united/22-11-1997/1598925
1997/1998,1997-11-22T00:00:00,Leeds,West Ham,https://www.xscores.com/soccer/match/leeds-vs-west-ham/22-11-1997/1598919
1997/1998,1997-11-22T00:00:00,Leicester,Bolton,https://www.xscores.com/soccer/match/leicester-vs-bolton/22-11-1997/1598920
1997/1998,1997-11-22T00:00:00,Liverpool,Barnsley,https://www.xscores.com/soccer/match/liverpool-vs-barnsley/22-11-1997/1598921
1997/1998,1997-11-22T00:00:00,Newcastle,Southampton,https://www.xscores.com/soccer/match/newcastle-vs-southampton/22-11-1997/1598922
1997/1998,1997-11-22T00:00:00,Sheffield Wednesday,Arsenal,https://www.xscores.com/soccer/match/sheffield-wednesday-vs-arsenal/22-11-1997/1598923
1997/1998,1997-11-22T00:00:00,Tottenham,Crystal Palace,https://www.xscores.com/soccer/match/tottenham-vs-crystal-palace/22-11-1997/1598924
1997/1998,1997-11-26T00:00:00,Chelsea,Everton,https://www.xscores.com/soccer/match/chelsea-vs-everton/26-11-1997/1598926
1997/1998,1997-11-29T00:00:00,Arsenal,Liverpool,https://www.xscores.com/soccer/match/arsenal-vs-liverpool/29-11-1997/1598927
1997/1998,1997-11-29T00:00:00,Barnsley,Leeds,https://www.xscores.com/soccer/match/barnsley-vs-leeds/29-11-1997/1598928
1997/1998,1997-11-29T00:00:00,Bolton,AFC Wimbledon,https://www.xscores.com/soccer/match/bolton-vs-afc-wimbledon/29-11-1997/1598929
1997/1998,1997-11-29T00:00:00,Chelsea,Derby,https://www.xscores.com/soccer/match/chelsea-vs-derby/29-11-1997/1598930
1997/1998,1997-11-29T00:00:00,Coventry,Leicester,https://www.xscores.com/soccer/match/coventry-vs-leicester/29-11-1997/1598931
1997/1998,1997-11-29T00:00:00,Crystal Palace,Newcastle,https://www.xscores.com/soccer/match/crystal-palace-vs-newcastle/29-11-1997/1598932
1997/1998,1997-11-29T00:00:00,Everton,Tottenham,https://www.xscores.com/soccer/match/everton-vs-tottenham/29-11-1997/1598933
1997/1998,1997-11-29T00:00:00,Manchester United,Blackburn,https://www.xscores.com/soccer/match/manchester-united-vs-blackburn/29-11-1997/1598934
1997/1998,1997-11-29T00:00:00,Southampton,Sheffield Wednesday,https://www.xscores.com/soccer/match/southampton-vs-sheffield-wednesday/29-11-1997/1598935
1997/1998,1997-11-29T00:00:00,West Ham,Aston Villa,https://www.xscores.com/soccer/match/west-ham-vs-aston-villa/29-11-1997/1598936
1997/1998,1997-12-02T00:00:00,Bolton,Newcastle,https://www.xscores.com/soccer/match/bolton-vs-newcastle/02-12-1997/1598937
1997/1998,1997-12-06T00:00:00,Aston Villa,Coventry,https://www.xscores.com/soccer/match/aston-villa-vs-coventry/06-12-1997/1598938
1997/1998,1997-12-06T00:00:00,AFC Wimbledon,Southampton,https://www.xscores.com/soccer/match/afc-wimbledon-vs-southampton/06-12-1997/1598947
1997/1998,1997-12-06T00:00:00,Blackburn,Bolton,https://www.xscores.com/soccer/match/blackburn-vs-bolton/06-12-1997/1598939
1997/1998,1997-12-06T00:00:00,Derby,West Ham,https://www.xscores.com/soccer/match/derby-vs-west-ham/06-12-1997/1598940
1997/1998,1997-12-06T00:00:00,Leeds,Everton,https://www.xscores.com/soccer/match/leeds-vs-everton/06-12-1997/1598941
1997/1998,1997-12-06T00:00:00,Leicester,Crystal Palace,https://www.xscores.com/soccer/match/leicester-vs-crystal-palace/06-12-1997/1598942
1997/1998,1997-12-06T00:00:00,Liverpool,Manchester United,https://www.xscores.com/soccer/match/liverpool-vs-manchester-united/06-12-1997/1598943
1997/1998,1997-12-06T00:00:00,Newcastle,Arsenal,https://www.xscores.com/soccer/match/newcastle-vs-arsenal/06-12-1997/1598944
1997/1998,1997-12-06T00:00:00,Sheffield Wednesday,Barnsley,https://www.xscores.com/soccer/match/sheffield-wednesday-vs-barnsley/06-12-1997/1598945
1997/1998,1997-12-06T00:00:00,Tottenham,Chelsea,https://www.xscores.com/soccer/match/tottenham-vs-chelsea/06-12-1997/1598946
1997/1998,1997-12-13T00:00:00,Arsenal,Blackburn,https://www.xscores.com/soccer/match/arsenal-vs-blackburn/13-12-1997/1598948
1997/1998,1997-12-13T00:00:00,Barnsley,Newcastle,https://www.xscores.com/soccer/match/barnsley-vs-newcastle/13-12-1997/1598949
1997/1998,1997-12-13T00:00:00,Bolton,Derby,https://www.xscores.com/soccer/match/bolton-vs-derby/13-12-1997/1598950
1997/1998,1997-12-13T00:00:00,Chelsea,Leeds,https://www.xscores.com/soccer/match/chelsea-vs-leeds/13-12-1997/1598951
1997/1998,1997-12-13T00:00:00,Coventry,Tottenham,https://www.xscores.com/soccer/match/coventry-vs-tottenham/13-12-1997/1598952
1997/1998,1997-12-13T00:00:00,Crystal Palace,Liverpool,https://www.xscores.com/soccer/match/crystal-palace-vs-liverpool/13-12-1997/1598953
1997/1998,1997-12-13T00:00:00,Everton,AFC Wimbledon,https://www.xscores.com/soccer/match/everton-vs-afc-wimbledon/13-12-1997/1598954
1997/1998,1997-12-13T00:00:00,Southampton,Leicester,https://www.xscores.com/soccer/match/southampton-vs-leicester/13-12-1997/1598955
1997/1998,1997-12-13T00:00:00,West Ham,Sheffield Wednesday,https://www.xscores.com/soccer/match/west-ham-vs-sheffield-wednesday/13-12-1997/1598956
1997/1998,1997-12-15T00:00:00,Manchester United,Aston Villa,https://www.xscores.com/soccer/match/manchester-united-vs-aston-villa/15-12-1997/1598957
1997/1998,1997-12-17T00:00:00,Newcastle,Derby,https://www.xscores.com/soccer/match/newcastle-vs-derby/17-12-1997/1598958
1997/1998,1997-12-20T00:00:00,AFC Wimbledon,Arsenal,https://www.xscores.com/soccer/match/afc-wimbledon-vs-arsenal/20-12-1997/1598967
1997/1998,1997-12-20T00:00:00,Aston Villa,Southampton,https://www.xscores.com/soccer/match/aston-villa-vs-southampton/20-12-1997/1598959
1997/1998,1997-12-20T00:00:00,Blackburn,West Ham,https://www.xscores.com/soccer/match/blackburn-vs-west-ham/20-12-1997/1598960
1997/1998,1997-12-20T00:00:00,Derby,Crystal Palace,https://www.xscores.com/soccer/match/derby-vs-crystal-palace/20-12-1997/1598961
1997/1998,1997-12-20T00:00:00,Leeds,Bolton,https://www.xscores.com/soccer/match/leeds-vs-bolton/20-12-1997/1598962
1997/1998,1997-12-20T00:00:00,Leicester,Everton,https://www.xscores.com/soccer/match/leicester-vs-everton/20-12-1997/1598963
1997/1998,1997-12-20T00:00:00,Liverpool,Coventry,https://www.xscores.com/soccer/match/liverpool-vs-coventry/20-12-1997/1598964
1997/1998,1997-12-20T00:00:00,Sheffield Wednesday,Chelsea,https://www.xscores.com/soccer/match/sheffield-wednesday-vs-chelsea/20-12-1997/1598965
1997/1998,1997-12-20T00:00:00,Tottenham,Barnsley,https://www.xscores.com/soccer/match/tottenham-vs-barnsley/20-12-1997/1598966
1997/1998,1997-12-21T00:00:00,Newcastle,Manchester United,https://www.xscores.com/soccer/match/newcastle-vs-manchester-united/21-12-1997/1598968
1997/1998,1997-12-26T00:00:00,Arsenal,Leicester,https://www.xscores.com/soccer/match/arsenal-vs-leicester/26-12-1997/1598969
1997/1998,1997-12-26T00:00:00,Aston Villa,Tottenham,https://www.xscores.com/soccer/match/aston-villa-vs-tottenham/26-12-1997/1598970
1997/1998,1997-12-26T00:00:00,Bolton,Barnsley,https://www.xscores.com/soccer/match/bolton-vs-barnsley/26-12-1997/1598971
1997/1998,1997-12-26T00:00:00,Chelsea,AFC Wimbledon,https://www.xscores.com/soccer/match/chelsea-vs-afc-wimbledon/26-12-1997/1598972
1997/1998,1997-12-26T00:00:00,Crystal Palace,Southampton,https://www.xscores.com/soccer/match/crystal-palace-vs-southampton/26-12-1997/1598973
1997/1998,1997-12-26T00:00:00,Derby,Newcastle,https://www.xscores.com/soccer/match/derby-vs-newcastle/26-12-1997/1598974
1997/1998,1997-12-26T00:00:00,Liverpool,Leeds,https://www.xscores.com/soccer/match/liverpool-vs-leeds/26-12-1997/1598975
1997/1998,1997-12-26T00:00:00,Manchester United,Everton,https://www.xscores.com/soccer/match/manchester-united-vs-everton/26-12-1997/1598976
1997/1998,1997-12-26T00:00:00,Sheffield Wednesday,Blackburn,https://www.xscores.com/soccer/match/sheffield-wednesday-vs-blackburn/26-12-1997/1598977
1997/1998,1997-12-26T00:00:00,West Ham,Coventry,https://www.xscores.com/soccer/match/west-ham-vs-coventry/26-12-1997/1598978
1997/1998,1997-12-28T00:00:00,AFC Wimbledon,West Ham,https://www.xscores.com/soccer/match/afc-wimbledon-vs-west-ham/28-12-1997/1598988
1997/1998,1997-12-28T00:00:00,Barnsley,Derby,https://www.xscores.com/soccer/match/barnsley-vs-derby/28-12-1997/1598979
1997/1998,1997-12-28T00:00:00,Blackburn,Crystal Palace,https://www.xscores.com/soccer/match/blackburn-vs-crystal-palace/28-12-1997/1598980
1997/1998,1997-12-28T00:00:00,Coventry,Manchester United,https://www.xscores.com/soccer/match/coventry-vs-manchester-united/28-12-1997/1598981
1997/1998,1997-12-28T00:00:00,Everton,Bolton,https://www.xscores.com/soccer/match/everton-vs-bolton/28-12-1997/1598982
1997/1998,1997-12-28T00:00:00,Leeds,Aston Villa,https://www.xscores.com/soccer/match/leeds-vs-aston-villa/28-12-1997/1598983
1997/1998,1997-12-28T00:00:00,Leicester,Sheffield Wednesday,https://www.xscores.com/soccer/match/leicester-vs-sheffield-wednesday/28-12-1997/1598984
1997/1998,1997-12-28T00:00:00,Newcastle,Liverpool,https://www.xscores.com/soccer/match/newcastle-vs-liverpool/28-12-1997/1598985
1997/1998,1997-12-28T00:00:00,Southampton,Chelsea,https://www.xscores.com/soccer/match/southampton-vs-chelsea/28-12-1997/1598986
1997/1998,1997-12-28T00:00:00,Tottenham,Arsenal,https://www.xscores.com/soccer/match/tottenham-vs-arsenal/28-12-1997/1598987
1997/1998,1998-01-10T00:00:00,Arsenal,Leeds,https://www.xscores.com/soccer/match/arsenal-vs-leeds/10-01-1998/1598989
1997/1998,1998-01-10T00:00:00,Aston Villa,Leicester,https://www.xscores.com/soccer/match/aston-villa-vs-leicester/10-01-1998/1598990
1997/1998,1998-01-10T00:00:00,Bolton,Southampton,https://www.xscores.com/soccer/match/bolton-vs-southampton/10-01-1998/1598991
1997/1998,1998-01-10T00:00:00,Chelsea,Coventry,https://www.xscores.com/soccer/match/chelsea-vs-coventry/10-01-1998/1598992
1997/1998,1998-01-10T00:00:00,Crystal Palace,Everton,https://www.xscores.com/soccer/match/crystal-palace-vs-everton/10-01-1998/1598993
1997/1998,1998-01-10T00:00:00,Derby,Blackburn,https://www.xscores.com/soccer/match/derby-vs-blackburn/10-01-1998/1598994
1997/1998,1998-01-10T00:00:00,Liverpool,AFC Wimbledon,https://www.xscores.com/soccer/match/liverpool-vs-afc-wimbledon/10-01-1998/1598995
1997/1998,1998-01-10T00:00:00,Manchester United,Tottenham,https://www.xscores.com/soccer/match/manchester-united-vs-tottenham/10-01-1998/1598996
1997/1998,1998-01-10T00:00:00,Sheffield Wednesday,Newcastle,https://www.xscores.com/soccer/match/sheffield-wednesday-vs-newcastle/10-01-1998/1598997
1997/1998,1998-01-10T00:00:00,West Ham,Barnsley,https://www.xscores.com/soccer/match/west-ham-vs-barnsley/10-01-1998/1598998
1997/1998,1998-01-17T00:00:00,AFC Wimbledon,Derby,https://www.xscores.com/soccer/match/afc-wimbledon-vs-derby/17-01-1998/1599008
1997/1998,1998-01-17T00:00:00,Barnsley,Crystal Palace,https://www.xscores.com/soccer/match/barnsley-vs-crystal-palace/17-01-1998/1598999
1997/1998,1998-01-17T00:00:00,Blackburn,Aston Villa,https://www.xscores.com/soccer/match/blackburn-vs-aston-villa/17-01-1998/1599000
1997/1998,1998-01-17T00:00:00,Coventry,Arsenal,https://www.xscores.com/soccer/match/coventry-vs-arsenal/17-01-1998/1599001
1997/1998,1998-01-17T00:00:00,Everton,Chelsea,https://www.xscores.com/soccer/match/everton-vs-chelsea/17-01-1998/1599002
1997/1998,1998-01-17T00:00:00,Leeds,Sheffield Wednesday,https://www.xscores.com/soccer/match/leeds-vs-sheffield-wednesday/17-01-1998/1599003
1997/1998,1998-01-17T00:00:00,Leicester,Liverpool,https://www.xscores.com/soccer/match/leicester-vs-liverpool/17-01-1998/1599004
1997/1998,1998-01-17T00:00:00,Newcastle,Bolton,https://www.xscores.com/soccer/match/newcastle-vs-bolton/17-01-1998/1599005
1997/1998,1998-01-17T00:00:00,Southampton,Manchester United,https://www.xscores.com/soccer/match/southampton-vs-manchester-united/17-01-1998/1599006
1997/1998,1998-01-17T00:00:00,Tottenham,West Ham,https://www.xscores.com/soccer/match/tottenham-vs-west-ham/17-01-1998/1599007
1997/1998,1998-01-31T00:00:00,Arsenal,Southampton,https://www.xscores.com/soccer/match/arsenal-vs-southampton/31-01-1998/1599009
1997/1998,1998-01-31T00:00:00,Aston Villa,Newcastle,https://www.xscores.com/soccer/match/aston-villa-vs-newcastle/31-01-1998/1599010
1997/1998,1998-01-31T00:00:00,Bolton,Coventry,https://www.xscores.com/soccer/match/bolton-vs-coventry/31-01-1998/1599011
1997/1998,1998-01-31T00:00:00,Chelsea,Barnsley,https://www.xscores.com/soccer/match/chelsea-vs-barnsley/31-01-1998/1599012
1997/1998,1998-01-31T00:00:00,Crystal Palace,Leeds,https://www.xscores.com/soccer/match/crystal-palace-vs-leeds/31-01-1998/1599013
1997/1998,1998-01-31T00:00:00,Derby,Tottenham,https://www.xscores.com/soccer/match/derby-vs-tottenham/31-01-1998/1599014
1997/1998,1998-01-31T00:00:00,Liverpool,Blackburn,https://www.xscores.com/soccer/match/liverpool-vs-blackburn/31-01-1998/1599015
1997/1998,1998-01-31T00:00:00,Manchester United,Leicester,https://www.xscores.com/soccer/match/manchester-united-vs-leicester/31-01-1998/1599016
1997/1998,1998-01-31T00:00:00,Sheffield Wednesday,AFC Wimbledon,https://www.xscores.com/soccer/match/sheffield-wednesday-vs-afc-wimbledon/31-01-1998/1599017
1997/1998,1998-01-31T00:00:00,West Ham,Everton,https://www.xscores.com/soccer/match/west-ham-vs-everton/31-01-1998/1599018
1997/1998,1998-02-07T00:00:00,Arsenal,Chelsea,https://www.xscores.com/soccer/match/arsenal-vs-chelsea/07-02-1998/1599019
1997/1998,1998-02-07T00:00:00,Barnsley,Everton,https://www.xscores.com/soccer/match/barnsley-vs-everton/07-02-1998/1599020
1997/1998,1998-02-07T00:00:00,Blackburn,Tottenham,https://www.xscores.com/soccer/match/blackburn-vs-tottenham/07-02-1998/1599021
1997/1998,1998-02-07T00:00:00,Coventry,Sheffield Wednesday,https://www.xscores.com/soccer/match/coventry-vs-sheffield-wednesday/07-02-1998/1599022
1997/1998,1998-02-07T00:00:00,Crystal Palace,AFC Wimbledon,https://www.xscores.com/soccer/match/crystal-palace-vs-afc-wimbledon/07-02-1998/1599023
1997/1998,1998-02-07T00:00:00,Derby,Aston Villa,https://www.xscores.com/soccer/match/derby-vs-aston-villa/07-02-1998/1599024
1997/1998,1998-02-07T00:00:00,Leicester,Leeds,https://www.xscores.com/soccer/match/leicester-vs-leeds/07-02-1998/1599025
1997/1998,1998-02-07T00:00:00,Liverpool,Southampton,https://www.xscores.com/soccer/match/liverpool-vs-southampton/07-02-1998/1599026
1997/1998,1998-02-07T00:00:00,Manchester United,Bolton,https://www.xscores.com/soccer/match/manchester-united-vs-bolton/07-02-1998/1599027
1997/1998,1998-02-07T00:00:00,Newcastle,West Ham,https://www.xscores.com/soccer/match/newcastle-vs-west-ham/07-02-1998/1599028
1997/1998,1998-02-14T00:00:00,AFC Wimbledon,Newcastle,https://www.xscores.com/soccer/match/afc-wimbledon-vs-newcastle/14-02-1998/1599038
1997/1998,1998-02-14T00:00:00,Aston Villa,Barnsley,https://www.xscores.com/soccer/match/aston-villa-vs-barnsley/14-02-1998/1599029
1997/1998,1998-02-14T00:00:00,Bolton,Arsenal,https://www.xscores.com/soccer/match/bolton-vs-arsenal/14-02-1998/1599030
1997/1998,1998-02-14T00:00:00,Chelsea,Crystal Palace,https://www.xscores.com/soccer/match/chelsea-vs-crystal-palace/14-02-1998/1599031
1997/1998,1998-02-14T00:00:00,Everton,Derby,https://www.xscores.com/soccer/match/everton-vs-derby/14-02-1998/1599032
1997/1998,1998-02-14T00:00:00,Leeds,Blackburn,https://www.xscores.com/soccer/match/leeds-vs-blackburn/14-02-1998/1599033
1997/1998,1998-02-14T00:00:00,Sheffield Wednesday,Liverpool,https://www.xscores.com/soccer/match/sheffield-wednesday-vs-liverpool/14-02-1998/1599034
1997/1998,1998-02-14T00:00:00,Southampton,Coventry,https://www.xscores.com/soccer/match/southampton-vs-coventry/14-02-1998/1599035
1997/1998,1998-02-14T00:00:00,Tottenham,Leicester,https://www.xscores.com/soccer/match/tottenham-vs-leicester/14-02-1998/1599036
1997/1998,1998-02-14T00:00:00,West Ham,Manchester United,https://www.xscores.com/soccer/match/west-ham-vs-manchester-united/14-02-1998/1599037
1997/1998,1998-02-21T00:00:00,AFC Wimbledon,Aston Villa,https://www.xscores.com/soccer/match/afc-wimbledon-vs-aston-villa/21-02-1998/1599048
1997/1998,1998-02-21T00:00:00,Arsenal,Crystal Palace,https://www.xscores.com/soccer/match/arsenal-vs-crystal-palace/21-02-1998/1599039
1997/1998,1998-02-21T00:00:00,Bolton,West Ham,https://www.xscores.com/soccer/match/bolton-vs-west-ham/21-02-1998/1599040
1997/1998,1998-02-21T00:00:00,Coventry,Barnsley,https://www.xscores.com/soccer/match/coventry-vs-barnsley/21-02-1998/1599041
1997/1998,1998-02-21T00:00:00,Leicester,Chelsea,https://www.xscores.com/soccer/match/leicester-vs-chelsea/21-02-1998/1599042
1997/1998,1998-02-21T00:00:00,Liverpool,Everton,https://www.xscores.com/soccer/match/liverpool-vs-everton/21-02-1998/1599043
1997/1998,1998-02-21T00:00:00,Manchester United,Derby,https://www.xscores.com/soccer/match/manchester-united-vs-derby/21-02-1998/1599044
1997/1998,1998-02-21T00:00:00,Newcastle,Leeds,https://www.xscores.com/soccer/match/newcastle-vs-leeds/21-02-1998/1599045
1997/1998,1998-02-21T00:00:00,Sheffield Wednesday,Tottenham,https://www.xscores.com/soccer/match/sheffield-wednesday-vs-tottenham/21-02-1998/1599046
1997/1998,1998-02-21T00:00:00,Southampton,Blackburn,https://www.xscores.com/soccer/match/southampton-vs-blackburn/21-02-1998/1599047
1997/1998,1998-02-28T00:00:00,Aston Villa,Liverpool,https://www.xscores.com/soccer/match/aston-villa-vs-liverpool/28-02-1998/1599049
1997/1998,1998-02-28T00:00:00,Barnsley,AFC Wimbledon,https://www.xscores.com/soccer/match/barnsley-vs-afc-wimbledon/28-02-1998/1599050
1997/1998,1998-02-28T00:00:00,Blackburn,Leicester,https://www.xscores.com/soccer/match/blackburn-vs-leicester/28-02-1998/1599051
1997/1998,1998-02-28T00:00:00,Chelsea,Manchester United,https://www.xscores.com/soccer/match/chelsea-vs-manchester-united/28-02-1998/1599052
1997/1998,1998-02-28T00:00:00,Crystal Palace,Coventry,https://www.xscores.com/soccer/match/crystal-palace-vs-coventry/28-02-1998/1599053
1997/1998,1998-02-28T00:00:00,Derby,Sheffield Wednesday,https://www.xscores.com/soccer/match/derby-vs-sheffield-wednesday/28-02-1998/1599054
1997/1998,1998-02-28T00:00:00,Everton,Newcastle,https://www.xscores.com/soccer/match/everton-vs-newcastle/28-02-1998/1599055
1997/1998,1998-02-28T00:00:00,Leeds,Southampton,https://www.xscores.com/soccer/match/leeds-vs-southampton/28-02-1998/1599056
1997/1998,1998-02-28T00:00:00,Tottenham,Bolton,https://www.xscores.com/soccer/match/tottenham-vs-bolton/28-02-1998/1599057
1997/1998,1998-02-28T00:00:00,West Ham,Arsenal,https://www.xscores.com/soccer/match/west-ham-vs-arsenal/28-02-1998/1599058
1997/1998,1998-03-07T00:00:00,Arsenal,Derby,https://www.xscores.com/soccer/match/arsenal-vs-derby/07-03-1998/1599067
1997/1998,1998-03-07T00:00:00,Blackburn,Barnsley,https://www.xscores.com/soccer/match/blackburn-vs-barnsley/07-03-1998/1599059
1997/1998,1998-03-07T00:00:00,Chelsea,Aston Villa,https://www.xscores.com/soccer/match/chelsea-vs-aston-villa/07-03-1998/1599060
1997/1998,1998-03-07T00:00:00,Coventry,AFC Wimbledon,https://www.xscores.com/soccer/match/coventry-vs-afc-wimbledon/07-03-1998/1599061
1997/1998,1998-03-07T00:00:00,Leeds,Tottenham,https://www.xscores.com/soccer/match/leeds-vs-tottenham/07-03-1998/1599062
1997/1998,1998-03-07T00:00:00,Leicester,Newcastle,https://www.xscores.com/soccer/match/leicester-vs-newcastle/07-03-1998/1599063
1997/1998,1998-03-07T00:00:00,Liverpool,Bolton,https://www.xscores.com/soccer/match/liverpool-vs-bolton/07-03-1998/1599064
1997/1998,1998-03-07T00:00:00,Sheffield Wednesday,Manchester United,https://www.xscores.com/soccer/match/sheffield-wednesday-vs-manchester-united/07-03-1998/1599065
1997/1998,1998-03-07T00:00:00,Southampton,Everton,https://www.xscores.com/soccer/match/southampton-vs-everton/07-03-1998/1599066
1997/1998,1998-03-14T00:00:00,Aston Villa,Crystal Palace,https://www.xscores.com/soccer/match/aston-villa-vs-crystal-palace/14-03-1998/1599068
1997/1998,1998-03-14T00:00:00,AFC Wimbledon,Leicester,https://www.xscores.com/soccer/match/afc-wimbledon-vs-leicester/14-03-1998/1599077
1997/1998,1998-03-14T00:00:00,Barnsley,Southampton,https://www.xscores.com/soccer/match/barnsley-vs-southampton/14-03-1998/1599069
1997/1998,1998-03-14T00:00:00,Bolton,Sheffield Wednesday,https://www.xscores.com/soccer/match/bolton-vs-sheffield-wednesday/14-03-1998/1599070
1997/1998,1998-03-14T00:00:00,Derby,Leeds,https://www.xscores.com/soccer/match/derby-vs-leeds/14-03-1998/1599071
1997/1998,1998-03-14T00:00:00,Everton,Blackburn,https://www.xscores.com/soccer/match/everton-vs-blackburn/14-03-1998/1599072
1997/1998,1998-03-14T00:00:00,Manchester United,Arsenal,https://www.xscores.com/soccer/match/manchester-united-vs-arsenal/14-03-1998/1599073
1997/1998,1998-03-14T00:00:00,Newcastle,Coventry,https://www.xscores.com/soccer/match/newcastle-vs-coventry/14-03-1998/1599074
1997/1998,1998-03-14T00:00:00,Tottenham,Liverpool,https://www.xscores.com/soccer/match/tottenham-vs-liverpool/14-03-1998/1599075
1997/1998,1998-03-14T00:00:00,West Ham,Chelsea,https://www.xscores.com/soccer/match/west-ham-vs-chelsea/14-03-1998/1599076
1997/1998,1998-03-18T00:00:00,Newcastle,Crystal Palace,https://www.xscores.com/soccer/match/newcastle-vs-crystal-palace/18-03-1998/1599078
1997/1998,1998-03-28T00:00:00,Arsenal,Sheffield Wednesday,https://www.xscores.com/soccer/match/arsenal-vs-sheffield-wednesday/28-03-1998/1599079
1997/1998,1998-03-28T00:00:00,Barnsley,Liverpool,https://www.xscores.com/soccer/match/barnsley-vs-liverpool/28-03-1998/1599080
1997/1998,1998-03-28T00:00:00,Bolton,Leicester,https://www.xscores.com/soccer/match/bolton-vs-leicester/28-03-1998/1599081
1997/1998,1998-03-28T00:00:00,Chelsea,Blackburn,https://www.xscores.com/soccer/match/chelsea-vs-blackburn/28-03-1998/1599082
1997/1998,1998-03-28T00:00:00,Coventry,Derby,https://www.xscores.com/soccer/match/coventry-vs-derby/28-03-1998/1599083
1997/1998,1998-03-28T00:00:00,Crystal Palace,Tottenham,https://www.xscores.com/soccer/match/crystal-palace-vs-tottenham/28-03-1998/1599084
1997/1998,1998-03-28T00:00:00,Everton,Aston Villa,https://www.xscores.com/soccer/match/everton-vs-aston-villa/28-03-1998/1599085
1997/1998,1998-03-28T00:00:00,Manchester United,AFC Wimbledon,https://www.xscores.com/soccer/match/manchester-united-vs-afc-wimbledon/28-03-1998/1599086
1997/1998,1998-03-28T00:00:00,Southampton,Newcastle,https://www.xscores.com/soccer/match/southampton-vs-newcastle/28-03-1998/1599087
1997/1998,1998-03-28T00:00:00,West Ham,Leeds,https://www.xscores.com/soccer/match/west-ham-vs-leeds/28-03-1998/1599088
1997/1998,1998-04-04T01:00:00,AFC Wimbledon,Bolton,https://www.xscores.com/soccer/match/afc-wimbledon-vs-bolton/04-04-1998/1599093
1997/1998,1998-04-04T01:00:00,Aston Villa,West Ham,https://www.xscores.com/soccer/match/aston-villa-vs-west-ham/04-04-1998/1599089
1997/1998,1998-04-04T01:00:00,Derby,Chelsea,https://www.xscores.com/soccer/match/derby-vs-chelsea/04-04-1998/1599090
1997/1998,1998-04-04T01:00:00,Leeds,Barnsley,https://www.xscores.com/soccer/match/leeds-vs-barnsley/04-04-1998/1599091
1997/1998,1998-04-04T01:00:00,Leicester,Coventry,https://www.xscores.com/soccer/match/leicester-vs-coventry/04-04-1998/1599094
1997/1998,1998-04-04T01:00:00,Sheffield Wednesday,Southampton,https://www.xscores.com/soccer/match/sheffield-wednesday-vs-southampton/04-04-1998/1599092
1997/1998,1998-04-04T01:00:00,Tottenham,Everton,https://www.xscores.com/soccer/match/tottenham-vs-everton/04-04-1998/1599095
1997/1998,1998-04-06T01:00:00,Blackburn,Manchester United,https://www.xscores.com/soccer/match/blackburn-vs-manchester-united/06-04-1998/1599096
1997/1998,1998-04-11T01:00:00,Arsenal,Newcastle,https://www.xscores.com/soccer/match/arsenal-vs-newcastle/11-04-1998/1599097
1997/1998,1998-04-11T01:00:00,Barnsley,Sheffield Wednesday,https://www.xscores.com/soccer/match/barnsley-vs-sheffield-wednesday/11-04-1998/1599098
1997/1998,1998-04-11T01:00:00,Bolton,Blackburn,https://www.xscores.com/soccer/match/bolton-vs-blackburn/11-04-1998/1599099
1997/1998,1998-04-11T01:00:00,Chelsea,Tottenham,https://www.xscores.com/soccer/match/chelsea-vs-tottenham/11-04-1998/1599100
1997/1998,1998-04-11T01:00:00,Coventry,Aston Villa,https://www.xscores.com/soccer/match/coventry-vs-aston-villa/11-04-1998/1599101
1997/1998,1998-04-11T01:00:00,Crystal Palace,Leicester,https://www.xscores.com/soccer/match/crystal-palace-vs-leicester/11-04-1998/1599102
1997/1998,1998-04-11T01:00:00,Everton,Leeds,https://www.xscores.com/soccer/match/everton-vs-leeds/11-04-1998/1599103
1997/1998,1998-04-11T01:00:00,Manchester United,Liverpool,https://www.xscores.com/soccer/match/manchester-united-vs-liverpool/11-04-1998/1599104
1997/1998,1998-04-11T01:00:00,Southampton,AFC Wimbledon,https://www.xscores.com/soccer/match/southampton-vs-afc-wimbledon/11-04-1998/1599105
1997/1998,1998-04-11T01:00:00,West Ham,Derby,https://www.xscores.com/soccer/match/west-ham-vs-derby/11-04-1998/1599106
1997/1998,1998-04-13T01:00:00,Aston Villa,Manchester United,https://www.xscores.com/soccer/match/aston-villa-vs-manchester-united/13-04-1998/1599107
1997/1998,1998-04-13T01:00:00,Blackburn,Arsenal,https://www.xscores.com/soccer/match/blackburn-vs-arsenal/13-04-1998/1599108
1997/1998,1998-04-13T01:00:00,AFC Wimbledon,Everton,https://www.xscores.com/soccer/match/afc-wimbledon-vs-everton/13-04-1998/1599115
1997/1998,1998-04-13T01:00:00,Derby,Bolton,https://www.xscores.com/soccer/match/derby-vs-bolton/13-04-1998/1599109
1997/1998,1998-04-13T01:00:00,Leeds,Chelsea,https://www.xscores.com/soccer/match/leeds-vs-chelsea/13-04-1998/1599110
1997/1998,1998-04-13T01:00:00,Leicester,Southampton,https://www.xscores.com/soccer/match/leicester-vs-southampton/13-04-1998/1599111
1997/1998,1998-04-13T01:00:00,Liverpool,Crystal Palace,https://www.xscores.com/soccer/match/liverpool-vs-crystal-palace/13-04-1998/1599112
1997/1998,1998-04-13T01:00:00,Newcastle,Barnsley,https://www.xscores.com/soccer/match/newcastle-vs-barnsley/13-04-1998/1599113
1997/1998,1998-04-13T01:00:00,Sheffield Wednesday,West Ham,https://www.xscores.com/soccer/match/sheffield-wednesday-vs-west-ham/13-04-1998/1599114
1997/1998,1998-04-13T01:00:00,Tottenham,Coventry,https://www.xscores.com/soccer/match/tottenham-vs-coventry/13-04-1998/1599116
1997/1998,1998-04-18T01:00:00,Arsenal,AFC Wimbledon,https://www.xscores.com/soccer/match/arsenal-vs-afc-wimbledon/18-04-1998/1599117
1997/1998,1998-04-18T01:00:00,Barnsley,Tottenham,https://www.xscores.com/soccer/match/barnsley-vs-tottenham/18-04-1998/1599118
1997/1998,1998-04-18T01:00:00,Bolton,Leeds,https://www.xscores.com/soccer/match/bolton-vs-leeds/18-04-1998/1599119
1997/1998,1998-04-18T01:00:00,Chelsea,Sheffield Wednesday,https://www.xscores.com/soccer/match/chelsea-vs-sheffield-wednesday/18-04-1998/1599120
1997/1998,1998-04-18T01:00:00,Coventry,Liverpool,https://www.xscores.com/soccer/match/coventry-vs-liverpool/18-04-1998/1599121
1997/1998,1998-04-18T01:00:00,Crystal Palace,Derby,https://www.xscores.com/soccer/match/crystal-palace-vs-derby/18-04-1998/1599122
1997/1998,1998-04-18T01:00:00,Everton,Leicester,https://www.xscores.com/soccer/match/everton-vs-leicester/18-04-1998/1599123
1997/1998,1998-04-18T01:00:00,Manchester United,Newcastle,https://www.xscores.com/soccer/match/manchester-united-vs-newcastle/18-04-1998/1599124
1997/1998,1998-04-18T01:00:00,Southampton,Aston Villa,https://www.xscores.com/soccer/match/southampton-vs-aston-villa/18-04-1998/1599125
1997/1998,1998-04-18T01:00:00,West Ham,Blackburn,https://www.xscores.com/soccer/match/west-ham-vs-blackburn/18-04-1998/1599126
1997/1998,1998-04-25T01:00:00,Aston Villa,Bolton,https://www.xscores.com/soccer/match/aston-villa-vs-bolton/25-04-1998/1599127
1997/1998,1998-04-25T01:00:00,Barnsley,Arsenal,https://www.xscores.com/soccer/match/barnsley-vs-arsenal/25-04-1998/1599128
1997/1998,1998-04-25T01:00:00,Blackburn,AFC Wimbledon,https://www.xscores.com/soccer/match/blackburn-vs-afc-wimbledon/25-04-1998/1599129
1997/1998,1998-04-25T01:00:00,Chelsea,Liverpool,https://www.xscores.com/soccer/match/chelsea-vs-liverpool/25-04-1998/1599130
1997/1998,1998-04-25T01:00:00,Crystal Palace,Manchester United,https://www.xscores.com/soccer/match/crystal-palace-vs-manchester-united/25-04-1998/1599131
1997/1998,1998-04-25T01:00:00,Derby,Leicester,https://www.xscores.com/soccer/match/derby-vs-leicester/25-04-1998/1599132
1997/1998,1998-04-25T01:00:00,Everton,Sheffield Wednesday,https://www.xscores.com/soccer/match/everton-vs-sheffield-wednesday/25-04-1998/1599133
1997/1998,1998-04-25T01:00:00,Leeds,Coventry,https://www.xscores.com/soccer/match/leeds-vs-coventry/25-04-1998/1599134
1997/1998,1998-04-25T01:00:00,Tottenham,Newcastle,https://www.xscores.com/soccer/match/tottenham-vs-newcastle/25-04-1998/1599135
1997/1998,1998-04-25T01:00:00,West Ham,Southampton,https://www.xscores.com/soccer/match/west-ham-vs-southampton/25-04-1998/1599136
1997/1998,1998-05-02T01:00:00,Bolton,Crystal Palace,https://www.xscores.com/soccer/match/bolton-vs-crystal-palace/02-05-1998/1599137
1997/1998,1998-05-02T01:00:00,Coventry,Blackburn,https://www.xscores.com/soccer/match/coventry-vs-blackburn/02-05-1998/1599138
1997/1998,1998-05-02T01:00:00,AFC Wimbledon,Tottenham,https://www.xscores.com/soccer/match/afc-wimbledon-vs-tottenham/02-05-1998/1599144
1997/1998,1998-05-02T01:00:00,Leicester,Barnsley,https://www.xscores.com/soccer/match/leicester-vs-barnsley/02-05-1998/1599139
1997/1998,1998-05-02T01:00:00,Liverpool,West Ham,https://www.xscores.com/soccer/match/liverpool-vs-west-ham/02-05-1998/1599140
1997/1998,1998-05-02T01:00:00,Newcastle,Chelsea,https://www.xscores.com/soccer/match/newcastle-vs-chelsea/02-05-1998/1599141
1997/1998,1998-05-02T01:00:00,Sheffield Wednesday,Aston Villa,https://www.xscores.com/soccer/match/sheffield-wednesday-vs-aston-villa/02-05-1998/1599142
1997/1998,1998-05-02T01:00:00,Southampton,Derby,https://www.xscores.com/soccer/match/southampton-vs-derby/02-05-1998/1599143
1997/1998,1998-05-03T01:00:00,Arsenal,Everton,https://www.xscores.com/soccer/match/arsenal-vs-everton/03-05-1998/1599145
1997/1998,1998-05-04T01:00:00,Manchester United,Leeds,https://www.xscores.com/soccer/match/manchester-united-vs-leeds/04-05-1998/1599146
1997/1998,1998-05-05T01:00:00,Crystal Palace,West Ham,https://www.xscores.com/soccer/match/crystal-palace-vs-west-ham/05-05-1998/1599147
1997/1998,1998-05-06T01:00:00,Liverpool,Arsenal,https://www.xscores.com/soccer/match/liverpool-vs-arsenal/06-05-1998/1599148
1997/1998,1998-05-10T01:00:00,Aston Villa,Arsenal,https://www.xscores.com/soccer/match/aston-villa-vs-arsenal/10-05-1998/1599149
1997/1998,1998-05-10T01:00:00,Barnsley,Manchester United,https://www.xscores.com/soccer/match/barnsley-vs-manchester-united/10-05-1998/1599150
1997/1998,1998-05-10T01:00:00,Blackburn,Newcastle,https://www.xscores.com/soccer/match/blackburn-vs-newcastle/10-05-1998/1599151
1997/1998,1998-05-10T01:00:00,Chelsea,Bolton,https://www.xscores.com/soccer/match/chelsea-vs-bolton/10-05-1998/1599152
1997/1998,1998-05-10T01:00:00,Crystal Palace,Sheffield Wednesday,https://www.xscores.com/soccer/match/crystal-palace-vs-sheffield-wednesday/10-05-1998/1599153
1997/1998,1998-05-10T01:00:00,Derby,Liverpool,https://www.xscores.com/soccer/match/derby-vs-liverpool/10-05-1998/1599154
1997/1998,1998-05-10T01:00:00,Everton,Coventry,https://www.xscores.com/soccer/match/everton-vs-coventry/10-05-1998/1599155
1997/1998,1998-05-10T01:00:00,Leeds,AFC Wimbledon,https://www.xscores.com/soccer/match/leeds-vs-afc-wimbledon/10-05-1998/1599156
1997/1998,1998-05-10T01:00:00,Tottenham,Southampton,https://www.xscores.com/soccer/match/tottenham-vs-southampton/10-05-1998/1599157
1997/1998,1998-05-10T01:00:00,West Ham,Leicester,https://www.xscores.com/soccer/match/west-ham-vs-leicester/10-05-1998/1599158
