season,date,home_team,away_team,url
2017/2018,2017-08-11T19:45:00,Arsenal,Leicester,https://www.xscores.com/soccer/match/arsenal-vs-leicester/11-08-2017/523572
2017/2018,2017-08-12T12:30:00,Watford,Liverpool,https://www.xscores.com/soccer/match/watford-vs-liverpool/12-08-2017/523580
2017/2018,2017-08-12T15:00:00,Chelsea,Burnley,https://www.xscores.com/soccer/match/chelsea-vs-burnley/12-08-2017/523574
2017/2018,2017-08-12T15:00:00,Crystal Palace,Huddersfield,https://www.xscores.com/soccer/match/crystal-palace-vs-huddersfield/12-08-2017/523575
2017/2018,2017-08-12T15:00:00,Everton,Stoke,https://www.xscores.com/soccer/match/everton-vs-stoke/12-08-2017/523576
2017/2018,2017-08-12T15:00:00,Southampton,Swansea,https://www.xscores.com/soccer/match/southampton-vs-swansea/12-08-2017/523579
2017/2018,2017-08-12T15:00:00,West Bromwich,Bournemouth,https://www.xscores.com/soccer/match/west-bromwich-vs-bournemouth/12-08-2017/523581
2017/2018,2017-08-12T17:30:00,Brighton,Manchester City,https://www.xscores.com/soccer/match/brighton-vs-manchester-city/12-08-2017/523573
2017/2018,2017-08-13T13:30:00,Newcastle,Tottenham,https://www.xscores.com/soccer/match/newcastle-vs-tottenham/13-08-2017/523578
2017/2018,2017-08-13T16:00:00,Manchester United,West Ham,https://www.xscores.com/soccer/match/manchester-united-vs-west-ham/13-08-2017/523577
2017/2018,2017-08-19T12:30:00,Swansea,Manchester United,https://www.xscores.com/soccer/match/swansea-vs-manchester-united/19-08-2017/523589
2017/2018,2017-08-19T15:00:00,Bournemouth,Watford,https://www.xscores.com/soccer/match/bournemouth-vs-watford/19-08-2017/523582
2017/2018,2017-08-19T15:00:00,Burnley,West Bromwich,https://www.xscores.com/soccer/match/burnley-vs-west-bromwich/19-08-2017/523583
2017/2018,2017-08-19T15:00:00,Leicester,Brighton,https://www.xscores.com/soccer/match/leicester-vs-brighton/19-08-2017/523585
2017/2018,2017-08-19T15:00:00,Liverpool,Crystal Palace,https://www.xscores.com/soccer/match/liverpool-vs-crystal-palace/19-08-2017/523586
2017/2018,2017-08-19T15:00:00,Southampton,West Ham,https://www.xscores.com/soccer/match/southampton-vs-west-ham/19-08-2017/523591
2017/2018,2017-08-19T17:30:00,Stoke,Arsenal,https://www.xscores.com/soccer/match/stoke-vs-arsenal/19-08-2017/523588
2017/2018,2017-08-20T13:30:00,Huddersfield,Newcastle,https://www.xscores.com/soccer/match/huddersfield-vs-newcastle/20-08-2017/523584
2017/2018,2017-08-20T16:00:00,Tottenham,Chelsea,https://www.xscores.com/soccer/match/tottenham-vs-chelsea/20-08-2017/523590
2017/2018,2017-08-21T20:00:00,Manchester City,Everton,https://www.xscores.com/soccer/match/manchester-city-vs-everton/21-08-2017/523587
2017/2018,2017-08-26T12:30:00,Bournemouth,Manchester City,https://www.xscores.com/soccer/match/bournemouth-vs-manchester-city/26-08-2017/523592
2017/2018,2017-08-26T15:00:00,Crystal Palace,Swansea,https://www.xscores.com/soccer/match/crystal-palace-vs-swansea/26-08-2017/523594
2017/2018,2017-08-26T15:00:00,Huddersfield,Southampton,https://www.xscores.com/soccer/match/huddersfield-vs-southampton/26-08-2017/523595
2017/2018,2017-08-26T15:00:00,Newcastle,West Ham,https://www.xscores.com/soccer/match/newcastle-vs-west-ham/26-08-2017/523598
2017/2018,2017-08-26T15:00:00,Watford,Brighton,https://www.xscores.com/soccer/match/watford-vs-brighton/26-08-2017/523600
2017/2018,2017-08-26T17:30:00,Manchester United,Leicester,https://www.xscores.com/soccer/match/manchester-united-vs-leicester/26-08-2017/523597
2017/2018,2017-08-27T13:30:00,Chelsea,Everton,https://www.xscores.com/soccer/match/chelsea-vs-everton/27-08-2017/523593
2017/2018,2017-08-27T13:30:00,West Bromwich,Stoke,https://www.xscores.com/soccer/match/west-bromwich-vs-stoke/27-08-2017/523601
2017/2018,2017-08-27T16:00:00,Liverpool,Arsenal,https://www.xscores.com/soccer/match/liverpool-vs-arsenal/27-08-2017/523596
2017/2018,2017-08-27T16:00:00,Tottenham,Burnley,https://www.xscores.com/soccer/match/tottenham-vs-burnley/27-08-2017/523599
2017/2018,2017-09-09T12:30:00,Manchester City,Liverpool,https://www.xscores.com/soccer/match/manchester-city-vs-liverpool/09-09-2017/523607
2017/2018,2017-09-09T15:00:00,Arsenal,Bournemouth,https://www.xscores.com/soccer/match/arsenal-vs-bournemouth/09-09-2017/523602
2017/2018,2017-09-09T15:00:00,Brighton,West Bromwich,https://www.xscores.com/soccer/match/brighton-vs-west-bromwich/09-09-2017/523603
2017/2018,2017-09-09T15:00:00,Everton,Tottenham,https://www.xscores.com/soccer/match/everton-vs-tottenham/09-09-2017/523605
2017/2018,2017-09-09T15:00:00,Leicester,Chelsea,https://www.xscores.com/soccer/match/leicester-vs-chelsea/09-09-2017/523606
2017/2018,2017-09-09T15:00:00,Southampton,Watford,https://www.xscores.com/soccer/match/southampton-vs-watford/09-09-2017/523608
2017/2018,2017-09-09T17:30:00,Stoke,Manchester United,https://www.xscores.com/soccer/match/stoke-vs-manchester-united/09-09-2017/523609
2017/2018,2017-09-10T13:30:00,Burnley,Crystal Palace,https://www.xscores.com/soccer/match/burnley-vs-crystal-palace/10-09-2017/523604
2017/2018,2017-09-10T16:00:00,Swansea,Newcastle,https://www.xscores.com/soccer/match/swansea-vs-newcastle/10-09-2017/523610
2017/2018,2017-09-11T20:00:00,West Ham,Huddersfield,https://www.xscores.com/soccer/match/west-ham-vs-huddersfield/11-09-2017/523611
2017/2018,2017-09-15T20:00:00,Bournemouth,Brighton,https://www.xscores.com/soccer/match/bournemouth-vs-brighton/15-09-2017/523612
2017/2018,2017-09-16T12:30:00,Crystal Palace,Southampton,https://www.xscores.com/soccer/match/crystal-palace-vs-southampton/16-09-2017/523614
2017/2018,2017-09-16T15:00:00,Huddersfield,Leicester,https://www.xscores.com/soccer/match/huddersfield-vs-leicester/16-09-2017/523615
2017/2018,2017-09-16T15:00:00,Liverpool,Burnley,https://www.xscores.com/soccer/match/liverpool-vs-burnley/16-09-2017/523616
2017/2018,2017-09-16T15:00:00,Newcastle,Stoke,https://www.xscores.com/soccer/match/newcastle-vs-stoke/16-09-2017/523618
2017/2018,2017-09-16T15:00:00,Watford,Manchester City,https://www.xscores.com/soccer/match/watford-vs-manchester-city/16-09-2017/523620
2017/2018,2017-09-16T15:00:00,West Bromwich,West Ham,https://www.xscores.com/soccer/match/west-bromwich-vs-west-ham/16-09-2017/523621
2017/2018,2017-09-16T17:30:00,Tottenham,Swansea,https://www.xscores.com/soccer/match/tottenham-vs-swansea/16-09-2017/523619
2017/2018,2017-09-17T13:30:00,Chelsea,Arsenal,https://www.xscores.com/soccer/match/chelsea-vs-arsenal/17-09-2017/523613
2017/2018,2017-09-17T16:00:00,Manchester United,Everton,https://www.xscores.com/soccer/match/manchester-united-vs-everton/17-09-2017/523617
2017/2018,2017-09-23T12:30:00,West Ham,Tottenham,https://www.xscores.com/soccer/match/west-ham-vs-tottenham/23-09-2017/523631
2017/2018,2017-09-23T15:00:00,Burnley,Huddersfield,https://www.xscores.com/soccer/match/burnley-vs-huddersfield/23-09-2017/523624
2017/2018,2017-09-23T15:00:00,Everton,Bournemouth,https://www.xscores.com/soccer/match/everton-vs-bournemouth/23-09-2017/523625
2017/2018,2017-09-23T15:00:00,Manchester City,Crystal Palace,https://www.xscores.com/soccer/match/manchester-city-vs-crystal-palace/23-09-2017/523627
2017/2018,2017-09-23T15:00:00,Southampton,Manchester United,https://www.xscores.com/soccer/match/southampton-vs-manchester-united/23-09-2017/523628
2017/2018,2017-09-23T15:00:00,Stoke,Chelsea,https://www.xscores.com/soccer/match/stoke-vs-chelsea/23-09-2017/523629
2017/2018,2017-09-23T15:00:00,Swansea,Watford,https://www.xscores.com/soccer/match/swansea-vs-watford/23-09-2017/523630
2017/2018,2017-09-23T17:30:00,Leicester,Liverpool,https://www.xscores.com/soccer/match/leicester-vs-liverpool/23-09-2017/523626
2017/2018,2017-09-24T16:00:00,Brighton,Newcastle,https://www.xscores.com/soccer/match/brighton-vs-newcastle/24-09-2017/523623
2017/2018,2017-09-25T20:00:00,Arsenal,West Bromwich,https://www.xscores.com/soccer/match/arsenal-vs-west-bromwich/25-09-2017/523622
2017/2018,2017-09-30T12:30:00,Huddersfield,Tottenham,https://www.xscores.com/soccer/match/huddersfield-vs-tottenham/30-09-2017/523636
2017/2018,2017-09-30T15:00:00,Bournemouth,Leicester,https://www.xscores.com/soccer/match/bournemouth-vs-leicester/30-09-2017/523633
2017/2018,2017-09-30T15:00:00,Manchester United,Crystal Palace,https://www.xscores.com/soccer/match/manchester-united-vs-crystal-palace/30-09-2017/523637
2017/2018,2017-09-30T15:00:00,Stoke,Southampton,https://www.xscores.com/soccer/match/stoke-vs-southampton/30-09-2017/523639
2017/2018,2017-09-30T15:00:00,West Bromwich,Watford,https://www.xscores.com/soccer/match/west-bromwich-vs-watford/30-09-2017/523640
2017/2018,2017-09-30T15:00:00,West Ham,Swansea,https://www.xscores.com/soccer/match/west-ham-vs-swansea/30-09-2017/523641
2017/2018,2017-09-30T17:30:00,Chelsea,Manchester City,https://www.xscores.com/soccer/match/chelsea-vs-manchester-city/30-09-2017/523634
2017/2018,2017-10-01T12:00:00,Arsenal,Brighton,https://www.xscores.com/soccer/match/arsenal-vs-brighton/01-10-2017/523632
2017/2018,2017-10-01T14:15:00,Everton,Burnley,https://www.xscores.com/soccer/match/everton-vs-burnley/01-10-2017/523635
2017/2018,2017-10-01T16:30:00,Newcastle,Liverpool,https://www.xscores.com/soccer/match/newcastle-vs-liverpool/01-10-2017/523638
2017/2018,2017-10-14T12:30:00,Liverpool,Manchester United,https://www.xscores.com/soccer/match/liverpool-vs-manchester-united/14-10-2017/523646
2017/2018,2017-10-14T15:00:00,Burnley,West Ham,https://www.xscores.com/soccer/match/burnley-vs-west-ham/14-10-2017/523643
2017/2018,2017-10-14T15:00:00,Crystal Palace,Chelsea,https://www.xscores.com/soccer/match/crystal-palace-vs-chelsea/14-10-2017/523644
2017/2018,2017-10-14T15:00:00,Manchester City,Stoke,https://www.xscores.com/soccer/match/manchester-city-vs-stoke/14-10-2017/523647
2017/2018,2017-10-14T15:00:00,Swansea,Huddersfield,https://www.xscores.com/soccer/match/swansea-vs-huddersfield/14-10-2017/523649
2017/2018,2017-10-14T15:00:00,Tottenham,Bournemouth,https://www.xscores.com/soccer/match/tottenham-vs-bournemouth/14-10-2017/523650
2017/2018,2017-10-14T17:30:00,Watford,Arsenal,https://www.xscores.com/soccer/match/watford-vs-arsenal/14-10-2017/523651
2017/2018,2017-10-15T13:30:00,Brighton,Everton,https://www.xscores.com/soccer/match/brighton-vs-everton/15-10-2017/523642
2017/2018,2017-10-15T16:00:00,Southampton,Newcastle,https://www.xscores.com/soccer/match/southampton-vs-newcastle/15-10-2017/523648
2017/2018,2017-10-16T20:00:00,Leicester,West Bromwich,https://www.xscores.com/soccer/match/leicester-vs-west-bromwich/16-10-2017/523645
2017/2018,2017-10-20T20:00:00,West Ham,Brighton,https://www.xscores.com/soccer/match/west-ham-vs-brighton/20-10-2017/523661
2017/2018,2017-10-21T12:30:00,Chelsea,Watford,https://www.xscores.com/soccer/match/chelsea-vs-watford/21-10-2017/523652
2017/2018,2017-10-21T15:00:00,Huddersfield,Manchester United,https://www.xscores.com/soccer/match/huddersfield-vs-manchester-united/21-10-2017/523654
2017/2018,2017-10-21T15:00:00,Manchester City,Burnley,https://www.xscores.com/soccer/match/manchester-city-vs-burnley/21-10-2017/523655
2017/2018,2017-10-21T15:00:00,Newcastle,Crystal Palace,https://www.xscores.com/soccer/match/newcastle-vs-crystal-palace/21-10-2017/523656
2017/2018,2017-10-21T15:00:00,Stoke,Bournemouth,https://www.xscores.com/soccer/match/stoke-vs-bournemouth/21-10-2017/523658
2017/2018,2017-10-21T15:00:00,Swansea,Leicester,https://www.xscores.com/soccer/match/swansea-vs-leicester/21-10-2017/523659
2017/2018,2017-10-21T17:30:00,Southampton,West Bromwich,https://www.xscores.com/soccer/match/southampton-vs-west-bromwich/21-10-2017/523657
2017/2018,2017-10-22T13:30:00,Everton,Arsenal,https://www.xscores.com/soccer/match/everton-vs-arsenal/22-10-2017/523653
2017/2018,2017-10-22T16:00:00,Tottenham,Liverpool,https://www.xscores.com/soccer/match/tottenham-vs-liverpool/22-10-2017/523660
2017/2018,2017-10-28T12:30:00,Manchester United,Tottenham,https://www.xscores.com/soccer/match/manchester-united-vs-tottenham/28-10-2017/523669
2017/2018,2017-10-28T15:00:00,Arsenal,Swansea,https://www.xscores.com/soccer/match/arsenal-vs-swansea/28-10-2017/523662
2017/2018,2017-10-28T15:00:00,Crystal Palace,West Ham,https://www.xscores.com/soccer/match/crystal-palace-vs-west-ham/28-10-2017/523666
2017/2018,2017-10-28T15:00:00,Liverpool,Huddersfield,https://www.xscores.com/soccer/match/liverpool-vs-huddersfield/28-10-2017/523668
2017/2018,2017-10-28T15:00:00,Watford,Stoke,https://www.xscores.com/soccer/match/watford-vs-stoke/28-10-2017/523670
2017/2018,2017-10-28T15:00:00,West Bromwich,Manchester City,https://www.xscores.com/soccer/match/west-bromwich-vs-manchester-city/28-10-2017/523671
2017/2018,2017-10-28T17:30:00,Bournemouth,Chelsea,https://www.xscores.com/soccer/match/bournemouth-vs-chelsea/28-10-2017/523663
2017/2018,2017-10-29T13:30:00,Brighton,Southampton,https://www.xscores.com/soccer/match/brighton-vs-southampton/29-10-2017/523664
2017/2018,2017-10-29T16:00:00,Leicester,Everton,https://www.xscores.com/soccer/match/leicester-vs-everton/29-10-2017/523667
2017/2018,2017-10-30T20:00:00,Burnley,Newcastle,https://www.xscores.com/soccer/match/burnley-vs-newcastle/30-10-2017/523665
2017/2018,2017-11-04T12:30:00,Stoke,Leicester,https://www.xscores.com/soccer/match/stoke-vs-leicester/04-11-2017/523678
2017/2018,2017-11-04T15:00:00,Huddersfield,West Bromwich,https://www.xscores.com/soccer/match/huddersfield-vs-west-bromwich/04-11-2017/523674
2017/2018,2017-11-04T15:00:00,Newcastle,Bournemouth,https://www.xscores.com/soccer/match/newcastle-vs-bournemouth/04-11-2017/523676
2017/2018,2017-11-04T15:00:00,Southampton,Burnley,https://www.xscores.com/soccer/match/southampton-vs-burnley/04-11-2017/523677
2017/2018,2017-11-04T15:00:00,Swansea,Brighton,https://www.xscores.com/soccer/match/swansea-vs-brighton/04-11-2017/523679
2017/2018,2017-11-04T17:30:00,West Ham,Liverpool,https://www.xscores.com/soccer/match/west-ham-vs-liverpool/04-11-2017/523681
2017/2018,2017-11-05T12:00:00,Tottenham,Crystal Palace,https://www.xscores.com/soccer/match/tottenham-vs-crystal-palace/05-11-2017/523680
2017/2018,2017-11-05T14:15:00,Manchester City,Arsenal,https://www.xscores.com/soccer/match/manchester-city-vs-arsenal/05-11-2017/523675
2017/2018,2017-11-05T16:30:00,Chelsea,Manchester United,https://www.xscores.com/soccer/match/chelsea-vs-manchester-united/05-11-2017/523672
2017/2018,2017-11-05T16:30:00,Everton,Watford,https://www.xscores.com/soccer/match/everton-vs-watford/05-11-2017/523673
2017/2018,2017-11-18T12:30:00,Arsenal,Tottenham,https://www.xscores.com/soccer/match/arsenal-vs-tottenham/18-11-2017/523682
2017/2018,2017-11-18T15:00:00,Bournemouth,Huddersfield,https://www.xscores.com/soccer/match/bournemouth-vs-huddersfield/18-11-2017/523683
2017/2018,2017-11-18T15:00:00,Burnley,Swansea,https://www.xscores.com/soccer/match/burnley-vs-swansea/18-11-2017/523685
2017/2018,2017-11-18T15:00:00,Crystal Palace,Everton,https://www.xscores.com/soccer/match/crystal-palace-vs-everton/18-11-2017/523686
2017/2018,2017-11-18T15:00:00,Leicester,Manchester City,https://www.xscores.com/soccer/match/leicester-vs-manchester-city/18-11-2017/523687
2017/2018,2017-11-18T15:00:00,Liverpool,Southampton,https://www.xscores.com/soccer/match/liverpool-vs-southampton/18-11-2017/523688
2017/2018,2017-11-18T15:00:00,West Bromwich,Chelsea,https://www.xscores.com/soccer/match/west-bromwich-vs-chelsea/18-11-2017/523691
2017/2018,2017-11-18T17:30:00,Manchester United,Newcastle,https://www.xscores.com/soccer/match/manchester-united-vs-newcastle/18-11-2017/523689
2017/2018,2017-11-19T16:00:00,Watford,West Ham,https://www.xscores.com/soccer/match/watford-vs-west-ham/19-11-2017/523690
2017/2018,2017-11-20T20:00:00,Brighton,Stoke,https://www.xscores.com/soccer/match/brighton-vs-stoke/20-11-2017/523684
2017/2018,2017-11-24T20:00:00,West Ham,Leicester,https://www.xscores.com/soccer/match/west-ham-vs-leicester/24-11-2017/523701
2017/2018,2017-11-25T15:00:00,Crystal Palace,Stoke,https://www.xscores.com/soccer/match/crystal-palace-vs-stoke/25-11-2017/523693
2017/2018,2017-11-25T15:00:00,Manchester United,Brighton,https://www.xscores.com/soccer/match/manchester-united-vs-brighton/25-11-2017/523696
2017/2018,2017-11-25T15:00:00,Newcastle,Watford,https://www.xscores.com/soccer/match/newcastle-vs-watford/25-11-2017/523697
2017/2018,2017-11-25T15:00:00,Swansea,Bournemouth,https://www.xscores.com/soccer/match/swansea-vs-bournemouth/25-11-2017/523699
2017/2018,2017-11-25T15:00:00,Tottenham,West Bromwich,https://www.xscores.com/soccer/match/tottenham-vs-west-bromwich/25-11-2017/523700
2017/2018,2017-11-25T17:30:00,Liverpool,Chelsea,https://www.xscores.com/soccer/match/liverpool-vs-chelsea/25-11-2017/523695
2017/2018,2017-11-26T13:30:00,Southampton,Everton,https://www.xscores.com/soccer/match/southampton-vs-everton/26-11-2017/523698
2017/2018,2017-11-26T14:00:00,Burnley,Arsenal,https://www.xscores.com/soccer/match/burnley-vs-arsenal/26-11-2017/523692
2017/2018,2017-11-26T16:00:00,Huddersfield,Manchester City,https://www.xscores.com/soccer/match/huddersfield-vs-manchester-city/26-11-2017/523694
2017/2018,2017-11-28T19:45:00,Brighton,Crystal Palace,https://www.xscores.com/soccer/match/brighton-vs-crystal-palace/28-11-2017/523704
2017/2018,2017-11-28T19:45:00,Leicester,Tottenham,https://www.xscores.com/soccer/match/leicester-vs-tottenham/28-11-2017/523705
2017/2018,2017-11-28T20:00:00,Watford,Manchester United,https://www.xscores.com/soccer/match/watford-vs-manchester-united/28-11-2017/523706
2017/2018,2017-11-28T20:00:00,West Bromwich,Newcastle,https://www.xscores.com/soccer/match/west-bromwich-vs-newcastle/28-11-2017/523707
2017/2018,2017-11-29T19:45:00,Arsenal,Huddersfield,https://www.xscores.com/soccer/match/arsenal-vs-huddersfield/29-11-2017/523702
2017/2018,2017-11-29T19:45:00,Bournemouth,Burnley,https://www.xscores.com/soccer/match/bournemouth-vs-burnley/29-11-2017/523703
2017/2018,2017-11-29T19:45:00,Chelsea,Swansea,https://www.xscores.com/soccer/match/chelsea-vs-swansea/29-11-2017/523708
2017/2018,2017-11-29T20:00:00,Everton,West Ham,https://www.xscores.com/soccer/match/everton-vs-west-ham/29-11-2017/523709
2017/2018,2017-11-29T20:00:00,Manchester City,Southampton,https://www.xscores.com/soccer/match/manchester-city-vs-southampton/29-11-2017/523710
2017/2018,2017-11-29T20:00:00,Stoke,Liverpool,https://www.xscores.com/soccer/match/stoke-vs-liverpool/29-11-2017/523711
2017/2018,2017-12-02T12:30:00,Chelsea,Newcastle,https://www.xscores.com/soccer/match/chelsea-vs-newcastle/02-12-2017/523715
2017/2018,2017-12-02T15:00:00,Brighton,Liverpool,https://www.xscores.com/soccer/match/brighton-vs-liverpool/02-12-2017/523714
2017/2018,2017-12-02T15:00:00,Everton,Huddersfield,https://www.xscores.com/soccer/match/everton-vs-huddersfield/02-12-2017/523716
2017/2018,2017-12-02T15:00:00,Leicester,Burnley,https://www.xscores.com/soccer/match/leicester-vs-burnley/02-12-2017/523717
2017/2018,2017-12-02T15:00:00,Stoke,Swansea,https://www.xscores.com/soccer/match/stoke-vs-swansea/02-12-2017/523719
2017/2018,2017-12-02T15:00:00,Watford,Tottenham,https://www.xscores.com/soccer/match/watford-vs-tottenham/02-12-2017/523720
2017/2018,2017-12-02T15:00:00,West Bromwich,Crystal Palace,https://www.xscores.com/soccer/match/west-bromwich-vs-crystal-palace/02-12-2017/523721
2017/2018,2017-12-02T17:30:00,Arsenal,Manchester United,https://www.xscores.com/soccer/match/arsenal-vs-manchester-united/02-12-2017/523712
2017/2018,2017-12-03T13:30:00,Bournemouth,Southampton,https://www.xscores.com/soccer/match/bournemouth-vs-southampton/03-12-2017/523713
2017/2018,2017-12-03T16:00:00,Manchester City,West Ham,https://www.xscores.com/soccer/match/manchester-city-vs-west-ham/03-12-2017/523718
2017/2018,2017-12-09T12:30:00,West Ham,Chelsea,https://www.xscores.com/soccer/match/west-ham-vs-chelsea/09-12-2017/523731
2017/2018,2017-12-09T15:00:00,Burnley,Watford,https://www.xscores.com/soccer/match/burnley-vs-watford/09-12-2017/523722
2017/2018,2017-12-09T15:00:00,Crystal Palace,Bournemouth,https://www.xscores.com/soccer/match/crystal-palace-vs-bournemouth/09-12-2017/523723
2017/2018,2017-12-09T15:00:00,Huddersfield,Brighton,https://www.xscores.com/soccer/match/huddersfield-vs-brighton/09-12-2017/523724
2017/2018,2017-12-09T15:00:00,Swansea,West Bromwich,https://www.xscores.com/soccer/match/swansea-vs-west-bromwich/09-12-2017/523729
2017/2018,2017-12-09T15:00:00,Tottenham,Stoke,https://www.xscores.com/soccer/match/tottenham-vs-stoke/09-12-2017/523730
2017/2018,2017-12-09T17:30:00,Newcastle,Leicester,https://www.xscores.com/soccer/match/newcastle-vs-leicester/09-12-2017/523727
2017/2018,2017-12-10T12:00:00,Southampton,Arsenal,https://www.xscores.com/soccer/match/southampton-vs-arsenal/10-12-2017/523728
2017/2018,2017-12-10T14:15:00,Liverpool,Everton,https://www.xscores.com/soccer/match/liverpool-vs-everton/10-12-2017/523725
2017/2018,2017-12-10T16:30:00,Manchester United,Manchester City,https://www.xscores.com/soccer/match/manchester-united-vs-manchester-city/10-12-2017/523726
2017/2018,2017-12-12T19:45:00,Burnley,Stoke,https://www.xscores.com/soccer/match/burnley-vs-stoke/12-12-2017/523732
2017/2018,2017-12-12T20:00:00,Crystal Palace,Watford,https://www.xscores.com/soccer/match/crystal-palace-vs-watford/12-12-2017/523736
2017/2018,2017-12-12T20:00:00,Huddersfield,Chelsea,https://www.xscores.com/soccer/match/huddersfield-vs-chelsea/12-12-2017/523733
2017/2018,2017-12-13T19:45:00,Newcastle,Everton,https://www.xscores.com/soccer/match/newcastle-vs-everton/13-12-2017/523738
2017/2018,2017-12-13T19:45:00,Southampton,Leicester,https://www.xscores.com/soccer/match/southampton-vs-leicester/13-12-2017/523739
2017/2018,2017-12-13T19:45:00,Swansea,Manchester City,https://www.xscores.com/soccer/match/swansea-vs-manchester-city/13-12-2017/523734
2017/2018,2017-12-13T20:00:00,Liverpool,West Bromwich,https://www.xscores.com/soccer/match/liverpool-vs-west-bromwich/13-12-2017/523740
2017/2018,2017-12-13T20:00:00,Manchester United,Bournemouth,https://www.xscores.com/soccer/match/manchester-united-vs-bournemouth/13-12-2017/523737
2017/2018,2017-12-13T20:00:00,Tottenham,Brighton,https://www.xscores.com/soccer/match/tottenham-vs-brighton/13-12-2017/523741
2017/2018,2017-12-13T20:00:00,West Ham,Arsenal,https://www.xscores.com/soccer/match/west-ham-vs-arsenal/13-12-2017/523735
2017/2018,2017-12-16T12:30:00,Leicester,Crystal Palace,https://www.xscores.com/soccer/match/leicester-vs-crystal-palace/16-12-2017/523747
2017/2018,2017-12-16T15:00:00,Arsenal,Newcastle,https://www.xscores.com/soccer/match/arsenal-vs-newcastle/16-12-2017/523742
2017/2018,2017-12-16T15:00:00,Brighton,Burnley,https://www.xscores.com/soccer/match/brighton-vs-burnley/16-12-2017/523744
2017/2018,2017-12-16T15:00:00,Chelsea,Southampton,https://www.xscores.com/soccer/match/chelsea-vs-southampton/16-12-2017/523745
2017/2018,2017-12-16T15:00:00,Watford,Huddersfield,https://www.xscores.com/soccer/match/watford-vs-huddersfield/16-12-2017/523750
2017/2018,2017-12-16T16:00:00,Stoke,West Ham,https://www.xscores.com/soccer/match/stoke-vs-west-ham/16-12-2017/523749
2017/2018,2017-12-16T17:30:00,Manchester City,Tottenham,https://www.xscores.com/soccer/match/manchester-city-vs-tottenham/16-12-2017/523748
2017/2018,2017-12-17T14:15:00,West Bromwich,Manchester United,https://www.xscores.com/soccer/match/west-bromwich-vs-manchester-united/17-12-2017/523751
2017/2018,2017-12-17T16:30:00,Bournemouth,Liverpool,https://www.xscores.com/soccer/match/bournemouth-vs-liverpool/17-12-2017/523743
2017/2018,2017-12-18T20:00:00,Everton,Swansea,https://www.xscores.com/soccer/match/everton-vs-swansea/18-12-2017/523746
2017/2018,2017-12-22T19:45:00,Arsenal,Liverpool,https://www.xscores.com/soccer/match/arsenal-vs-liverpool/22-12-2017/523752
2017/2018,2017-12-23T12:30:00,Everton,Chelsea,https://www.xscores.com/soccer/match/everton-vs-chelsea/23-12-2017/523755
2017/2018,2017-12-23T15:00:00,Brighton,Watford,https://www.xscores.com/soccer/match/brighton-vs-watford/23-12-2017/523753
2017/2018,2017-12-23T15:00:00,Manchester City,Bournemouth,https://www.xscores.com/soccer/match/manchester-city-vs-bournemouth/23-12-2017/523757
2017/2018,2017-12-23T15:00:00,Southampton,Huddersfield,https://www.xscores.com/soccer/match/southampton-vs-huddersfield/23-12-2017/523758
2017/2018,2017-12-23T15:00:00,Stoke,West Bromwich,https://www.xscores.com/soccer/match/stoke-vs-west-bromwich/23-12-2017/523759
2017/2018,2017-12-23T15:00:00,Swansea,Crystal Palace,https://www.xscores.com/soccer/match/swansea-vs-crystal-palace/23-12-2017/523760
2017/2018,2017-12-23T15:00:00,West Ham,Newcastle,https://www.xscores.com/soccer/match/west-ham-vs-newcastle/23-12-2017/523761
2017/2018,2017-12-23T17:30:00,Burnley,Tottenham,https://www.xscores.com/soccer/match/burnley-vs-tottenham/23-12-2017/523754
2017/2018,2017-12-23T19:45:00,Leicester,Manchester United,https://www.xscores.com/soccer/match/leicester-vs-manchester-united/23-12-2017/523756
2017/2018,2017-12-26T12:30:00,Tottenham,Southampton,https://www.xscores.com/soccer/match/tottenham-vs-southampton/26-12-2017/523769
2017/2018,2017-12-26T15:00:00,Bournemouth,West Ham,https://www.xscores.com/soccer/match/bournemouth-vs-west-ham/26-12-2017/523762
2017/2018,2017-12-26T15:00:00,Chelsea,Brighton,https://www.xscores.com/soccer/match/chelsea-vs-brighton/26-12-2017/523763
2017/2018,2017-12-26T15:00:00,Huddersfield,Stoke,https://www.xscores.com/soccer/match/huddersfield-vs-stoke/26-12-2017/523765
2017/2018,2017-12-26T15:00:00,Manchester United,Burnley,https://www.xscores.com/soccer/match/manchester-united-vs-burnley/26-12-2017/523767
2017/2018,2017-12-26T15:00:00,Watford,Leicester,https://www.xscores.com/soccer/match/watford-vs-leicester/26-12-2017/523770
2017/2018,2017-12-26T15:00:00,West Bromwich,Everton,https://www.xscores.com/soccer/match/west-bromwich-vs-everton/26-12-2017/523771
2017/2018,2017-12-26T17:30:00,Liverpool,Swansea,https://www.xscores.com/soccer/match/liverpool-vs-swansea/26-12-2017/523766
2017/2018,2017-12-27T19:45:00,Newcastle,Manchester City,https://www.xscores.com/soccer/match/newcastle-vs-manchester-city/27-12-2017/523768
2017/2018,2017-12-28T20:00:00,Crystal Palace,Arsenal,https://www.xscores.com/soccer/match/crystal-palace-vs-arsenal/28-12-2017/523764
2017/2018,2017-12-30T15:00:00,Bournemouth,Everton,https://www.xscores.com/soccer/match/bournemouth-vs-everton/30-12-2017/523772
2017/2018,2017-12-30T15:00:00,Chelsea,Stoke,https://www.xscores.com/soccer/match/chelsea-vs-stoke/30-12-2017/523773
2017/2018,2017-12-30T15:00:00,Huddersfield,Burnley,https://www.xscores.com/soccer/match/huddersfield-vs-burnley/30-12-2017/523775
2017/2018,2017-12-30T15:00:00,Liverpool,Leicester,https://www.xscores.com/soccer/match/liverpool-vs-leicester/30-12-2017/523776
2017/2018,2017-12-30T15:00:00,Newcastle,Brighton,https://www.xscores.com/soccer/match/newcastle-vs-brighton/30-12-2017/523778
2017/2018,2017-12-30T15:00:00,Watford,Swansea,https://www.xscores.com/soccer/match/watford-vs-swansea/30-12-2017/523780
2017/2018,2017-12-30T17:30:00,Manchester United,Southampton,https://www.xscores.com/soccer/match/manchester-united-vs-southampton/30-12-2017/523777
2017/2018,2017-12-31T12:00:00,Crystal Palace,Manchester City,https://www.xscores.com/soccer/match/crystal-palace-vs-manchester-city/31-12-2017/523774
2017/2018,2017-12-31T16:30:00,West Bromwich,Arsenal,https://www.xscores.com/soccer/match/west-bromwich-vs-arsenal/31-12-2017/523781
2017/2018,2018-01-04T20:00:00,Tottenham,West Ham,https://www.xscores.com/soccer/match/tottenham-vs-west-ham/04-01-2018/523779
2017/2018,2018-01-01T12:30:00,Brighton,Bournemouth,https://www.xscores.com/soccer/match/brighton-vs-bournemouth/01-01-2018/523783
2017/2018,2018-01-01T15:00:00,Burnley,Liverpool,https://www.xscores.com/soccer/match/burnley-vs-liverpool/01-01-2018/523784
2017/2018,2018-01-01T15:00:00,Leicester,Huddersfield,https://www.xscores.com/soccer/match/leicester-vs-huddersfield/01-01-2018/523786
2017/2018,2018-01-01T15:00:00,Stoke,Newcastle,https://www.xscores.com/soccer/match/stoke-vs-newcastle/01-01-2018/523789
2017/2018,2018-01-01T17:30:00,Everton,Manchester United,https://www.xscores.com/soccer/match/everton-vs-manchester-united/01-01-2018/523785
2017/2018,2018-01-02T19:45:00,Southampton,Crystal Palace,https://www.xscores.com/soccer/match/southampton-vs-crystal-palace/02-01-2018/523788
2017/2018,2018-01-02T19:45:00,Swansea,Tottenham,https://www.xscores.com/soccer/match/swansea-vs-tottenham/02-01-2018/523790
2017/2018,2018-01-02T19:45:00,West Ham,West Bromwich,https://www.xscores.com/soccer/match/west-ham-vs-west-bromwich/02-01-2018/523791
2017/2018,2018-01-02T20:00:00,Manchester City,Watford,https://www.xscores.com/soccer/match/manchester-city-vs-watford/02-01-2018/523787
2017/2018,2018-01-03T19:45:00,Arsenal,Chelsea,https://www.xscores.com/soccer/match/arsenal-vs-chelsea/03-01-2018/523782
2017/2018,2018-01-13T15:00:00,Chelsea,Leicester,https://www.xscores.com/soccer/match/chelsea-vs-leicester/13-01-2018/523793
2017/2018,2018-01-13T15:00:00,Crystal Palace,Burnley,https://www.xscores.com/soccer/match/crystal-palace-vs-burnley/13-01-2018/523794
2017/2018,2018-01-13T15:00:00,Huddersfield,West Ham,https://www.xscores.com/soccer/match/huddersfield-vs-west-ham/13-01-2018/523795
2017/2018,2018-01-13T15:00:00,Newcastle,Swansea,https://www.xscores.com/soccer/match/newcastle-vs-swansea/13-01-2018/523798
2017/2018,2018-01-13T15:00:00,Watford,Southampton,https://www.xscores.com/soccer/match/watford-vs-southampton/13-01-2018/523800
2017/2018,2018-01-13T15:00:00,West Bromwich,Brighton,https://www.xscores.com/soccer/match/west-bromwich-vs-brighton/13-01-2018/523801
2017/2018,2018-01-13T17:30:00,Tottenham,Everton,https://www.xscores.com/soccer/match/tottenham-vs-everton/13-01-2018/523799
2017/2018,2018-01-14T13:30:00,Bournemouth,Arsenal,https://www.xscores.com/soccer/match/bournemouth-vs-arsenal/14-01-2018/523792
2017/2018,2018-01-14T16:00:00,Liverpool,Manchester City,https://www.xscores.com/soccer/match/liverpool-vs-manchester-city/14-01-2018/523796
2017/2018,2018-01-15T20:00:00,Manchester United,Stoke,https://www.xscores.com/soccer/match/manchester-united-vs-stoke/15-01-2018/523797
2017/2018,2018-01-20T12:30:00,Brighton,Chelsea,https://www.xscores.com/soccer/match/brighton-vs-chelsea/20-01-2018/523803
2017/2018,2018-01-20T15:00:00,Arsenal,Crystal Palace,https://www.xscores.com/soccer/match/arsenal-vs-crystal-palace/20-01-2018/523802
2017/2018,2018-01-20T15:00:00,Burnley,Manchester United,https://www.xscores.com/soccer/match/burnley-vs-manchester-united/20-01-2018/523804
2017/2018,2018-01-20T15:00:00,Everton,West Bromwich,https://www.xscores.com/soccer/match/everton-vs-west-bromwich/20-01-2018/523805
2017/2018,2018-01-20T15:00:00,Leicester,Watford,https://www.xscores.com/soccer/match/leicester-vs-watford/20-01-2018/523806
2017/2018,2018-01-20T15:00:00,Stoke,Huddersfield,https://www.xscores.com/soccer/match/stoke-vs-huddersfield/20-01-2018/523809
2017/2018,2018-01-20T15:00:00,West Ham,Bournemouth,https://www.xscores.com/soccer/match/west-ham-vs-bournemouth/20-01-2018/523811
2017/2018,2018-01-20T17:30:00,Manchester City,Newcastle,https://www.xscores.com/soccer/match/manchester-city-vs-newcastle/20-01-2018/523807
2017/2018,2018-01-21T16:00:00,Southampton,Tottenham,https://www.xscores.com/soccer/match/southampton-vs-tottenham/21-01-2018/523808
2017/2018,2018-01-22T20:00:00,Swansea,Liverpool,https://www.xscores.com/soccer/match/swansea-vs-liverpool/22-01-2018/523810
2017/2018,2018-01-30T19:45:00,Swansea,Arsenal,https://www.xscores.com/soccer/match/swansea-vs-arsenal/30-01-2018/523813
2017/2018,2018-01-30T19:45:00,West Ham,Crystal Palace,https://www.xscores.com/soccer/match/west-ham-vs-crystal-palace/30-01-2018/523814
2017/2018,2018-01-30T20:00:00,Huddersfield,Liverpool,https://www.xscores.com/soccer/match/huddersfield-vs-liverpool/30-01-2018/523812
2017/2018,2018-01-31T19:45:00,Chelsea,Bournemouth,https://www.xscores.com/soccer/match/chelsea-vs-bournemouth/31-01-2018/523815
2017/2018,2018-01-31T19:45:00,Everton,Leicester,https://www.xscores.com/soccer/match/everton-vs-leicester/31-01-2018/523816
2017/2018,2018-01-31T19:45:00,Newcastle,Burnley,https://www.xscores.com/soccer/match/newcastle-vs-burnley/31-01-2018/523817
2017/2018,2018-01-31T19:45:00,Southampton,Brighton,https://www.xscores.com/soccer/match/southampton-vs-brighton/31-01-2018/523818
2017/2018,2018-01-31T20:00:00,Manchester City,West Bromwich,https://www.xscores.com/soccer/match/manchester-city-vs-west-bromwich/31-01-2018/523819
2017/2018,2018-01-31T20:00:00,Stoke,Watford,https://www.xscores.com/soccer/match/stoke-vs-watford/31-01-2018/523820
2017/2018,2018-01-31T20:00:00,Tottenham,Manchester United,https://www.xscores.com/soccer/match/tottenham-vs-manchester-united/31-01-2018/523821
2017/2018,2018-02-03T12:30:00,Burnley,Manchester City,https://www.xscores.com/soccer/match/burnley-vs-manchester-city/03-02-2018/523825
2017/2018,2018-02-03T15:00:00,Bournemouth,Stoke,https://www.xscores.com/soccer/match/bournemouth-vs-stoke/03-02-2018/523823
2017/2018,2018-02-03T15:00:00,Brighton,West Ham,https://www.xscores.com/soccer/match/brighton-vs-west-ham/03-02-2018/523824
2017/2018,2018-02-03T15:00:00,Leicester,Swansea,https://www.xscores.com/soccer/match/leicester-vs-swansea/03-02-2018/523827
2017/2018,2018-02-03T15:00:00,Manchester United,Huddersfield,https://www.xscores.com/soccer/match/manchester-united-vs-huddersfield/03-02-2018/523829
2017/2018,2018-02-03T15:00:00,West Bromwich,Southampton,https://www.xscores.com/soccer/match/west-bromwich-vs-southampton/03-02-2018/523831
2017/2018,2018-02-03T17:30:00,Arsenal,Everton,https://www.xscores.com/soccer/match/arsenal-vs-everton/03-02-2018/523822
2017/2018,2018-02-04T14:15:00,Crystal Palace,Newcastle,https://www.xscores.com/soccer/match/crystal-palace-vs-newcastle/04-02-2018/523826
2017/2018,2018-02-04T16:30:00,Liverpool,Tottenham,https://www.xscores.com/soccer/match/liverpool-vs-tottenham/04-02-2018/523828
2017/2018,2018-02-05T20:00:00,Watford,Chelsea,https://www.xscores.com/soccer/match/watford-vs-chelsea/05-02-2018/523830
2017/2018,2018-02-10T12:30:00,Tottenham,Arsenal,https://www.xscores.com/soccer/match/tottenham-vs-arsenal/10-02-2018/523840
2017/2018,2018-02-10T15:00:00,Everton,Crystal Palace,https://www.xscores.com/soccer/match/everton-vs-crystal-palace/10-02-2018/523833
2017/2018,2018-02-10T15:00:00,Stoke,Brighton,https://www.xscores.com/soccer/match/stoke-vs-brighton/10-02-2018/523838
2017/2018,2018-02-10T15:00:00,Swansea,Burnley,https://www.xscores.com/soccer/match/swansea-vs-burnley/10-02-2018/523839
2017/2018,2018-02-10T15:00:00,West Ham,Watford,https://www.xscores.com/soccer/match/west-ham-vs-watford/10-02-2018/523841
2017/2018,2018-02-10T17:30:00,Manchester City,Leicester,https://www.xscores.com/soccer/match/manchester-city-vs-leicester/10-02-2018/523835
2017/2018,2018-02-11T12:00:00,Huddersfield,Bournemouth,https://www.xscores.com/soccer/match/huddersfield-vs-bournemouth/11-02-2018/523834
2017/2018,2018-02-11T14:15:00,Newcastle,Manchester United,https://www.xscores.com/soccer/match/newcastle-vs-manchester-united/11-02-2018/523836
2017/2018,2018-02-11T16:30:00,Southampton,Liverpool,https://www.xscores.com/soccer/match/southampton-vs-liverpool/11-02-2018/523837
2017/2018,2018-02-12T20:00:00,Chelsea,West Bromwich,https://www.xscores.com/soccer/match/chelsea-vs-west-bromwich/12-02-2018/523832
2017/2018,2018-02-24T12:30:00,Leicester,Stoke,https://www.xscores.com/soccer/match/leicester-vs-stoke/24-02-2018/523847
2017/2018,2018-02-24T15:00:00,Bournemouth,Newcastle,https://www.xscores.com/soccer/match/bournemouth-vs-newcastle/24-02-2018/523843
2017/2018,2018-02-24T15:00:00,Brighton,Swansea,https://www.xscores.com/soccer/match/brighton-vs-swansea/24-02-2018/523844
2017/2018,2018-02-24T15:00:00,Burnley,Southampton,https://www.xscores.com/soccer/match/burnley-vs-southampton/24-02-2018/523845
2017/2018,2018-02-24T15:00:00,Liverpool,West Ham,https://www.xscores.com/soccer/match/liverpool-vs-west-ham/24-02-2018/523848
2017/2018,2018-02-24T15:00:00,West Bromwich,Huddersfield,https://www.xscores.com/soccer/match/west-bromwich-vs-huddersfield/24-02-2018/523851
2017/2018,2018-02-24T17:30:00,Watford,Everton,https://www.xscores.com/soccer/match/watford-vs-everton/24-02-2018/523850
2017/2018,2018-02-25T12:00:00,Crystal Palace,Tottenham,https://www.xscores.com/soccer/match/crystal-palace-vs-tottenham/25-02-2018/523846
2017/2018,2018-02-25T14:05:00,Manchester United,Chelsea,https://www.xscores.com/soccer/match/manchester-united-vs-chelsea/25-02-2018/523849
2017/2018,2018-03-01T19:45:00,Arsenal,Manchester City,https://www.xscores.com/soccer/match/arsenal-vs-manchester-city/01-03-2018/523842
2017/2018,2018-03-03T12:30:00,Burnley,Everton,https://www.xscores.com/soccer/match/burnley-vs-everton/03-03-2018/523853
2017/2018,2018-03-03T15:00:00,Leicester,Bournemouth,https://www.xscores.com/soccer/match/leicester-vs-bournemouth/03-03-2018/523855
2017/2018,2018-03-03T15:00:00,Southampton,Stoke,https://www.xscores.com/soccer/match/southampton-vs-stoke/03-03-2018/523858
2017/2018,2018-03-03T15:00:00,Swansea,West Ham,https://www.xscores.com/soccer/match/swansea-vs-west-ham/03-03-2018/523859
2017/2018,2018-03-03T15:00:00,Tottenham,Huddersfield,https://www.xscores.com/soccer/match/tottenham-vs-huddersfield/03-03-2018/523860
2017/2018,2018-03-03T15:00:00,Watford,West Bromwich,https://www.xscores.com/soccer/match/watford-vs-west-bromwich/03-03-2018/523861
2017/2018,2018-03-03T17:30:00,Liverpool,Newcastle,https://www.xscores.com/soccer/match/liverpool-vs-newcastle/03-03-2018/523856
2017/2018,2018-03-04T13:30:00,Brighton,Arsenal,https://www.xscores.com/soccer/match/brighton-vs-arsenal/04-03-2018/523852
2017/2018,2018-03-04T16:00:00,Manchester City,Chelsea,https://www.xscores.com/soccer/match/manchester-city-vs-chelsea/04-03-2018/523857
2017/2018,2018-03-05T20:00:00,Crystal Palace,Manchester United,https://www.xscores.com/soccer/match/crystal-palace-vs-manchester-united/05-03-2018/523854
2017/2018,2018-03-10T12:30:00,Manchester United,Liverpool,https://www.xscores.com/soccer/match/manchester-united-vs-liverpool/10-03-2018/523867
2017/2018,2018-03-10T15:00:00,Everton,Brighton,https://www.xscores.com/soccer/match/everton-vs-brighton/10-03-2018/523865
2017/2018,2018-03-10T15:00:00,Huddersfield,Swansea,https://www.xscores.com/soccer/match/huddersfield-vs-swansea/10-03-2018/523866
2017/2018,2018-03-10T15:00:00,Newcastle,Southampton,https://www.xscores.com/soccer/match/newcastle-vs-southampton/10-03-2018/523868
2017/2018,2018-03-10T15:00:00,West Bromwich,Leicester,https://www.xscores.com/soccer/match/west-bromwich-vs-leicester/10-03-2018/523870
2017/2018,2018-03-10T15:00:00,West Ham,Burnley,https://www.xscores.com/soccer/match/west-ham-vs-burnley/10-03-2018/523871
2017/2018,2018-03-10T17:30:00,Chelsea,Crystal Palace,https://www.xscores.com/soccer/match/chelsea-vs-crystal-palace/10-03-2018/523864
2017/2018,2018-03-11T13:30:00,Arsenal,Watford,https://www.xscores.com/soccer/match/arsenal-vs-watford/11-03-2018/523862
2017/2018,2018-03-11T16:00:00,Bournemouth,Tottenham,https://www.xscores.com/soccer/match/bournemouth-vs-tottenham/11-03-2018/523863
2017/2018,2018-03-12T20:00:00,Stoke,Manchester City,https://www.xscores.com/soccer/match/stoke-vs-manchester-city/12-03-2018/523869
2017/2018,2018-03-17T15:00:00,Bournemouth,West Bromwich,https://www.xscores.com/soccer/match/bournemouth-vs-west-bromwich/17-03-2018/523872
2017/2018,2018-03-17T15:00:00,Huddersfield,Crystal Palace,https://www.xscores.com/soccer/match/huddersfield-vs-crystal-palace/17-03-2018/523874
2017/2018,2018-03-17T15:00:00,Stoke,Everton,https://www.xscores.com/soccer/match/stoke-vs-everton/17-03-2018/523878
2017/2018,2018-03-17T17:30:00,Liverpool,Watford,https://www.xscores.com/soccer/match/liverpool-vs-watford/17-03-2018/523876
2017/2018,2018-04-19T19:45:00,Burnley,Chelsea,https://www.xscores.com/soccer/match/burnley-vs-chelsea/19-04-2018/523873
2017/2018,2018-05-08T19:45:00,Swansea,Southampton,https://www.xscores.com/soccer/match/swansea-vs-southampton/08-05-2018/523879
2017/2018,2018-05-09T19:45:00,Leicester,Arsenal,https://www.xscores.com/soccer/match/leicester-vs-arsenal/09-05-2018/523875
2017/2018,2018-05-09T20:00:00,Manchester City,Brighton,https://www.xscores.com/soccer/match/manchester-city-vs-brighton/09-05-2018/523877
2017/2018,2018-05-09T20:00:00,Tottenham,Newcastle,https://www.xscores.com/soccer/match/tottenham-vs-newcastle/09-05-2018/523880
2017/2018,2018-05-10T19:45:00,West Ham,Manchester United,https://www.xscores.com/soccer/match/west-ham-vs-manchester-united/10-05-2018/523881
2017/2018,2018-03-31T12:30:00,Crystal Palace,Liverpool,https://www.xscores.com/soccer/match/crystal-palace-vs-liverpool/31-03-2018/523885
2017/2018,2018-03-31T15:00:00,Brighton,Leicester,https://www.xscores.com/soccer/match/brighton-vs-leicester/31-03-2018/523883
2017/2018,2018-03-31T15:00:00,Manchester United,Swansea,https://www.xscores.com/soccer/match/manchester-united-vs-swansea/31-03-2018/523887
2017/2018,2018-03-31T15:00:00,Newcastle,Huddersfield,https://www.xscores.com/soccer/match/newcastle-vs-huddersfield/31-03-2018/523888
2017/2018,2018-03-31T15:00:00,Watford,Bournemouth,https://www.xscores.com/soccer/match/watford-vs-bournemouth/31-03-2018/523890
2017/2018,2018-03-31T15:00:00,West Bromwich,Burnley,https://www.xscores.com/soccer/match/west-bromwich-vs-burnley/31-03-2018/523891
2017/2018,2018-03-31T15:00:00,West Ham,Southampton,https://www.xscores.com/soccer/match/west-ham-vs-southampton/31-03-2018/523889
2017/2018,2018-03-31T17:30:00,Everton,Manchester City,https://www.xscores.com/soccer/match/everton-vs-manchester-city/31-03-2018/523886
2017/2018,2018-04-01T13:30:00,Arsenal,Stoke,https://www.xscores.com/soccer/match/arsenal-vs-stoke/01-04-2018/523882
2017/2018,2018-04-01T16:00:00,Chelsea,Tottenham,https://www.xscores.com/soccer/match/chelsea-vs-tottenham/01-04-2018/523884
2017/2018,2018-04-07T12:30:00,Everton,Liverpool,https://www.xscores.com/soccer/match/everton-vs-liverpool/07-04-2018/523896
2017/2018,2018-04-07T15:00:00,Bournemouth,Crystal Palace,https://www.xscores.com/soccer/match/bournemouth-vs-crystal-palace/07-04-2018/523893
2017/2018,2018-04-07T15:00:00,Brighton,Huddersfield,https://www.xscores.com/soccer/match/brighton-vs-huddersfield/07-04-2018/523894
2017/2018,2018-04-07T15:00:00,Leicester,Newcastle,https://www.xscores.com/soccer/match/leicester-vs-newcastle/07-04-2018/523897
2017/2018,2018-04-07T15:00:00,Stoke,Tottenham,https://www.xscores.com/soccer/match/stoke-vs-tottenham/07-04-2018/523899
2017/2018,2018-04-07T15:00:00,Watford,Burnley,https://www.xscores.com/soccer/match/watford-vs-burnley/07-04-2018/523900
2017/2018,2018-04-07T15:00:00,West Bromwich,Swansea,https://www.xscores.com/soccer/match/west-bromwich-vs-swansea/07-04-2018/523901
2017/2018,2018-04-07T17:30:00,Manchester City,Manchester United,https://www.xscores.com/soccer/match/manchester-city-vs-manchester-united/07-04-2018/523898
2017/2018,2018-04-08T14:15:00,Arsenal,Southampton,https://www.xscores.com/soccer/match/arsenal-vs-southampton/08-04-2018/523892
2017/2018,2018-04-08T16:30:00,Chelsea,West Ham,https://www.xscores.com/soccer/match/chelsea-vs-west-ham/08-04-2018/523895
2017/2018,2018-04-14T12:30:00,Southampton,Chelsea,https://www.xscores.com/soccer/match/southampton-vs-chelsea/14-04-2018/523908
2017/2018,2018-04-14T15:00:00,Burnley,Leicester,https://www.xscores.com/soccer/match/burnley-vs-leicester/14-04-2018/523902
2017/2018,2018-04-14T15:00:00,Crystal Palace,Brighton,https://www.xscores.com/soccer/match/crystal-palace-vs-brighton/14-04-2018/523903
2017/2018,2018-04-14T15:00:00,Huddersfield,Watford,https://www.xscores.com/soccer/match/huddersfield-vs-watford/14-04-2018/523904
2017/2018,2018-04-14T15:00:00,Swansea,Everton,https://www.xscores.com/soccer/match/swansea-vs-everton/14-04-2018/523909
2017/2018,2018-04-14T17:30:00,Liverpool,Bournemouth,https://www.xscores.com/soccer/match/liverpool-vs-bournemouth/14-04-2018/523905
2017/2018,2018-04-14T19:45:00,Tottenham,Manchester City,https://www.xscores.com/soccer/match/tottenham-vs-manchester-city/14-04-2018/523910
2017/2018,2018-04-15T13:30:00,Newcastle,Arsenal,https://www.xscores.com/soccer/match/newcastle-vs-arsenal/15-04-2018/523907
2017/2018,2018-04-15T16:00:00,Manchester United,West Bromwich,https://www.xscores.com/soccer/match/manchester-united-vs-west-bromwich/15-04-2018/523906
2017/2018,2018-04-16T20:00:00,West Ham,Stoke,https://www.xscores.com/soccer/match/west-ham-vs-stoke/16-04-2018/523911
2017/2018,2018-04-17T19:45:00,Brighton,Tottenham,https://www.xscores.com/soccer/match/brighton-vs-tottenham/17-04-2018/523914
2017/2018,2018-04-18T19:45:00,Bournemouth,Manchester United,https://www.xscores.com/soccer/match/bournemouth-vs-manchester-united/18-04-2018/523913
2017/2018,2018-04-19T19:45:00,Leicester,Southampton,https://www.xscores.com/soccer/match/leicester-vs-southampton/19-04-2018/523917
2017/2018,2018-04-21T12:30:00,West Bromwich,Liverpool,https://www.xscores.com/soccer/match/west-bromwich-vs-liverpool/21-04-2018/523921
2017/2018,2018-04-21T15:00:00,Watford,Crystal Palace,https://www.xscores.com/soccer/match/watford-vs-crystal-palace/21-04-2018/523920
2017/2018,2018-04-22T13:30:00,Arsenal,West Ham,https://www.xscores.com/soccer/match/arsenal-vs-west-ham/22-04-2018/523912
2017/2018,2018-04-22T13:30:00,Stoke,Burnley,https://www.xscores.com/soccer/match/stoke-vs-burnley/22-04-2018/523919
2017/2018,2018-04-22T16:30:00,Manchester City,Swansea,https://www.xscores.com/soccer/match/manchester-city-vs-swansea/22-04-2018/523918
2017/2018,2018-04-23T20:00:00,Everton,Newcastle,https://www.xscores.com/soccer/match/everton-vs-newcastle/23-04-2018/523916
2017/2018,2018-05-09T19:45:00,Chelsea,Huddersfield,https://www.xscores.com/soccer/match/chelsea-vs-huddersfield/09-05-2018/523915
2017/2018,2018-04-28T12:30:00,Liverpool,Stoke,https://www.xscores.com/soccer/match/liverpool-vs-stoke/28-04-2018/523925
2017/2018,2018-04-28T15:00:00,Burnley,Brighton,https://www.xscores.com/soccer/match/burnley-vs-brighton/28-04-2018/523922
2017/2018,2018-04-28T15:00:00,Crystal Palace,Leicester,https://www.xscores.com/soccer/match/crystal-palace-vs-leicester/28-04-2018/523923
2017/2018,2018-04-28T15:00:00,Huddersfield,Everton,https://www.xscores.com/soccer/match/huddersfield-vs-everton/28-04-2018/523924
2017/2018,2018-04-28T15:00:00,Newcastle,West Bromwich,https://www.xscores.com/soccer/match/newcastle-vs-west-bromwich/28-04-2018/523927
2017/2018,2018-04-28T15:00:00,Southampton,Bournemouth,https://www.xscores.com/soccer/match/southampton-vs-bournemouth/28-04-2018/523928
2017/2018,2018-04-28T17:30:00,Swansea,Chelsea,https://www.xscores.com/soccer/match/swansea-vs-chelsea/28-04-2018/523929
2017/2018,2018-04-29T14:15:00,West Ham,Manchester City,https://www.xscores.com/soccer/match/west-ham-vs-manchester-city/29-04-2018/523931
2017/2018,2018-04-29T16:30:00,Manchester United,Arsenal,https://www.xscores.com/soccer/match/manchester-united-vs-arsenal/29-04-2018/523926
2017/2018,2018-04-30T20:00:00,Tottenham,Watford,https://www.xscores.com/soccer/match/tottenham-vs-watford/30-04-2018/523930
2017/2018,2018-05-04T20:00:00,Brighton,Manchester United,https://www.xscores.com/soccer/match/brighton-vs-manchester-united/04-05-2018/523934
2017/2018,2018-05-05T12:30:00,Stoke,Crystal Palace,https://www.xscores.com/soccer/match/stoke-vs-crystal-palace/05-05-2018/523939
2017/2018,2018-05-05T15:00:00,Bournemouth,Swansea,https://www.xscores.com/soccer/match/bournemouth-vs-swansea/05-05-2018/523933
2017/2018,2018-05-05T15:00:00,Leicester,West Ham,https://www.xscores.com/soccer/match/leicester-vs-west-ham/05-05-2018/523937
2017/2018,2018-05-05T15:00:00,Watford,Newcastle,https://www.xscores.com/soccer/match/watford-vs-newcastle/05-05-2018/523940
2017/2018,2018-05-05T15:00:00,West Bromwich,Tottenham,https://www.xscores.com/soccer/match/west-bromwich-vs-tottenham/05-05-2018/523941
2017/2018,2018-05-05T17:30:00,Everton,Southampton,https://www.xscores.com/soccer/match/everton-vs-southampton/05-05-2018/523936
2017/2018,2018-05-06T13:30:00,Manchester City,Huddersfield,https://www.xscores.com/soccer/match/manchester-city-vs-huddersfield/06-05-2018/523938
2017/2018,2018-05-06T16:30:00,Arsenal,Burnley,https://www.xscores.com/soccer/match/arsenal-vs-burnley/06-05-2018/523932
2017/2018,2018-05-06T16:30:00,Chelsea,Liverpool,https://www.xscores.com/soccer/match/chelsea-vs-liverpool/06-05-2018/523935
2017/2018,2018-05-13T15:00:00,Burnley,Bournemouth,https://www.xscores.com/soccer/match/burnley-vs-bournemouth/13-05-2018/523942
2017/2018,2018-05-13T15:00:00,Crystal Palace,West Bromwich,https://www.xscores.com/soccer/match/crystal-palace-vs-west-bromwich/13-05-2018/523943
2017/2018,2018-05-13T15:00:00,Huddersfield,Arsenal,https://www.xscores.com/soccer/match/huddersfield-vs-arsenal/13-05-2018/523944
2017/2018,2018-05-13T15:00:00,Liverpool,Brighton,https://www.xscores.com/soccer/match/liverpool-vs-brighton/13-05-2018/523945
2017/2018,2018-05-13T15:00:00,Manchester United,Watford,https://www.xscores.com/soccer/match/manchester-united-vs-watford/13-05-2018/523946
2017/2018,2018-05-13T15:00:00,Newcastle,Chelsea,https://www.xscores.com/soccer/match/newcastle-vs-chelsea/13-05-2018/523947
2017/2018,2018-05-13T15:00:00,Southampton,Manchester City,https://www.xscores.com/soccer/match/southampton-vs-manchester-city/13-05-2018/523948
2017/2018,2018-05-13T15:00:00,Swansea,Stoke,https://www.xscores.com/soccer/match/swansea-vs-stoke/13-05-2018/523949
2017/2018,2018-05-13T15:00:00,Tottenham,Leicester,https://www.xscores.com/soccer/match/tottenham-vs-leicester/13-05-2018/523950
2017/2018,2018-05-13T15:00:00,West Ham,Everton,https://www.xscores.com/soccer/match/west-ham-vs-everton/13-05-2018/523951
