season,date,home_team,away_team,url
2003/2004,2003-08-16T13:00:00,Birmingham,Tottenham,https://www.xscores.com/soccer/match/birmingham-vs-tottenham/16-08-2003/1523627
2003/2004,2003-08-16T13:30:00,Portsmouth,Aston Villa,https://www.xscores.com/soccer/match/portsmouth-vs-aston-villa/16-08-2003/1523628
2003/2004,2003-08-16T16:00:00,Arsenal,Everton,https://www.xscores.com/soccer/match/arsenal-vs-everton/16-08-2003/1523632
2003/2004,2003-08-16T16:00:00,Blackburn,Wolverhampton,https://www.xscores.com/soccer/match/blackburn-vs-wolverhampton/16-08-2003/1523629
2003/2004,2003-08-16T16:00:00,Fulham,Middlesbrough,https://www.xscores.com/soccer/match/fulham-vs-middlesbrough/16-08-2003/1523630
2003/2004,2003-08-16T16:00:00,Leicester,Southampton,https://www.xscores.com/soccer/match/leicester-vs-southampton/16-08-2003/1523631
2003/2004,2003-08-16T16:00:00,Manchester United,Bolton,https://www.xscores.com/soccer/match/manchester-united-vs-bolton/16-08-2003/1523633
2003/2004,2003-08-17T15:00:00,Charlton,Manchester City,https://www.xscores.com/soccer/match/charlton-vs-manchester-city/17-08-2003/1523635
2003/2004,2003-08-17T15:00:00,Leeds,Newcastle,https://www.xscores.com/soccer/match/leeds-vs-newcastle/17-08-2003/1523634
2003/2004,2003-08-17T17:05:00,Liverpool,Chelsea,https://www.xscores.com/soccer/match/liverpool-vs-chelsea/17-08-2003/1523636
2003/2004,2003-08-23T13:00:00,Newcastle,Manchester United,https://www.xscores.com/soccer/match/newcastle-vs-manchester-united/23-08-2003/1523637
2003/2004,2003-08-23T16:00:00,Bolton,Blackburn,https://www.xscores.com/soccer/match/bolton-vs-blackburn/23-08-2003/1523641
2003/2004,2003-08-23T16:00:00,Chelsea,Leicester,https://www.xscores.com/soccer/match/chelsea-vs-leicester/23-08-2003/1523642
2003/2004,2003-08-23T16:00:00,Everton,Fulham,https://www.xscores.com/soccer/match/everton-vs-fulham/23-08-2003/1523643
2003/2004,2003-08-23T16:00:00,Manchester City,Portsmouth,https://www.xscores.com/soccer/match/manchester-city-vs-portsmouth/23-08-2003/1523644
2003/2004,2003-08-23T16:00:00,Southampton,Birmingham,https://www.xscores.com/soccer/match/southampton-vs-birmingham/23-08-2003/1523638
2003/2004,2003-08-23T16:00:00,Tottenham,Leeds,https://www.xscores.com/soccer/match/tottenham-vs-leeds/23-08-2003/1523639
2003/2004,2003-08-23T16:00:00,Wolverhampton,Charlton,https://www.xscores.com/soccer/match/wolverhampton-vs-charlton/23-08-2003/1523640
2003/2004,2003-08-24T15:00:00,Aston Villa,Liverpool,https://www.xscores.com/soccer/match/aston-villa-vs-liverpool/24-08-2003/1523645
2003/2004,2003-08-24T17:05:00,Middlesbrough,Arsenal,https://www.xscores.com/soccer/match/middlesbrough-vs-arsenal/24-08-2003/1523646
2003/2004,2003-08-25T21:00:00,Blackburn,Manchester City,https://www.xscores.com/soccer/match/blackburn-vs-manchester-city/25-08-2003/1523647
2003/2004,2003-08-26T20:45:00,Leeds,Southampton,https://www.xscores.com/soccer/match/leeds-vs-southampton/26-08-2003/1523648
2003/2004,2003-08-26T20:45:00,Leicester,Middlesbrough,https://www.xscores.com/soccer/match/leicester-vs-middlesbrough/26-08-2003/1523649
2003/2004,2003-08-26T20:45:00,Portsmouth,Bolton,https://www.xscores.com/soccer/match/portsmouth-vs-bolton/26-08-2003/1523650
2003/2004,2003-08-26T21:00:00,Charlton,Everton,https://www.xscores.com/soccer/match/charlton-vs-everton/26-08-2003/1523651
2003/2004,2003-08-27T20:45:00,Arsenal,Aston Villa,https://www.xscores.com/soccer/match/arsenal-vs-aston-villa/27-08-2003/1523652
2003/2004,2003-08-27T21:00:00,Liverpool,Tottenham,https://www.xscores.com/soccer/match/liverpool-vs-tottenham/27-08-2003/1523653
2003/2004,2003-08-27T21:00:00,Manchester United,Wolverhampton,https://www.xscores.com/soccer/match/manchester-united-vs-wolverhampton/27-08-2003/1523654
2003/2004,2003-10-14T20:45:00,Birmingham,Chelsea,https://www.xscores.com/soccer/match/birmingham-vs-chelsea/14-10-2003/1523655
2003/2004,2003-10-21T21:20:00,Fulham,Newcastle,https://www.xscores.com/soccer/match/fulham-vs-newcastle/21-10-2003/1523656
2003/2004,2003-08-30T13:30:00,Everton,Liverpool,https://www.xscores.com/soccer/match/everton-vs-liverpool/30-08-2003/1523657
2003/2004,2003-08-30T16:00:00,Aston Villa,Leicester,https://www.xscores.com/soccer/match/aston-villa-vs-leicester/30-08-2003/1523658
2003/2004,2003-08-30T16:00:00,Bolton,Charlton,https://www.xscores.com/soccer/match/bolton-vs-charlton/30-08-2003/1523659
2003/2004,2003-08-30T16:00:00,Chelsea,Blackburn,https://www.xscores.com/soccer/match/chelsea-vs-blackburn/30-08-2003/1523660
2003/2004,2003-08-30T16:00:00,Middlesbrough,Leeds,https://www.xscores.com/soccer/match/middlesbrough-vs-leeds/30-08-2003/1523661
2003/2004,2003-08-30T16:00:00,Newcastle,Birmingham,https://www.xscores.com/soccer/match/newcastle-vs-birmingham/30-08-2003/1523662
2003/2004,2003-08-30T16:00:00,Tottenham,Fulham,https://www.xscores.com/soccer/match/tottenham-vs-fulham/30-08-2003/1523663
2003/2004,2003-08-30T16:00:00,Wolverhampton,Portsmouth,https://www.xscores.com/soccer/match/wolverhampton-vs-portsmouth/30-08-2003/1523664
2003/2004,2003-08-31T15:00:00,Southampton,Manchester United,https://www.xscores.com/soccer/match/southampton-vs-manchester-united/31-08-2003/1523665
2003/2004,2003-08-31T17:05:00,Manchester City,Arsenal,https://www.xscores.com/soccer/match/manchester-city-vs-arsenal/31-08-2003/1523666
2003/2004,2003-09-13T16:00:00,Arsenal,Portsmouth,https://www.xscores.com/soccer/match/arsenal-vs-portsmouth/13-09-2003/1523672
2003/2004,2003-09-13T16:00:00,Blackburn,Liverpool,https://www.xscores.com/soccer/match/blackburn-vs-liverpool/13-09-2003/1523667
2003/2004,2003-09-13T16:00:00,Bolton,Middlesbrough,https://www.xscores.com/soccer/match/bolton-vs-middlesbrough/13-09-2003/1523668
2003/2004,2003-09-13T16:00:00,Charlton,Manchester United,https://www.xscores.com/soccer/match/charlton-vs-manchester-united/13-09-2003/1523669
2003/2004,2003-09-13T16:00:00,Chelsea,Tottenham,https://www.xscores.com/soccer/match/chelsea-vs-tottenham/13-09-2003/1523670
2003/2004,2003-09-13T16:00:00,Everton,Newcastle,https://www.xscores.com/soccer/match/everton-vs-newcastle/13-09-2003/1523671
2003/2004,2003-09-13T16:00:00,Southampton,Wolverhampton,https://www.xscores.com/soccer/match/southampton-vs-wolverhampton/13-09-2003/1523673
2003/2004,2003-09-14T15:00:00,Manchester City,Aston Villa,https://www.xscores.com/soccer/match/manchester-city-vs-aston-villa/14-09-2003/1523674
2003/2004,2003-09-14T17:05:00,Birmingham,Fulham,https://www.xscores.com/soccer/match/birmingham-vs-fulham/14-09-2003/1523675
2003/2004,2003-09-15T21:00:00,Leicester,Leeds,https://www.xscores.com/soccer/match/leicester-vs-leeds/15-09-2003/1523676
2003/2004,2003-09-20T13:30:00,Wolverhampton,Chelsea,https://www.xscores.com/soccer/match/wolverhampton-vs-chelsea/20-09-2003/1523677
2003/2004,2003-09-20T16:00:00,Aston Villa,Charlton,https://www.xscores.com/soccer/match/aston-villa-vs-charlton/20-09-2003/1523681
2003/2004,2003-09-20T16:00:00,Fulham,Manchester City,https://www.xscores.com/soccer/match/fulham-vs-manchester-city/20-09-2003/1523682
2003/2004,2003-09-20T16:00:00,Leeds,Birmingham,https://www.xscores.com/soccer/match/leeds-vs-birmingham/20-09-2003/1523683
2003/2004,2003-09-20T16:00:00,Liverpool,Leicester,https://www.xscores.com/soccer/match/liverpool-vs-leicester/20-09-2003/1523684
2003/2004,2003-09-20T16:00:00,Newcastle,Bolton,https://www.xscores.com/soccer/match/newcastle-vs-bolton/20-09-2003/1523678
2003/2004,2003-09-20T16:00:00,Portsmouth,Blackburn,https://www.xscores.com/soccer/match/portsmouth-vs-blackburn/20-09-2003/1523679
2003/2004,2003-09-20T16:00:00,Tottenham,Southampton,https://www.xscores.com/soccer/match/tottenham-vs-southampton/20-09-2003/1523680
2003/2004,2003-09-21T15:00:00,Middlesbrough,Everton,https://www.xscores.com/soccer/match/middlesbrough-vs-everton/21-09-2003/1523685
2003/2004,2003-09-21T17:05:00,Manchester United,Arsenal,https://www.xscores.com/soccer/match/manchester-united-vs-arsenal/21-09-2003/1523686
2003/2004,2003-09-26T21:00:00,Arsenal,Newcastle,https://www.xscores.com/soccer/match/arsenal-vs-newcastle/26-09-2003/1523687
2003/2004,2003-09-27T16:00:00,Birmingham,Portsmouth,https://www.xscores.com/soccer/match/birmingham-vs-portsmouth/27-09-2003/1523688
2003/2004,2003-09-27T16:00:00,Bolton,Wolverhampton,https://www.xscores.com/soccer/match/bolton-vs-wolverhampton/27-09-2003/1523689
2003/2004,2003-09-27T16:00:00,Chelsea,Aston Villa,https://www.xscores.com/soccer/match/chelsea-vs-aston-villa/27-09-2003/1523690
2003/2004,2003-09-27T16:00:00,Leicester,Manchester United,https://www.xscores.com/soccer/match/leicester-vs-manchester-united/27-09-2003/1523691
2003/2004,2003-09-27T16:00:00,Southampton,Middlesbrough,https://www.xscores.com/soccer/match/southampton-vs-middlesbrough/27-09-2003/1523692
2003/2004,2003-09-28T15:00:00,Charlton,Liverpool,https://www.xscores.com/soccer/match/charlton-vs-liverpool/28-09-2003/1523693
2003/2004,2003-09-28T16:00:00,Blackburn,Fulham,https://www.xscores.com/soccer/match/blackburn-vs-fulham/28-09-2003/1523694
2003/2004,2003-09-28T16:00:00,Everton,Leeds,https://www.xscores.com/soccer/match/everton-vs-leeds/28-09-2003/1523695
2003/2004,2003-09-28T17:05:00,Manchester City,Tottenham,https://www.xscores.com/soccer/match/manchester-city-vs-tottenham/28-09-2003/1523696
2003/2004,2003-10-04T13:30:00,Liverpool,Arsenal,https://www.xscores.com/soccer/match/liverpool-vs-arsenal/04-10-2003/1523697
2003/2004,2003-10-04T16:00:00,Fulham,Leicester,https://www.xscores.com/soccer/match/fulham-vs-leicester/04-10-2003/1523699
2003/2004,2003-10-04T16:00:00,Leeds,Blackburn,https://www.xscores.com/soccer/match/leeds-vs-blackburn/04-10-2003/1523700
2003/2004,2003-10-04T16:00:00,Manchester United,Birmingham,https://www.xscores.com/soccer/match/manchester-united-vs-birmingham/04-10-2003/1523698
2003/2004,2003-10-04T16:00:00,Newcastle,Southampton,https://www.xscores.com/soccer/match/newcastle-vs-southampton/04-10-2003/1523701
2003/2004,2003-10-04T16:00:00,Portsmouth,Charlton,https://www.xscores.com/soccer/match/portsmouth-vs-charlton/04-10-2003/1523702
2003/2004,2003-10-04T16:00:00,Tottenham,Everton,https://www.xscores.com/soccer/match/tottenham-vs-everton/04-10-2003/1523703
2003/2004,2003-10-04T16:00:00,Wolverhampton,Manchester City,https://www.xscores.com/soccer/match/wolverhampton-vs-manchester-city/04-10-2003/1523704
2003/2004,2003-10-05T15:00:00,Middlesbrough,Chelsea,https://www.xscores.com/soccer/match/middlesbrough-vs-chelsea/05-10-2003/1523705
2003/2004,2003-10-05T17:05:00,Aston Villa,Bolton,https://www.xscores.com/soccer/match/aston-villa-vs-bolton/05-10-2003/1523706
2003/2004,2003-10-18T13:00:00,Leeds,Manchester United,https://www.xscores.com/soccer/match/leeds-vs-manchester-united/18-10-2003/1523707
2003/2004,2003-10-18T16:00:00,Arsenal,Chelsea,https://www.xscores.com/soccer/match/arsenal-vs-chelsea/18-10-2003/1523711
2003/2004,2003-10-18T16:00:00,Fulham,Wolverhampton,https://www.xscores.com/soccer/match/fulham-vs-wolverhampton/18-10-2003/1523712
2003/2004,2003-10-18T16:00:00,Manchester City,Bolton,https://www.xscores.com/soccer/match/manchester-city-vs-bolton/18-10-2003/1523708
2003/2004,2003-10-18T16:00:00,Middlesbrough,Newcastle,https://www.xscores.com/soccer/match/middlesbrough-vs-newcastle/18-10-2003/1523709
2003/2004,2003-10-18T16:00:00,Portsmouth,Liverpool,https://www.xscores.com/soccer/match/portsmouth-vs-liverpool/18-10-2003/1523710
2003/2004,2003-10-19T13:00:00,Birmingham,Aston Villa,https://www.xscores.com/soccer/match/birmingham-vs-aston-villa/19-10-2003/1523713
2003/2004,2003-10-19T15:00:00,Leicester,Tottenham,https://www.xscores.com/soccer/match/leicester-vs-tottenham/19-10-2003/1523714
2003/2004,2003-10-19T17:05:00,Everton,Southampton,https://www.xscores.com/soccer/match/everton-vs-southampton/19-10-2003/1523715
2003/2004,2003-10-20T21:00:00,Blackburn,Charlton,https://www.xscores.com/soccer/match/blackburn-vs-charlton/20-10-2003/1523716
2003/2004,2003-10-25T13:30:00,Bolton,Birmingham,https://www.xscores.com/soccer/match/bolton-vs-birmingham/25-10-2003/1523717
2003/2004,2003-10-25T13:30:00,Liverpool,Leeds,https://www.xscores.com/soccer/match/liverpool-vs-leeds/25-10-2003/1523718
2003/2004,2003-10-25T16:00:00,Aston Villa,Everton,https://www.xscores.com/soccer/match/aston-villa-vs-everton/25-10-2003/1523722
2003/2004,2003-10-25T16:00:00,Chelsea,Manchester City,https://www.xscores.com/soccer/match/chelsea-vs-manchester-city/25-10-2003/1523723
2003/2004,2003-10-25T16:00:00,Manchester United,Fulham,https://www.xscores.com/soccer/match/manchester-united-vs-fulham/25-10-2003/1523719
2003/2004,2003-10-25T16:00:00,Newcastle,Portsmouth,https://www.xscores.com/soccer/match/newcastle-vs-portsmouth/25-10-2003/1523720
2003/2004,2003-10-25T16:00:00,Southampton,Blackburn,https://www.xscores.com/soccer/match/southampton-vs-blackburn/25-10-2003/1523721
2003/2004,2003-10-25T16:00:00,Wolverhampton,Leicester,https://www.xscores.com/soccer/match/wolverhampton-vs-leicester/25-10-2003/1523724
2003/2004,2003-10-26T14:00:00,Charlton,Arsenal,https://www.xscores.com/soccer/match/charlton-vs-arsenal/26-10-2003/1523725
2003/2004,2003-10-26T16:05:00,Tottenham,Middlesbrough,https://www.xscores.com/soccer/match/tottenham-vs-middlesbrough/26-10-2003/1523726
2003/2004,2003-11-01T15:00:00,Everton,Chelsea,https://www.xscores.com/soccer/match/everton-vs-chelsea/01-11-2003/1523727
2003/2004,2003-11-01T15:00:00,Leeds,Arsenal,https://www.xscores.com/soccer/match/leeds-vs-arsenal/01-11-2003/1523728
2003/2004,2003-11-01T15:00:00,Manchester United,Portsmouth,https://www.xscores.com/soccer/match/manchester-united-vs-portsmouth/01-11-2003/1523729
2003/2004,2003-11-01T15:00:00,Middlesbrough,Wolverhampton,https://www.xscores.com/soccer/match/middlesbrough-vs-wolverhampton/01-11-2003/1523730
2003/2004,2003-11-01T15:00:00,Newcastle,Aston Villa,https://www.xscores.com/soccer/match/newcastle-vs-aston-villa/01-11-2003/1523731
2003/2004,2003-11-01T15:00:00,Southampton,Manchester City,https://www.xscores.com/soccer/match/southampton-vs-manchester-city/01-11-2003/1523732
2003/2004,2003-11-01T15:00:00,Tottenham,Bolton,https://www.xscores.com/soccer/match/tottenham-vs-bolton/01-11-2003/1523733
2003/2004,2003-11-02T14:00:00,Fulham,Liverpool,https://www.xscores.com/soccer/match/fulham-vs-liverpool/02-11-2003/1523734
2003/2004,2003-11-02T16:05:00,Leicester,Blackburn,https://www.xscores.com/soccer/match/leicester-vs-blackburn/02-11-2003/1523735
2003/2004,2003-11-03T20:00:00,Birmingham,Charlton,https://www.xscores.com/soccer/match/birmingham-vs-charlton/03-11-2003/1523736
2003/2004,2003-11-08T12:30:00,Wolverhampton,Birmingham,https://www.xscores.com/soccer/match/wolverhampton-vs-birmingham/08-11-2003/1523737
2003/2004,2003-11-08T15:00:00,Arsenal,Tottenham,https://www.xscores.com/soccer/match/arsenal-vs-tottenham/08-11-2003/1523738
2003/2004,2003-11-08T15:00:00,Aston Villa,Middlesbrough,https://www.xscores.com/soccer/match/aston-villa-vs-middlesbrough/08-11-2003/1523739
2003/2004,2003-11-08T15:00:00,Bolton,Southampton,https://www.xscores.com/soccer/match/bolton-vs-southampton/08-11-2003/1523740
2003/2004,2003-11-08T15:00:00,Charlton,Fulham,https://www.xscores.com/soccer/match/charlton-vs-fulham/08-11-2003/1523741
2003/2004,2003-11-08T15:30:00,Portsmouth,Leeds,https://www.xscores.com/soccer/match/portsmouth-vs-leeds/08-11-2003/1523742
2003/2004,2003-11-09T13:45:00,Liverpool,Manchester United,https://www.xscores.com/soccer/match/liverpool-vs-manchester-united/09-11-2003/1523743
2003/2004,2003-11-09T15:00:00,Manchester City,Leicester,https://www.xscores.com/soccer/match/manchester-city-vs-leicester/09-11-2003/1523744
2003/2004,2003-11-09T16:05:00,Chelsea,Newcastle,https://www.xscores.com/soccer/match/chelsea-vs-newcastle/09-11-2003/1523745
2003/2004,2003-11-10T20:00:00,Blackburn,Everton,https://www.xscores.com/soccer/match/blackburn-vs-everton/10-11-2003/1523746
2003/2004,2003-11-22T12:30:00,Manchester United,Blackburn,https://www.xscores.com/soccer/match/manchester-united-vs-blackburn/22-11-2003/1523747
2003/2004,2003-11-22T15:00:00,Birmingham,Arsenal,https://www.xscores.com/soccer/match/birmingham-vs-arsenal/22-11-2003/1523751
2003/2004,2003-11-22T15:00:00,Everton,Wolverhampton,https://www.xscores.com/soccer/match/everton-vs-wolverhampton/22-11-2003/1523752
2003/2004,2003-11-22T15:00:00,Leeds,Bolton,https://www.xscores.com/soccer/match/leeds-vs-bolton/22-11-2003/1523753
2003/2004,2003-11-22T15:00:00,Leicester,Charlton,https://www.xscores.com/soccer/match/leicester-vs-charlton/22-11-2003/1523754
2003/2004,2003-11-22T15:00:00,Middlesbrough,Liverpool,https://www.xscores.com/soccer/match/middlesbrough-vs-liverpool/22-11-2003/1523748
2003/2004,2003-11-22T15:00:00,Newcastle,Manchester City,https://www.xscores.com/soccer/match/newcastle-vs-manchester-city/22-11-2003/1523749
2003/2004,2003-11-22T15:00:00,Southampton,Chelsea,https://www.xscores.com/soccer/match/southampton-vs-chelsea/22-11-2003/1523750
2003/2004,2003-11-23T16:05:00,Tottenham,Aston Villa,https://www.xscores.com/soccer/match/tottenham-vs-aston-villa/23-11-2003/1523755
2003/2004,2003-11-24T20:00:00,Fulham,Portsmouth,https://www.xscores.com/soccer/match/fulham-vs-portsmouth/24-11-2003/1523756
2003/2004,2003-11-29T12:30:00,Wolverhampton,Newcastle,https://www.xscores.com/soccer/match/wolverhampton-vs-newcastle/29-11-2003/1523757
2003/2004,2003-11-29T15:00:00,Aston Villa,Southampton,https://www.xscores.com/soccer/match/aston-villa-vs-southampton/29-11-2003/1523759
2003/2004,2003-11-29T15:00:00,Blackburn,Tottenham,https://www.xscores.com/soccer/match/blackburn-vs-tottenham/29-11-2003/1523760
2003/2004,2003-11-29T15:00:00,Bolton,Everton,https://www.xscores.com/soccer/match/bolton-vs-everton/29-11-2003/1523761
2003/2004,2003-11-29T15:00:00,Charlton,Leeds,https://www.xscores.com/soccer/match/charlton-vs-leeds/29-11-2003/1523758
2003/2004,2003-11-29T15:00:00,Portsmouth,Leicester,https://www.xscores.com/soccer/match/portsmouth-vs-leicester/29-11-2003/1523762
2003/2004,2003-11-30T14:00:00,Arsenal,Fulham,https://www.xscores.com/soccer/match/arsenal-vs-fulham/30-11-2003/1523763
2003/2004,2003-11-30T15:00:00,Liverpool,Birmingham,https://www.xscores.com/soccer/match/liverpool-vs-birmingham/30-11-2003/1523764
2003/2004,2003-11-30T15:00:00,Manchester City,Middlesbrough,https://www.xscores.com/soccer/match/manchester-city-vs-middlesbrough/30-11-2003/1523765
2003/2004,2003-11-30T16:05:00,Chelsea,Manchester United,https://www.xscores.com/soccer/match/chelsea-vs-manchester-united/30-11-2003/1523766
2003/2004,2003-12-06T12:30:00,Newcastle,Liverpool,https://www.xscores.com/soccer/match/newcastle-vs-liverpool/06-12-2003/1523767
2003/2004,2003-12-06T15:00:00,Birmingham,Blackburn,https://www.xscores.com/soccer/match/birmingham-vs-blackburn/06-12-2003/1523768
2003/2004,2003-12-06T15:00:00,Fulham,Bolton,https://www.xscores.com/soccer/match/fulham-vs-bolton/06-12-2003/1523769
2003/2004,2003-12-06T15:00:00,Leeds,Chelsea,https://www.xscores.com/soccer/match/leeds-vs-chelsea/06-12-2003/1523770
2003/2004,2003-12-06T15:00:00,Leicester,Arsenal,https://www.xscores.com/soccer/match/leicester-vs-arsenal/06-12-2003/1523771
2003/2004,2003-12-06T15:00:00,Manchester United,Aston Villa,https://www.xscores.com/soccer/match/manchester-united-vs-aston-villa/06-12-2003/1523772
2003/2004,2003-12-06T15:00:00,Middlesbrough,Portsmouth,https://www.xscores.com/soccer/match/middlesbrough-vs-portsmouth/06-12-2003/1523773
2003/2004,2003-12-06T15:00:00,Tottenham,Wolverhampton,https://www.xscores.com/soccer/match/tottenham-vs-wolverhampton/06-12-2003/1523774
2003/2004,2003-12-07T14:00:00,Everton,Manchester City,https://www.xscores.com/soccer/match/everton-vs-manchester-city/07-12-2003/1523775
2003/2004,2003-12-07T16:05:00,Southampton,Charlton,https://www.xscores.com/soccer/match/southampton-vs-charlton/07-12-2003/1523776
2003/2004,2003-12-13T12:00:00,Leicester,Birmingham,https://www.xscores.com/soccer/match/leicester-vs-birmingham/13-12-2003/1523777
2003/2004,2003-12-13T12:30:00,Manchester United,Manchester City,https://www.xscores.com/soccer/match/manchester-united-vs-manchester-city/13-12-2003/1523778
2003/2004,2003-12-13T15:00:00,Chelsea,Bolton,https://www.xscores.com/soccer/match/chelsea-vs-bolton/13-12-2003/1523782
2003/2004,2003-12-13T15:00:00,Liverpool,Southampton,https://www.xscores.com/soccer/match/liverpool-vs-southampton/13-12-2003/1523783
2003/2004,2003-12-13T15:00:00,Middlesbrough,Charlton,https://www.xscores.com/soccer/match/middlesbrough-vs-charlton/13-12-2003/1523779
2003/2004,2003-12-13T15:00:00,Newcastle,Tottenham,https://www.xscores.com/soccer/match/newcastle-vs-tottenham/13-12-2003/1523780
2003/2004,2003-12-13T15:00:00,Portsmouth,Everton,https://www.xscores.com/soccer/match/portsmouth-vs-everton/13-12-2003/1523781
2003/2004,2003-12-14T12:00:00,Aston Villa,Wolverhampton,https://www.xscores.com/soccer/match/aston-villa-vs-wolverhampton/14-12-2003/1523784
2003/2004,2003-12-14T14:00:00,Arsenal,Blackburn,https://www.xscores.com/soccer/match/arsenal-vs-blackburn/14-12-2003/1523785
2003/2004,2003-12-14T16:05:00,Leeds,Fulham,https://www.xscores.com/soccer/match/leeds-vs-fulham/14-12-2003/1523786
2003/2004,2003-12-20T15:00:00,Blackburn,Aston Villa,https://www.xscores.com/soccer/match/blackburn-vs-aston-villa/20-12-2003/1523787
2003/2004,2003-12-20T15:00:00,Bolton,Arsenal,https://www.xscores.com/soccer/match/bolton-vs-arsenal/20-12-2003/1523788
2003/2004,2003-12-20T15:00:00,Charlton,Newcastle,https://www.xscores.com/soccer/match/charlton-vs-newcastle/20-12-2003/1523789
2003/2004,2003-12-20T15:00:00,Everton,Leicester,https://www.xscores.com/soccer/match/everton-vs-leicester/20-12-2003/1523790
2003/2004,2003-12-20T15:00:00,Fulham,Chelsea,https://www.xscores.com/soccer/match/fulham-vs-chelsea/20-12-2003/1523791
2003/2004,2003-12-21T12:30:00,Southampton,Portsmouth,https://www.xscores.com/soccer/match/southampton-vs-portsmouth/21-12-2003/1523792
2003/2004,2003-12-21T16:05:00,Tottenham,Manchester United,https://www.xscores.com/soccer/match/tottenham-vs-manchester-united/21-12-2003/1523793
2003/2004,2003-12-22T20:00:00,Manchester City,Leeds,https://www.xscores.com/soccer/match/manchester-city-vs-leeds/22-12-2003/1523794
2003/2004,2004-01-21T19:45:00,Wolverhampton,Liverpool,https://www.xscores.com/soccer/match/wolverhampton-vs-liverpool/21-01-2004/1523795
2003/2004,2004-03-03T19:45:00,Birmingham,Middlesbrough,https://www.xscores.com/soccer/match/birmingham-vs-middlesbrough/03-03-2004/1523796
2003/2004,2003-12-26T12:00:00,Arsenal,Wolverhampton,https://www.xscores.com/soccer/match/arsenal-vs-wolverhampton/26-12-2003/1523798
2003/2004,2003-12-26T12:00:00,Fulham,Southampton,https://www.xscores.com/soccer/match/fulham-vs-southampton/26-12-2003/1523797
2003/2004,2003-12-26T12:30:00,Charlton,Chelsea,https://www.xscores.com/soccer/match/charlton-vs-chelsea/26-12-2003/1523799
2003/2004,2003-12-26T15:00:00,Birmingham,Manchester City,https://www.xscores.com/soccer/match/birmingham-vs-manchester-city/26-12-2003/1523800
2003/2004,2003-12-26T15:00:00,Blackburn,Middlesbrough,https://www.xscores.com/soccer/match/blackburn-vs-middlesbrough/26-12-2003/1523801
2003/2004,2003-12-26T15:00:00,Leeds,Aston Villa,https://www.xscores.com/soccer/match/leeds-vs-aston-villa/26-12-2003/1523802
2003/2004,2003-12-26T15:00:00,Leicester,Newcastle,https://www.xscores.com/soccer/match/leicester-vs-newcastle/26-12-2003/1523803
2003/2004,2003-12-26T15:00:00,Liverpool,Bolton,https://www.xscores.com/soccer/match/liverpool-vs-bolton/26-12-2003/1523804
2003/2004,2003-12-26T15:00:00,Manchester United,Everton,https://www.xscores.com/soccer/match/manchester-united-vs-everton/26-12-2003/1523805
2003/2004,2003-12-26T15:00:00,Portsmouth,Tottenham,https://www.xscores.com/soccer/match/portsmouth-vs-tottenham/26-12-2003/1523806
2003/2004,2003-12-28T12:30:00,Chelsea,Portsmouth,https://www.xscores.com/soccer/match/chelsea-vs-portsmouth/28-12-2003/1523807
2003/2004,2003-12-28T14:00:00,Newcastle,Blackburn,https://www.xscores.com/soccer/match/newcastle-vs-blackburn/28-12-2003/1523808
2003/2004,2003-12-28T15:00:00,Aston Villa,Fulham,https://www.xscores.com/soccer/match/aston-villa-vs-fulham/28-12-2003/1523809
2003/2004,2003-12-28T15:00:00,Bolton,Leicester,https://www.xscores.com/soccer/match/bolton-vs-leicester/28-12-2003/1523810
2003/2004,2003-12-28T15:00:00,Everton,Birmingham,https://www.xscores.com/soccer/match/everton-vs-birmingham/28-12-2003/1523811
2003/2004,2003-12-28T15:00:00,Manchester City,Liverpool,https://www.xscores.com/soccer/match/manchester-city-vs-liverpool/28-12-2003/1523812
2003/2004,2003-12-28T15:00:00,Tottenham,Charlton,https://www.xscores.com/soccer/match/tottenham-vs-charlton/28-12-2003/1523813
2003/2004,2003-12-28T15:00:00,Wolverhampton,Leeds,https://www.xscores.com/soccer/match/wolverhampton-vs-leeds/28-12-2003/1523814
2003/2004,2003-12-28T16:05:00,Middlesbrough,Manchester United,https://www.xscores.com/soccer/match/middlesbrough-vs-manchester-united/28-12-2003/1523815
2003/2004,2003-12-29T20:00:00,Southampton,Arsenal,https://www.xscores.com/soccer/match/southampton-vs-arsenal/29-12-2003/1523816
2003/2004,2004-01-06T20:00:00,Aston Villa,Portsmouth,https://www.xscores.com/soccer/match/aston-villa-vs-portsmouth/06-01-2004/1523817
2003/2004,2004-01-07T19:45:00,Manchester City,Charlton,https://www.xscores.com/soccer/match/manchester-city-vs-charlton/07-01-2004/1523822
2003/2004,2004-01-07T19:45:00,Newcastle,Leeds,https://www.xscores.com/soccer/match/newcastle-vs-leeds/07-01-2004/1523818
2003/2004,2004-01-07T19:45:00,Southampton,Leicester,https://www.xscores.com/soccer/match/southampton-vs-leicester/07-01-2004/1523819
2003/2004,2004-01-07T19:45:00,Tottenham,Birmingham,https://www.xscores.com/soccer/match/tottenham-vs-birmingham/07-01-2004/1523820
2003/2004,2004-01-07T19:45:00,Wolverhampton,Blackburn,https://www.xscores.com/soccer/match/wolverhampton-vs-blackburn/07-01-2004/1523821
2003/2004,2004-01-07T20:00:00,Bolton,Manchester United,https://www.xscores.com/soccer/match/bolton-vs-manchester-united/07-01-2004/1523824
2003/2004,2004-01-07T20:00:00,Chelsea,Liverpool,https://www.xscores.com/soccer/match/chelsea-vs-liverpool/07-01-2004/1523825
2003/2004,2004-01-07T20:00:00,Everton,Arsenal,https://www.xscores.com/soccer/match/everton-vs-arsenal/07-01-2004/1523826
2003/2004,2004-01-07T20:00:00,Middlesbrough,Fulham,https://www.xscores.com/soccer/match/middlesbrough-vs-fulham/07-01-2004/1523823
2003/2004,2004-01-10T15:00:00,Arsenal,Middlesbrough,https://www.xscores.com/soccer/match/arsenal-vs-middlesbrough/10-01-2004/1523827
2003/2004,2004-01-10T15:00:00,Birmingham,Southampton,https://www.xscores.com/soccer/match/birmingham-vs-southampton/10-01-2004/1523828
2003/2004,2004-01-10T15:00:00,Blackburn,Bolton,https://www.xscores.com/soccer/match/blackburn-vs-bolton/10-01-2004/1523829
2003/2004,2004-01-10T15:00:00,Charlton,Wolverhampton,https://www.xscores.com/soccer/match/charlton-vs-wolverhampton/10-01-2004/1523830
2003/2004,2004-01-10T15:00:00,Fulham,Everton,https://www.xscores.com/soccer/match/fulham-vs-everton/10-01-2004/1523831
2003/2004,2004-01-10T15:00:00,Leeds,Tottenham,https://www.xscores.com/soccer/match/leeds-vs-tottenham/10-01-2004/1523832
2003/2004,2004-01-10T15:00:00,Liverpool,Aston Villa,https://www.xscores.com/soccer/match/liverpool-vs-aston-villa/10-01-2004/1523833
2003/2004,2004-01-10T15:00:00,Portsmouth,Manchester City,https://www.xscores.com/soccer/match/portsmouth-vs-manchester-city/10-01-2004/1523834
2003/2004,2004-01-11T14:00:00,Leicester,Chelsea,https://www.xscores.com/soccer/match/leicester-vs-chelsea/11-01-2004/1523835
2003/2004,2004-01-11T16:05:00,Manchester United,Newcastle,https://www.xscores.com/soccer/match/manchester-united-vs-newcastle/11-01-2004/1523836
2003/2004,2004-01-17T12:30:00,Wolverhampton,Manchester United,https://www.xscores.com/soccer/match/wolverhampton-vs-manchester-united/17-01-2004/1523837
2003/2004,2004-01-17T15:00:00,Bolton,Portsmouth,https://www.xscores.com/soccer/match/bolton-vs-portsmouth/17-01-2004/1523841
2003/2004,2004-01-17T15:00:00,Everton,Charlton,https://www.xscores.com/soccer/match/everton-vs-charlton/17-01-2004/1523838
2003/2004,2004-01-17T15:00:00,Manchester City,Blackburn,https://www.xscores.com/soccer/match/manchester-city-vs-blackburn/17-01-2004/1523839
2003/2004,2004-01-17T15:00:00,Middlesbrough,Leicester,https://www.xscores.com/soccer/match/middlesbrough-vs-leicester/17-01-2004/1523840
2003/2004,2004-01-17T15:00:00,Southampton,Leeds,https://www.xscores.com/soccer/match/southampton-vs-leeds/17-01-2004/1523842
2003/2004,2004-01-17T15:00:00,Tottenham,Liverpool,https://www.xscores.com/soccer/match/tottenham-vs-liverpool/17-01-2004/1523843
2003/2004,2004-01-18T14:00:00,Aston Villa,Arsenal,https://www.xscores.com/soccer/match/aston-villa-vs-arsenal/18-01-2004/1523844
2003/2004,2004-01-18T16:05:00,Chelsea,Birmingham,https://www.xscores.com/soccer/match/chelsea-vs-birmingham/18-01-2004/1523845
2003/2004,2004-01-19T20:00:00,Newcastle,Fulham,https://www.xscores.com/soccer/match/newcastle-vs-fulham/19-01-2004/1523846
2003/2004,2004-01-31T12:30:00,Manchester United,Southampton,https://www.xscores.com/soccer/match/manchester-united-vs-southampton/31-01-2004/1523847
2003/2004,2004-01-31T15:00:00,Birmingham,Newcastle,https://www.xscores.com/soccer/match/birmingham-vs-newcastle/31-01-2004/1523849
2003/2004,2004-01-31T15:00:00,Charlton,Bolton,https://www.xscores.com/soccer/match/charlton-vs-bolton/31-01-2004/1523850
2003/2004,2004-01-31T15:00:00,Fulham,Tottenham,https://www.xscores.com/soccer/match/fulham-vs-tottenham/31-01-2004/1523851
2003/2004,2004-01-31T15:00:00,Leeds,Middlesbrough,https://www.xscores.com/soccer/match/leeds-vs-middlesbrough/31-01-2004/1523852
2003/2004,2004-01-31T15:00:00,Leicester,Aston Villa,https://www.xscores.com/soccer/match/leicester-vs-aston-villa/31-01-2004/1523853
2003/2004,2004-01-31T15:00:00,Liverpool,Everton,https://www.xscores.com/soccer/match/liverpool-vs-everton/31-01-2004/1523854
2003/2004,2004-01-31T15:00:00,Portsmouth,Wolverhampton,https://www.xscores.com/soccer/match/portsmouth-vs-wolverhampton/31-01-2004/1523848
2003/2004,2004-02-01T14:00:00,Blackburn,Chelsea,https://www.xscores.com/soccer/match/blackburn-vs-chelsea/01-02-2004/1523855
2003/2004,2004-02-01T16:05:00,Arsenal,Manchester City,https://www.xscores.com/soccer/match/arsenal-vs-manchester-city/01-02-2004/1523856
2003/2004,2004-02-07T15:00:00,Aston Villa,Leeds,https://www.xscores.com/soccer/match/aston-villa-vs-leeds/07-02-2004/1523857
2003/2004,2004-02-07T15:00:00,Bolton,Liverpool,https://www.xscores.com/soccer/match/bolton-vs-liverpool/07-02-2004/1523858
2003/2004,2004-02-07T15:00:00,Everton,Manchester United,https://www.xscores.com/soccer/match/everton-vs-manchester-united/07-02-2004/1523859
2003/2004,2004-02-07T15:00:00,Middlesbrough,Blackburn,https://www.xscores.com/soccer/match/middlesbrough-vs-blackburn/07-02-2004/1523860
2003/2004,2004-02-07T15:00:00,Newcastle,Leicester,https://www.xscores.com/soccer/match/newcastle-vs-leicester/07-02-2004/1523861
2003/2004,2004-02-07T15:00:00,Southampton,Fulham,https://www.xscores.com/soccer/match/southampton-vs-fulham/07-02-2004/1523862
2003/2004,2004-02-07T15:00:00,Tottenham,Portsmouth,https://www.xscores.com/soccer/match/tottenham-vs-portsmouth/07-02-2004/1523863
2003/2004,2004-02-07T15:00:00,Wolverhampton,Arsenal,https://www.xscores.com/soccer/match/wolverhampton-vs-arsenal/07-02-2004/1523864
2003/2004,2004-02-08T14:00:00,Manchester City,Birmingham,https://www.xscores.com/soccer/match/manchester-city-vs-birmingham/08-02-2004/1523865
2003/2004,2004-02-08T16:05:00,Chelsea,Charlton,https://www.xscores.com/soccer/match/chelsea-vs-charlton/08-02-2004/1523866
2003/2004,2004-02-10T19:45:00,Arsenal,Southampton,https://www.xscores.com/soccer/match/arsenal-vs-southampton/10-02-2004/1523868
2003/2004,2004-02-10T19:45:00,Leeds,Wolverhampton,https://www.xscores.com/soccer/match/leeds-vs-wolverhampton/10-02-2004/1523867
2003/2004,2004-02-10T20:00:00,Leicester,Bolton,https://www.xscores.com/soccer/match/leicester-vs-bolton/10-02-2004/1523869
2003/2004,2004-02-11T19:45:00,Birmingham,Everton,https://www.xscores.com/soccer/match/birmingham-vs-everton/11-02-2004/1523870
2003/2004,2004-02-11T19:45:00,Fulham,Aston Villa,https://www.xscores.com/soccer/match/fulham-vs-aston-villa/11-02-2004/1523871
2003/2004,2004-02-11T20:00:00,Blackburn,Newcastle,https://www.xscores.com/soccer/match/blackburn-vs-newcastle/11-02-2004/1523876
2003/2004,2004-02-11T20:00:00,Charlton,Tottenham,https://www.xscores.com/soccer/match/charlton-vs-tottenham/11-02-2004/1523874
2003/2004,2004-02-11T20:00:00,Liverpool,Manchester City,https://www.xscores.com/soccer/match/liverpool-vs-manchester-city/11-02-2004/1523872
2003/2004,2004-02-11T20:00:00,Manchester United,Middlesbrough,https://www.xscores.com/soccer/match/manchester-united-vs-middlesbrough/11-02-2004/1523873
2003/2004,2004-02-11T20:00:00,Portsmouth,Chelsea,https://www.xscores.com/soccer/match/portsmouth-vs-chelsea/11-02-2004/1523875
2003/2004,2004-02-21T12:30:00,Chelsea,Arsenal,https://www.xscores.com/soccer/match/chelsea-vs-arsenal/21-02-2004/1523877
2003/2004,2004-02-21T12:30:00,Manchester United,Leeds,https://www.xscores.com/soccer/match/manchester-united-vs-leeds/21-02-2004/1523878
2003/2004,2004-02-21T15:00:00,Bolton,Manchester City,https://www.xscores.com/soccer/match/bolton-vs-manchester-city/21-02-2004/1523882
2003/2004,2004-02-21T15:00:00,Charlton,Blackburn,https://www.xscores.com/soccer/match/charlton-vs-blackburn/21-02-2004/1523883
2003/2004,2004-02-21T15:00:00,Newcastle,Middlesbrough,https://www.xscores.com/soccer/match/newcastle-vs-middlesbrough/21-02-2004/1523879
2003/2004,2004-02-21T15:00:00,Southampton,Everton,https://www.xscores.com/soccer/match/southampton-vs-everton/21-02-2004/1523880
2003/2004,2004-02-21T15:00:00,Wolverhampton,Fulham,https://www.xscores.com/soccer/match/wolverhampton-vs-fulham/21-02-2004/1523884
2003/2004,2004-02-22T12:00:00,Aston Villa,Birmingham,https://www.xscores.com/soccer/match/aston-villa-vs-birmingham/22-02-2004/1523885
2003/2004,2004-02-22T16:05:00,Tottenham,Leicester,https://www.xscores.com/soccer/match/tottenham-vs-leicester/22-02-2004/1523886
2003/2004,2004-03-17T20:00:00,Liverpool,Portsmouth,https://www.xscores.com/soccer/match/liverpool-vs-portsmouth/17-03-2004/1523881
2003/2004,2004-02-28T15:00:00,Arsenal,Charlton,https://www.xscores.com/soccer/match/arsenal-vs-charlton/28-02-2004/1523893
2003/2004,2004-02-28T15:00:00,Blackburn,Southampton,https://www.xscores.com/soccer/match/blackburn-vs-southampton/28-02-2004/1523887
2003/2004,2004-02-28T15:00:00,Everton,Aston Villa,https://www.xscores.com/soccer/match/everton-vs-aston-villa/28-02-2004/1523888
2003/2004,2004-02-28T15:00:00,Fulham,Manchester United,https://www.xscores.com/soccer/match/fulham-vs-manchester-united/28-02-2004/1523889
2003/2004,2004-02-28T15:00:00,Leicester,Wolverhampton,https://www.xscores.com/soccer/match/leicester-vs-wolverhampton/28-02-2004/1523890
2003/2004,2004-02-28T15:00:00,Manchester City,Chelsea,https://www.xscores.com/soccer/match/manchester-city-vs-chelsea/28-02-2004/1523891
2003/2004,2004-02-29T12:00:00,Leeds,Liverpool,https://www.xscores.com/soccer/match/leeds-vs-liverpool/29-02-2004/1523894
2003/2004,2004-02-29T15:00:00,Portsmouth,Newcastle,https://www.xscores.com/soccer/match/portsmouth-vs-newcastle/29-02-2004/1523895
2003/2004,2004-03-06T15:00:00,Birmingham,Bolton,https://www.xscores.com/soccer/match/birmingham-vs-bolton/06-03-2004/1523896
2003/2004,2004-03-09T20:00:00,Middlesbrough,Tottenham,https://www.xscores.com/soccer/match/middlesbrough-vs-tottenham/09-03-2004/1523892
2003/2004,2004-03-13T12:30:00,Bolton,Chelsea,https://www.xscores.com/soccer/match/bolton-vs-chelsea/13-03-2004/1523899
2003/2004,2004-03-13T15:00:00,Birmingham,Leicester,https://www.xscores.com/soccer/match/birmingham-vs-leicester/13-03-2004/1523897
2003/2004,2004-03-13T15:00:00,Blackburn,Arsenal,https://www.xscores.com/soccer/match/blackburn-vs-arsenal/13-03-2004/1523898
2003/2004,2004-03-13T15:00:00,Charlton,Middlesbrough,https://www.xscores.com/soccer/match/charlton-vs-middlesbrough/13-03-2004/1523900
2003/2004,2004-03-13T15:00:00,Everton,Portsmouth,https://www.xscores.com/soccer/match/everton-vs-portsmouth/13-03-2004/1523901
2003/2004,2004-03-13T15:00:00,Fulham,Leeds,https://www.xscores.com/soccer/match/fulham-vs-leeds/13-03-2004/1523902
2003/2004,2004-03-14T12:30:00,Wolverhampton,Aston Villa,https://www.xscores.com/soccer/match/wolverhampton-vs-aston-villa/14-03-2004/1523906
2003/2004,2004-03-14T14:00:00,Manchester City,Manchester United,https://www.xscores.com/soccer/match/manchester-city-vs-manchester-united/14-03-2004/1523903
2003/2004,2004-03-14T15:00:00,Tottenham,Newcastle,https://www.xscores.com/soccer/match/tottenham-vs-newcastle/14-03-2004/1523905
2003/2004,2004-03-14T16:05:00,Southampton,Liverpool,https://www.xscores.com/soccer/match/southampton-vs-liverpool/14-03-2004/1523904
2003/2004,2004-03-20T15:00:00,Aston Villa,Blackburn,https://www.xscores.com/soccer/match/aston-villa-vs-blackburn/20-03-2004/1523908
2003/2004,2004-03-20T15:00:00,Chelsea,Fulham,https://www.xscores.com/soccer/match/chelsea-vs-fulham/20-03-2004/1523909
2003/2004,2004-03-20T15:00:00,Leicester,Everton,https://www.xscores.com/soccer/match/leicester-vs-everton/20-03-2004/1523911
2003/2004,2004-03-20T15:00:00,Liverpool,Wolverhampton,https://www.xscores.com/soccer/match/liverpool-vs-wolverhampton/20-03-2004/1523912
2003/2004,2004-03-20T15:00:00,Manchester United,Tottenham,https://www.xscores.com/soccer/match/manchester-united-vs-tottenham/20-03-2004/1523913
2003/2004,2004-03-20T15:00:00,Middlesbrough,Birmingham,https://www.xscores.com/soccer/match/middlesbrough-vs-birmingham/20-03-2004/1523914
2003/2004,2004-03-20T15:15:00,Arsenal,Bolton,https://www.xscores.com/soccer/match/arsenal-vs-bolton/20-03-2004/1523907
2003/2004,2004-03-20T17:30:00,Newcastle,Charlton,https://www.xscores.com/soccer/match/newcastle-vs-charlton/20-03-2004/1523915
2003/2004,2004-03-21T16:05:00,Portsmouth,Southampton,https://www.xscores.com/soccer/match/portsmouth-vs-southampton/21-03-2004/1523916
2003/2004,2004-03-22T20:00:00,Leeds,Manchester City,https://www.xscores.com/soccer/match/leeds-vs-manchester-city/22-03-2004/1523910
2003/2004,2004-03-27T12:30:00,Birmingham,Leeds,https://www.xscores.com/soccer/match/birmingham-vs-leeds/27-03-2004/1523918
2003/2004,2004-03-27T15:00:00,Blackburn,Portsmouth,https://www.xscores.com/soccer/match/blackburn-vs-portsmouth/27-03-2004/1523919
2003/2004,2004-03-27T15:00:00,Charlton,Aston Villa,https://www.xscores.com/soccer/match/charlton-vs-aston-villa/27-03-2004/1523921
2003/2004,2004-03-27T15:00:00,Chelsea,Wolverhampton,https://www.xscores.com/soccer/match/chelsea-vs-wolverhampton/27-03-2004/1523922
2003/2004,2004-03-27T15:00:00,Everton,Middlesbrough,https://www.xscores.com/soccer/match/everton-vs-middlesbrough/27-03-2004/1523923
2003/2004,2004-03-27T15:00:00,Manchester City,Fulham,https://www.xscores.com/soccer/match/manchester-city-vs-fulham/27-03-2004/1523925
2003/2004,2004-03-27T15:00:00,Southampton,Tottenham,https://www.xscores.com/soccer/match/southampton-vs-tottenham/27-03-2004/1523926
2003/2004,2004-03-28T14:00:00,Bolton,Newcastle,https://www.xscores.com/soccer/match/bolton-vs-newcastle/28-03-2004/1523920
2003/2004,2004-03-28T15:00:00,Leicester,Liverpool,https://www.xscores.com/soccer/match/leicester-vs-liverpool/28-03-2004/1523924
2003/2004,2004-03-28T16:05:00,Arsenal,Manchester United,https://www.xscores.com/soccer/match/arsenal-vs-manchester-united/28-03-2004/1523917
2003/2004,2004-04-03T15:00:00,Fulham,Birmingham,https://www.xscores.com/soccer/match/fulham-vs-birmingham/03-04-2004/1523983
2003/2004,2004-04-03T15:00:00,Middlesbrough,Bolton,https://www.xscores.com/soccer/match/middlesbrough-vs-bolton/03-04-2004/1523987
2003/2004,2004-04-03T15:00:00,Newcastle,Everton,https://www.xscores.com/soccer/match/newcastle-vs-everton/03-04-2004/1523988
2003/2004,2004-04-03T15:00:00,Tottenham,Chelsea,https://www.xscores.com/soccer/match/tottenham-vs-chelsea/03-04-2004/1523990
2003/2004,2004-04-03T15:00:00,Wolverhampton,Southampton,https://www.xscores.com/soccer/match/wolverhampton-vs-southampton/03-04-2004/1523991
2003/2004,2004-04-04T14:00:00,Aston Villa,Manchester City,https://www.xscores.com/soccer/match/aston-villa-vs-manchester-city/04-04-2004/1523982
2003/2004,2004-04-04T15:00:00,Liverpool,Blackburn,https://www.xscores.com/soccer/match/liverpool-vs-blackburn/04-04-2004/1523985
2003/2004,2004-04-05T20:00:00,Leeds,Leicester,https://www.xscores.com/soccer/match/leeds-vs-leicester/05-04-2004/1523984
2003/2004,2004-04-20T20:00:00,Manchester United,Charlton,https://www.xscores.com/soccer/match/manchester-united-vs-charlton/20-04-2004/1523986
2003/2004,2004-05-04T20:00:00,Portsmouth,Arsenal,https://www.xscores.com/soccer/match/portsmouth-vs-arsenal/04-05-2004/1523989
2003/2004,2004-04-09T12:30:00,Arsenal,Liverpool,https://www.xscores.com/soccer/match/arsenal-vs-liverpool/09-04-2004/1523992
2003/2004,2004-04-09T20:00:00,Everton,Tottenham,https://www.xscores.com/soccer/match/everton-vs-tottenham/09-04-2004/1523998
2003/2004,2004-04-10T15:00:00,Birmingham,Manchester United,https://www.xscores.com/soccer/match/birmingham-vs-manchester-united/10-04-2004/1523993
2003/2004,2004-04-10T15:00:00,Blackburn,Leeds,https://www.xscores.com/soccer/match/blackburn-vs-leeds/10-04-2004/1523994
2003/2004,2004-04-10T15:00:00,Bolton,Aston Villa,https://www.xscores.com/soccer/match/bolton-vs-aston-villa/10-04-2004/1523995
2003/2004,2004-04-10T15:00:00,Charlton,Portsmouth,https://www.xscores.com/soccer/match/charlton-vs-portsmouth/10-04-2004/1523996
2003/2004,2004-04-10T15:00:00,Chelsea,Middlesbrough,https://www.xscores.com/soccer/match/chelsea-vs-middlesbrough/10-04-2004/1523997
2003/2004,2004-04-10T15:00:00,Leicester,Fulham,https://www.xscores.com/soccer/match/leicester-vs-fulham/10-04-2004/1523999
2003/2004,2004-04-10T15:00:00,Manchester City,Wolverhampton,https://www.xscores.com/soccer/match/manchester-city-vs-wolverhampton/10-04-2004/1524000
2003/2004,2004-05-12T20:00:00,Southampton,Newcastle,https://www.xscores.com/soccer/match/southampton-vs-newcastle/12-05-2004/1524001
2003/2004,2004-04-11T16:05:00,Newcastle,Arsenal,https://www.xscores.com/soccer/match/newcastle-vs-arsenal/11-04-2004/1524008
2003/2004,2004-04-12T15:00:00,Aston Villa,Chelsea,https://www.xscores.com/soccer/match/aston-villa-vs-chelsea/12-04-2004/1524002
2003/2004,2004-04-12T15:00:00,Liverpool,Charlton,https://www.xscores.com/soccer/match/liverpool-vs-charlton/12-04-2004/1524005
2003/2004,2004-04-12T15:00:00,Middlesbrough,Southampton,https://www.xscores.com/soccer/match/middlesbrough-vs-southampton/12-04-2004/1524007
2003/2004,2004-04-12T15:00:00,Portsmouth,Birmingham,https://www.xscores.com/soccer/match/portsmouth-vs-birmingham/12-04-2004/1524009
2003/2004,2004-04-12T15:00:00,Tottenham,Manchester City,https://www.xscores.com/soccer/match/tottenham-vs-manchester-city/12-04-2004/1524010
2003/2004,2004-04-12T15:00:00,Wolverhampton,Bolton,https://www.xscores.com/soccer/match/wolverhampton-vs-bolton/12-04-2004/1524011
2003/2004,2004-04-12T20:00:00,Fulham,Blackburn,https://www.xscores.com/soccer/match/fulham-vs-blackburn/12-04-2004/1524003
2003/2004,2004-04-13T19:45:00,Leeds,Everton,https://www.xscores.com/soccer/match/leeds-vs-everton/13-04-2004/1524004
2003/2004,2004-04-13T20:00:00,Manchester United,Leicester,https://www.xscores.com/soccer/match/manchester-united-vs-leicester/13-04-2004/1524006
2003/2004,2004-04-16T20:00:00,Arsenal,Leeds,https://www.xscores.com/soccer/match/arsenal-vs-leeds/16-04-2004/1524012
2003/2004,2004-04-17T12:30:00,Portsmouth,Manchester United,https://www.xscores.com/soccer/match/portsmouth-vs-manchester-united/17-04-2004/1524020
2003/2004,2004-04-17T15:00:00,Blackburn,Leicester,https://www.xscores.com/soccer/match/blackburn-vs-leicester/17-04-2004/1524014
2003/2004,2004-04-17T15:00:00,Bolton,Tottenham,https://www.xscores.com/soccer/match/bolton-vs-tottenham/17-04-2004/1524015
2003/2004,2004-04-17T15:00:00,Charlton,Birmingham,https://www.xscores.com/soccer/match/charlton-vs-birmingham/17-04-2004/1524016
2003/2004,2004-04-17T15:00:00,Chelsea,Everton,https://www.xscores.com/soccer/match/chelsea-vs-everton/17-04-2004/1524017
2003/2004,2004-04-17T15:00:00,Liverpool,Fulham,https://www.xscores.com/soccer/match/liverpool-vs-fulham/17-04-2004/1524018
2003/2004,2004-04-17T15:00:00,Manchester City,Southampton,https://www.xscores.com/soccer/match/manchester-city-vs-southampton/17-04-2004/1524019
2003/2004,2004-04-17T15:00:00,Wolverhampton,Middlesbrough,https://www.xscores.com/soccer/match/wolverhampton-vs-middlesbrough/17-04-2004/1524021
2003/2004,2004-04-18T14:00:00,Aston Villa,Newcastle,https://www.xscores.com/soccer/match/aston-villa-vs-newcastle/18-04-2004/1524013
2003/2004,2004-04-24T15:00:00,Everton,Blackburn,https://www.xscores.com/soccer/match/everton-vs-blackburn/24-04-2004/1524023
2003/2004,2004-04-24T15:00:00,Fulham,Charlton,https://www.xscores.com/soccer/match/fulham-vs-charlton/24-04-2004/1524024
2003/2004,2004-04-24T15:00:00,Leicester,Manchester City,https://www.xscores.com/soccer/match/leicester-vs-manchester-city/24-04-2004/1524026
2003/2004,2004-04-24T15:00:00,Manchester United,Liverpool,https://www.xscores.com/soccer/match/manchester-united-vs-liverpool/24-04-2004/1524027
2003/2004,2004-04-24T15:00:00,Middlesbrough,Aston Villa,https://www.xscores.com/soccer/match/middlesbrough-vs-aston-villa/24-04-2004/1524028
2003/2004,2004-04-24T15:00:00,Southampton,Bolton,https://www.xscores.com/soccer/match/southampton-vs-bolton/24-04-2004/1524030
2003/2004,2004-04-25T11:30:00,Leeds,Portsmouth,https://www.xscores.com/soccer/match/leeds-vs-portsmouth/25-04-2004/1524025
2003/2004,2004-04-25T12:00:00,Birmingham,Wolverhampton,https://www.xscores.com/soccer/match/birmingham-vs-wolverhampton/25-04-2004/1524022
2003/2004,2004-04-25T14:00:00,Newcastle,Chelsea,https://www.xscores.com/soccer/match/newcastle-vs-chelsea/25-04-2004/1524029
2003/2004,2004-04-25T16:05:00,Tottenham,Arsenal,https://www.xscores.com/soccer/match/tottenham-vs-arsenal/25-04-2004/1524031
2003/2004,2004-05-01T12:30:00,Arsenal,Birmingham,https://www.xscores.com/soccer/match/arsenal-vs-birmingham/01-05-2004/1524032
2003/2004,2004-05-01T15:00:00,Blackburn,Manchester United,https://www.xscores.com/soccer/match/blackburn-vs-manchester-united/01-05-2004/1524034
2003/2004,2004-05-01T15:00:00,Charlton,Leicester,https://www.xscores.com/soccer/match/charlton-vs-leicester/01-05-2004/1524036
2003/2004,2004-05-01T15:00:00,Chelsea,Southampton,https://www.xscores.com/soccer/match/chelsea-vs-southampton/01-05-2004/1524037
2003/2004,2004-05-01T15:00:00,Manchester City,Newcastle,https://www.xscores.com/soccer/match/manchester-city-vs-newcastle/01-05-2004/1524039
2003/2004,2004-05-01T15:00:00,Portsmouth,Fulham,https://www.xscores.com/soccer/match/portsmouth-vs-fulham/01-05-2004/1524040
2003/2004,2004-05-01T15:00:00,Wolverhampton,Everton,https://www.xscores.com/soccer/match/wolverhampton-vs-everton/01-05-2004/1524041
2003/2004,2004-05-02T14:00:00,Bolton,Leeds,https://www.xscores.com/soccer/match/bolton-vs-leeds/02-05-2004/1524035
2003/2004,2004-05-02T15:00:00,Aston Villa,Tottenham,https://www.xscores.com/soccer/match/aston-villa-vs-tottenham/02-05-2004/1524033
2003/2004,2004-05-02T16:05:00,Liverpool,Middlesbrough,https://www.xscores.com/soccer/match/liverpool-vs-middlesbrough/02-05-2004/1524038
2003/2004,2004-05-08T12:30:00,Manchester United,Chelsea,https://www.xscores.com/soccer/match/manchester-united-vs-chelsea/08-05-2004/1524047
2003/2004,2004-05-08T15:00:00,Everton,Bolton,https://www.xscores.com/soccer/match/everton-vs-bolton/08-05-2004/1524043
2003/2004,2004-05-08T15:00:00,Leeds,Charlton,https://www.xscores.com/soccer/match/leeds-vs-charlton/08-05-2004/1524045
2003/2004,2004-05-08T15:00:00,Leicester,Portsmouth,https://www.xscores.com/soccer/match/leicester-vs-portsmouth/08-05-2004/1524046
2003/2004,2004-05-08T15:00:00,Middlesbrough,Manchester City,https://www.xscores.com/soccer/match/middlesbrough-vs-manchester-city/08-05-2004/1524048
2003/2004,2004-05-08T15:00:00,Southampton,Aston Villa,https://www.xscores.com/soccer/match/southampton-vs-aston-villa/08-05-2004/1524050
2003/2004,2004-05-08T15:00:00,Tottenham,Blackburn,https://www.xscores.com/soccer/match/tottenham-vs-blackburn/08-05-2004/1524051
2003/2004,2004-05-08T17:35:00,Birmingham,Liverpool,https://www.xscores.com/soccer/match/birmingham-vs-liverpool/08-05-2004/1524042
2003/2004,2004-05-09T15:00:00,Newcastle,Wolverhampton,https://www.xscores.com/soccer/match/newcastle-vs-wolverhampton/09-05-2004/1524049
2003/2004,2004-05-09T16:05:00,Fulham,Arsenal,https://www.xscores.com/soccer/match/fulham-vs-arsenal/09-05-2004/1524044
2003/2004,2004-05-15T15:00:00,Arsenal,Leicester,https://www.xscores.com/soccer/match/arsenal-vs-leicester/15-05-2004/1524052
2003/2004,2004-05-15T15:00:00,Aston Villa,Manchester United,https://www.xscores.com/soccer/match/aston-villa-vs-manchester-united/15-05-2004/1524053
2003/2004,2004-05-15T15:00:00,Blackburn,Birmingham,https://www.xscores.com/soccer/match/blackburn-vs-birmingham/15-05-2004/1524054
2003/2004,2004-05-15T15:00:00,Bolton,Fulham,https://www.xscores.com/soccer/match/bolton-vs-fulham/15-05-2004/1524055
2003/2004,2004-05-15T15:00:00,Charlton,Southampton,https://www.xscores.com/soccer/match/charlton-vs-southampton/15-05-2004/1524056
2003/2004,2004-05-15T15:00:00,Chelsea,Leeds,https://www.xscores.com/soccer/match/chelsea-vs-leeds/15-05-2004/1524057
2003/2004,2004-05-15T15:00:00,Liverpool,Newcastle,https://www.xscores.com/soccer/match/liverpool-vs-newcastle/15-05-2004/1524058
2003/2004,2004-05-15T15:00:00,Manchester City,Everton,https://www.xscores.com/soccer/match/manchester-city-vs-everton/15-05-2004/1524059
2003/2004,2004-05-15T15:00:00,Portsmouth,Middlesbrough,https://www.xscores.com/soccer/match/portsmouth-vs-middlesbrough/15-05-2004/1524060
2003/2004,2004-05-15T15:00:00,Wolverhampton,Tottenham,https://www.xscores.com/soccer/match/wolverhampton-vs-tottenham/15-05-2004/1524061
