season,date,home_team,away_team,url
2004/2005,2004-08-14T12:45:00,Tottenham,Liverpool,https://www.xscores.com/soccer/match/tottenham-vs-liverpool/14-08-2004/1527002
2004/2005,2004-08-14T15:00:00,Aston Villa,Southampton,https://www.xscores.com/soccer/match/aston-villa-vs-southampton/14-08-2004/1527003
2004/2005,2004-08-14T15:00:00,Blackburn,West Bromwich,https://www.xscores.com/soccer/match/blackburn-vs-west-bromwich/14-08-2004/1527004
2004/2005,2004-08-14T15:00:00,Bolton,Charlton,https://www.xscores.com/soccer/match/bolton-vs-charlton/14-08-2004/1527005
2004/2005,2004-08-14T15:00:00,Manchester City,Fulham,https://www.xscores.com/soccer/match/manchester-city-vs-fulham/14-08-2004/1527008
2004/2005,2004-08-14T15:00:00,Norwich,Crystal Palace,https://www.xscores.com/soccer/match/norwich-vs-crystal-palace/14-08-2004/1527009
2004/2005,2004-08-14T15:00:00,Portsmouth,Birmingham,https://www.xscores.com/soccer/match/portsmouth-vs-birmingham/14-08-2004/1527010
2004/2005,2004-08-14T17:15:00,Middlesbrough,Newcastle,https://www.xscores.com/soccer/match/middlesbrough-vs-newcastle/14-08-2004/1527011
2004/2005,2004-08-15T14:00:00,Everton,Arsenal,https://www.xscores.com/soccer/match/everton-vs-arsenal/15-08-2004/1527007
2004/2005,2004-08-15T16:05:00,Chelsea,Manchester United,https://www.xscores.com/soccer/match/chelsea-vs-manchester-united/15-08-2004/1527006
2004/2005,2004-08-21T12:45:00,Southampton,Blackburn,https://www.xscores.com/soccer/match/southampton-vs-blackburn/21-08-2004/1527759
2004/2005,2004-08-21T15:00:00,Birmingham,Chelsea,https://www.xscores.com/soccer/match/birmingham-vs-chelsea/21-08-2004/1527761
2004/2005,2004-08-21T15:00:00,Charlton,Portsmouth,https://www.xscores.com/soccer/match/charlton-vs-portsmouth/21-08-2004/1527762
2004/2005,2004-08-21T15:00:00,Crystal Palace,Everton,https://www.xscores.com/soccer/match/crystal-palace-vs-everton/21-08-2004/1527767
2004/2005,2004-08-21T15:00:00,Fulham,Bolton,https://www.xscores.com/soccer/match/fulham-vs-bolton/21-08-2004/1527768
2004/2005,2004-08-21T15:00:00,Liverpool,Manchester City,https://www.xscores.com/soccer/match/liverpool-vs-manchester-city/21-08-2004/1527769
2004/2005,2004-08-21T15:00:00,Newcastle,Tottenham,https://www.xscores.com/soccer/match/newcastle-vs-tottenham/21-08-2004/1527770
2004/2005,2004-08-21T17:15:00,Manchester United,Norwich,https://www.xscores.com/soccer/match/manchester-united-vs-norwich/21-08-2004/1527771
2004/2005,2004-08-22T13:00:00,West Bromwich,Aston Villa,https://www.xscores.com/soccer/match/west-bromwich-vs-aston-villa/22-08-2004/1527772
2004/2005,2004-08-22T16:05:00,Arsenal,Middlesbrough,https://www.xscores.com/soccer/match/arsenal-vs-middlesbrough/22-08-2004/1527773
2004/2005,2004-08-24T19:45:00,Birmingham,Manchester City,https://www.xscores.com/soccer/match/birmingham-vs-manchester-city/24-08-2004/1527774
2004/2005,2004-08-24T20:00:00,Crystal Palace,Chelsea,https://www.xscores.com/soccer/match/crystal-palace-vs-chelsea/24-08-2004/1527775
2004/2005,2004-08-25T19:45:00,Arsenal,Blackburn,https://www.xscores.com/soccer/match/arsenal-vs-blackburn/25-08-2004/1527779
2004/2005,2004-08-25T19:45:00,Fulham,Middlesbrough,https://www.xscores.com/soccer/match/fulham-vs-middlesbrough/25-08-2004/1527776
2004/2005,2004-08-25T19:45:00,Southampton,Bolton,https://www.xscores.com/soccer/match/southampton-vs-bolton/25-08-2004/1527778
2004/2005,2004-08-25T19:45:00,West Bromwich,Tottenham,https://www.xscores.com/soccer/match/west-bromwich-vs-tottenham/25-08-2004/1527777
2004/2005,2004-08-25T20:00:00,Charlton,Aston Villa,https://www.xscores.com/soccer/match/charlton-vs-aston-villa/25-08-2004/1527781
2004/2005,2004-08-25T20:00:00,Newcastle,Norwich,https://www.xscores.com/soccer/match/newcastle-vs-norwich/25-08-2004/1527780
2004/2005,2004-08-30T12:00:00,Manchester United,Everton,https://www.xscores.com/soccer/match/manchester-united-vs-everton/30-08-2004/1527793
2004/2005,2004-12-14T20:00:00,Liverpool,Portsmouth,https://www.xscores.com/soccer/match/liverpool-vs-portsmouth/14-12-2004/1527782
2004/2005,2004-08-28T12:45:00,Blackburn,Manchester United,https://www.xscores.com/soccer/match/blackburn-vs-manchester-united/28-08-2004/1527783
2004/2005,2004-08-28T15:00:00,Aston Villa,Newcastle,https://www.xscores.com/soccer/match/aston-villa-vs-newcastle/28-08-2004/1527784
2004/2005,2004-08-28T15:00:00,Chelsea,Southampton,https://www.xscores.com/soccer/match/chelsea-vs-southampton/28-08-2004/1527786
2004/2005,2004-08-28T15:00:00,Everton,West Bromwich,https://www.xscores.com/soccer/match/everton-vs-west-bromwich/28-08-2004/1527787
2004/2005,2004-08-28T15:00:00,Manchester City,Charlton,https://www.xscores.com/soccer/match/manchester-city-vs-charlton/28-08-2004/1527788
2004/2005,2004-08-28T15:00:00,Middlesbrough,Crystal Palace,https://www.xscores.com/soccer/match/middlesbrough-vs-crystal-palace/28-08-2004/1527789
2004/2005,2004-08-28T15:00:00,Tottenham,Birmingham,https://www.xscores.com/soccer/match/tottenham-vs-birmingham/28-08-2004/1527785
2004/2005,2004-08-28T17:15:00,Norwich,Arsenal,https://www.xscores.com/soccer/match/norwich-vs-arsenal/28-08-2004/1527790
2004/2005,2004-08-29T16:10:00,Bolton,Liverpool,https://www.xscores.com/soccer/match/bolton-vs-liverpool/29-08-2004/1527791
2004/2005,2004-08-30T20:00:00,Portsmouth,Fulham,https://www.xscores.com/soccer/match/portsmouth-vs-fulham/30-08-2004/1527792
2004/2005,2004-09-11T12:45:00,Aston Villa,Chelsea,https://www.xscores.com/soccer/match/aston-villa-vs-chelsea/11-09-2004/1527794
2004/2005,2004-09-11T15:00:00,Bolton,Manchester United,https://www.xscores.com/soccer/match/bolton-vs-manchester-united/11-09-2004/1527795
2004/2005,2004-09-11T15:00:00,Fulham,Arsenal,https://www.xscores.com/soccer/match/fulham-vs-arsenal/11-09-2004/1527796
2004/2005,2004-09-11T15:00:00,Liverpool,West Bromwich,https://www.xscores.com/soccer/match/liverpool-vs-west-bromwich/11-09-2004/1527797
2004/2005,2004-09-11T15:00:00,Manchester City,Everton,https://www.xscores.com/soccer/match/manchester-city-vs-everton/11-09-2004/1527798
2004/2005,2004-09-11T15:00:00,Middlesbrough,Birmingham,https://www.xscores.com/soccer/match/middlesbrough-vs-birmingham/11-09-2004/1527799
2004/2005,2004-09-11T15:00:00,Newcastle,Blackburn,https://www.xscores.com/soccer/match/newcastle-vs-blackburn/11-09-2004/1527800
2004/2005,2004-09-11T17:15:00,Portsmouth,Crystal Palace,https://www.xscores.com/soccer/match/portsmouth-vs-crystal-palace/11-09-2004/1527801
2004/2005,2004-09-12T16:05:00,Tottenham,Norwich,https://www.xscores.com/soccer/match/tottenham-vs-norwich/12-09-2004/1527802
2004/2005,2004-09-13T20:05:00,Charlton,Southampton,https://www.xscores.com/soccer/match/charlton-vs-southampton/13-09-2004/1527803
2004/2005,2004-09-18T12:45:00,Arsenal,Bolton,https://www.xscores.com/soccer/match/arsenal-vs-bolton/18-09-2004/1527804
2004/2005,2004-09-18T15:00:00,Birmingham,Charlton,https://www.xscores.com/soccer/match/birmingham-vs-charlton/18-09-2004/1527805
2004/2005,2004-09-18T15:00:00,Blackburn,Portsmouth,https://www.xscores.com/soccer/match/blackburn-vs-portsmouth/18-09-2004/1527806
2004/2005,2004-09-18T15:00:00,Crystal Palace,Manchester City,https://www.xscores.com/soccer/match/crystal-palace-vs-manchester-city/18-09-2004/1527807
2004/2005,2004-09-18T15:00:00,Norwich,Aston Villa,https://www.xscores.com/soccer/match/norwich-vs-aston-villa/18-09-2004/1527808
2004/2005,2004-09-18T15:00:00,West Bromwich,Fulham,https://www.xscores.com/soccer/match/west-bromwich-vs-fulham/18-09-2004/1527809
2004/2005,2004-09-19T14:00:00,Southampton,Newcastle,https://www.xscores.com/soccer/match/southampton-vs-newcastle/19-09-2004/1527810
2004/2005,2004-09-19T15:00:00,Everton,Middlesbrough,https://www.xscores.com/soccer/match/everton-vs-middlesbrough/19-09-2004/1527811
2004/2005,2004-09-19T16:05:00,Chelsea,Tottenham,https://www.xscores.com/soccer/match/chelsea-vs-tottenham/19-09-2004/1527812
2004/2005,2004-09-20T20:00:00,Manchester United,Liverpool,https://www.xscores.com/soccer/match/manchester-united-vs-liverpool/20-09-2004/1527813
2004/2005,2004-09-25T12:45:00,Middlesbrough,Chelsea,https://www.xscores.com/soccer/match/middlesbrough-vs-chelsea/25-09-2004/1527814
2004/2005,2004-09-25T15:00:00,Aston Villa,Crystal Palace,https://www.xscores.com/soccer/match/aston-villa-vs-crystal-palace/25-09-2004/1527815
2004/2005,2004-09-25T15:00:00,Fulham,Southampton,https://www.xscores.com/soccer/match/fulham-vs-southampton/25-09-2004/1527817
2004/2005,2004-09-25T15:00:00,Liverpool,Norwich,https://www.xscores.com/soccer/match/liverpool-vs-norwich/25-09-2004/1527818
2004/2005,2004-09-25T15:00:00,Manchester City,Arsenal,https://www.xscores.com/soccer/match/manchester-city-vs-arsenal/25-09-2004/1527819
2004/2005,2004-09-25T15:00:00,Newcastle,West Bromwich,https://www.xscores.com/soccer/match/newcastle-vs-west-bromwich/25-09-2004/1527820
2004/2005,2004-09-25T15:00:00,Tottenham,Manchester United,https://www.xscores.com/soccer/match/tottenham-vs-manchester-united/25-09-2004/1527816
2004/2005,2004-09-25T17:15:00,Bolton,Birmingham,https://www.xscores.com/soccer/match/bolton-vs-birmingham/25-09-2004/1527821
2004/2005,2004-09-26T16:05:00,Portsmouth,Everton,https://www.xscores.com/soccer/match/portsmouth-vs-everton/26-09-2004/1527822
2004/2005,2004-09-27T20:00:00,Charlton,Blackburn,https://www.xscores.com/soccer/match/charlton-vs-blackburn/27-09-2004/1527823
2004/2005,2004-10-02T12:50:00,Southampton,Manchester City,https://www.xscores.com/soccer/match/southampton-vs-manchester-city/02-10-2004/1527824
2004/2005,2004-10-02T15:00:00,Arsenal,Charlton,https://www.xscores.com/soccer/match/arsenal-vs-charlton/02-10-2004/1527825
2004/2005,2004-10-02T15:00:00,Blackburn,Aston Villa,https://www.xscores.com/soccer/match/blackburn-vs-aston-villa/02-10-2004/1527826
2004/2005,2004-10-02T15:00:00,Everton,Tottenham,https://www.xscores.com/soccer/match/everton-vs-tottenham/02-10-2004/1527827
2004/2005,2004-10-02T15:00:00,Norwich,Portsmouth,https://www.xscores.com/soccer/match/norwich-vs-portsmouth/02-10-2004/1527828
2004/2005,2004-10-02T17:15:00,West Bromwich,Bolton,https://www.xscores.com/soccer/match/west-bromwich-vs-bolton/02-10-2004/1527829
2004/2005,2004-10-03T15:00:00,Birmingham,Newcastle,https://www.xscores.com/soccer/match/birmingham-vs-newcastle/03-10-2004/1527830
2004/2005,2004-10-03T15:00:00,Manchester United,Middlesbrough,https://www.xscores.com/soccer/match/manchester-united-vs-middlesbrough/03-10-2004/1527831
2004/2005,2004-10-03T16:05:00,Chelsea,Liverpool,https://www.xscores.com/soccer/match/chelsea-vs-liverpool/03-10-2004/1527832
2004/2005,2004-10-04T20:00:00,Crystal Palace,Fulham,https://www.xscores.com/soccer/match/crystal-palace-vs-fulham/04-10-2004/1527833
2004/2005,2004-10-16T12:45:00,Birmingham,Manchester United,https://www.xscores.com/soccer/match/birmingham-vs-manchester-united/16-10-2004/1527834
2004/2005,2004-10-16T15:00:00,Arsenal,Aston Villa,https://www.xscores.com/soccer/match/arsenal-vs-aston-villa/16-10-2004/1527835
2004/2005,2004-10-16T15:00:00,Blackburn,Middlesbrough,https://www.xscores.com/soccer/match/blackburn-vs-middlesbrough/16-10-2004/1527837
2004/2005,2004-10-16T15:00:00,Bolton,Crystal Palace,https://www.xscores.com/soccer/match/bolton-vs-crystal-palace/16-10-2004/1527838
2004/2005,2004-10-16T15:00:00,Everton,Southampton,https://www.xscores.com/soccer/match/everton-vs-southampton/16-10-2004/1527839
2004/2005,2004-10-16T15:00:00,Fulham,Liverpool,https://www.xscores.com/soccer/match/fulham-vs-liverpool/16-10-2004/1527840
2004/2005,2004-10-16T15:00:00,West Bromwich,Norwich,https://www.xscores.com/soccer/match/west-bromwich-vs-norwich/16-10-2004/1527836
2004/2005,2004-10-16T17:15:00,Manchester City,Chelsea,https://www.xscores.com/soccer/match/manchester-city-vs-chelsea/16-10-2004/1527841
2004/2005,2004-10-17T16:05:00,Charlton,Newcastle,https://www.xscores.com/soccer/match/charlton-vs-newcastle/17-10-2004/1527842
2004/2005,2004-10-18T20:00:00,Portsmouth,Tottenham,https://www.xscores.com/soccer/match/portsmouth-vs-tottenham/18-10-2004/1527843
2004/2005,2004-10-23T12:45:00,Norwich,Everton,https://www.xscores.com/soccer/match/norwich-vs-everton/23-10-2004/1527844
2004/2005,2004-10-23T15:00:00,Aston Villa,Fulham,https://www.xscores.com/soccer/match/aston-villa-vs-fulham/23-10-2004/1527845
2004/2005,2004-10-23T15:00:00,Chelsea,Blackburn,https://www.xscores.com/soccer/match/chelsea-vs-blackburn/23-10-2004/1527847
2004/2005,2004-10-23T15:00:00,Crystal Palace,West Bromwich,https://www.xscores.com/soccer/match/crystal-palace-vs-west-bromwich/23-10-2004/1527848
2004/2005,2004-10-23T15:00:00,Tottenham,Bolton,https://www.xscores.com/soccer/match/tottenham-vs-bolton/23-10-2004/1527846
2004/2005,2004-10-23T17:15:00,Liverpool,Charlton,https://www.xscores.com/soccer/match/liverpool-vs-charlton/23-10-2004/1527851
2004/2005,2004-10-24T14:00:00,Southampton,Birmingham,https://www.xscores.com/soccer/match/southampton-vs-birmingham/24-10-2004/1527852
2004/2005,2004-10-24T15:00:00,Middlesbrough,Portsmouth,https://www.xscores.com/soccer/match/middlesbrough-vs-portsmouth/24-10-2004/1527849
2004/2005,2004-10-24T15:00:00,Newcastle,Manchester City,https://www.xscores.com/soccer/match/newcastle-vs-manchester-city/24-10-2004/1527850
2004/2005,2004-10-24T16:05:00,Manchester United,Arsenal,https://www.xscores.com/soccer/match/manchester-united-vs-arsenal/24-10-2004/1527853
2004/2005,2004-10-30T12:45:00,Birmingham,Crystal Palace,https://www.xscores.com/soccer/match/birmingham-vs-crystal-palace/30-10-2004/1527854
2004/2005,2004-10-30T15:00:00,Arsenal,Southampton,https://www.xscores.com/soccer/match/arsenal-vs-southampton/30-10-2004/1527855
2004/2005,2004-10-30T15:00:00,Charlton,Middlesbrough,https://www.xscores.com/soccer/match/charlton-vs-middlesbrough/30-10-2004/1527857
2004/2005,2004-10-30T15:00:00,Everton,Aston Villa,https://www.xscores.com/soccer/match/everton-vs-aston-villa/30-10-2004/1527858
2004/2005,2004-10-30T15:00:00,Fulham,Tottenham,https://www.xscores.com/soccer/match/fulham-vs-tottenham/30-10-2004/1527859
2004/2005,2004-10-30T15:00:00,Portsmouth,Manchester United,https://www.xscores.com/soccer/match/portsmouth-vs-manchester-united/30-10-2004/1527860
2004/2005,2004-10-30T15:00:00,West Bromwich,Chelsea,https://www.xscores.com/soccer/match/west-bromwich-vs-chelsea/30-10-2004/1527856
2004/2005,2004-10-30T17:15:00,Blackburn,Liverpool,https://www.xscores.com/soccer/match/blackburn-vs-liverpool/30-10-2004/1527861
2004/2005,2004-10-31T16:05:00,Bolton,Newcastle,https://www.xscores.com/soccer/match/bolton-vs-newcastle/31-10-2004/1527862
2004/2005,2004-11-01T20:00:00,Manchester City,Norwich,https://www.xscores.com/soccer/match/manchester-city-vs-norwich/01-11-2004/1527863
2004/2005,2004-11-06T12:45:00,Aston Villa,Portsmouth,https://www.xscores.com/soccer/match/aston-villa-vs-portsmouth/06-11-2004/1527864
2004/2005,2004-11-06T15:00:00,Chelsea,Everton,https://www.xscores.com/soccer/match/chelsea-vs-everton/06-11-2004/1527865
2004/2005,2004-11-06T15:00:00,Liverpool,Birmingham,https://www.xscores.com/soccer/match/liverpool-vs-birmingham/06-11-2004/1527866
2004/2005,2004-11-06T15:00:00,Norwich,Blackburn,https://www.xscores.com/soccer/match/norwich-vs-blackburn/06-11-2004/1527868
2004/2005,2004-11-06T15:00:00,Southampton,West Bromwich,https://www.xscores.com/soccer/match/southampton-vs-west-bromwich/06-11-2004/1527869
2004/2005,2004-11-06T15:00:00,Tottenham,Charlton,https://www.xscores.com/soccer/match/tottenham-vs-charlton/06-11-2004/1527870
2004/2005,2004-11-06T17:15:00,Crystal Palace,Arsenal,https://www.xscores.com/soccer/match/crystal-palace-vs-arsenal/06-11-2004/1527871
2004/2005,2004-11-07T14:00:00,Middlesbrough,Bolton,https://www.xscores.com/soccer/match/middlesbrough-vs-bolton/07-11-2004/1527872
2004/2005,2004-11-07T15:00:00,Newcastle,Fulham,https://www.xscores.com/soccer/match/newcastle-vs-fulham/07-11-2004/1527867
2004/2005,2004-11-07T16:05:00,Manchester United,Manchester City,https://www.xscores.com/soccer/match/manchester-united-vs-manchester-city/07-11-2004/1527873
2004/2005,2004-11-13T12:00:00,Southampton,Portsmouth,https://www.xscores.com/soccer/match/southampton-vs-portsmouth/13-11-2004/1527874
2004/2005,2004-11-13T12:00:00,Tottenham,Arsenal,https://www.xscores.com/soccer/match/tottenham-vs-arsenal/13-11-2004/1527875
2004/2005,2004-11-13T15:00:00,Bolton,Aston Villa,https://www.xscores.com/soccer/match/bolton-vs-aston-villa/13-11-2004/1527876
2004/2005,2004-11-13T15:00:00,Charlton,Norwich,https://www.xscores.com/soccer/match/charlton-vs-norwich/13-11-2004/1527877
2004/2005,2004-11-13T15:00:00,Fulham,Chelsea,https://www.xscores.com/soccer/match/fulham-vs-chelsea/13-11-2004/1527878
2004/2005,2004-11-13T15:00:00,Liverpool,Crystal Palace,https://www.xscores.com/soccer/match/liverpool-vs-crystal-palace/13-11-2004/1527879
2004/2005,2004-11-13T15:00:00,Manchester City,Blackburn,https://www.xscores.com/soccer/match/manchester-city-vs-blackburn/13-11-2004/1527880
2004/2005,2004-11-13T17:15:00,Birmingham,Everton,https://www.xscores.com/soccer/match/birmingham-vs-everton/13-11-2004/1527881
2004/2005,2004-11-14T14:00:00,West Bromwich,Middlesbrough,https://www.xscores.com/soccer/match/west-bromwich-vs-middlesbrough/14-11-2004/1527882
2004/2005,2004-11-14T16:05:00,Newcastle,Manchester United,https://www.xscores.com/soccer/match/newcastle-vs-manchester-united/14-11-2004/1527883
2004/2005,2004-11-20T12:45:00,Manchester United,Charlton,https://www.xscores.com/soccer/match/manchester-united-vs-charlton/20-11-2004/1527884
2004/2005,2004-11-20T15:00:00,Arsenal,West Bromwich,https://www.xscores.com/soccer/match/arsenal-vs-west-bromwich/20-11-2004/1527885
2004/2005,2004-11-20T15:00:00,Crystal Palace,Newcastle,https://www.xscores.com/soccer/match/crystal-palace-vs-newcastle/20-11-2004/1527887
2004/2005,2004-11-20T15:00:00,Everton,Fulham,https://www.xscores.com/soccer/match/everton-vs-fulham/20-11-2004/1527888
2004/2005,2004-11-20T15:00:00,Middlesbrough,Liverpool,https://www.xscores.com/soccer/match/middlesbrough-vs-liverpool/20-11-2004/1527889
2004/2005,2004-11-20T15:00:00,Norwich,Southampton,https://www.xscores.com/soccer/match/norwich-vs-southampton/20-11-2004/1527890
2004/2005,2004-11-20T15:30:00,Chelsea,Bolton,https://www.xscores.com/soccer/match/chelsea-vs-bolton/20-11-2004/1527886
2004/2005,2004-11-20T17:15:00,Portsmouth,Manchester City,https://www.xscores.com/soccer/match/portsmouth-vs-manchester-city/20-11-2004/1527891
2004/2005,2004-11-21T16:05:00,Blackburn,Birmingham,https://www.xscores.com/soccer/match/blackburn-vs-birmingham/21-11-2004/1527892
2004/2005,2004-11-22T20:00:00,Aston Villa,Tottenham,https://www.xscores.com/soccer/match/aston-villa-vs-tottenham/22-11-2004/1527893
2004/2005,2004-11-27T12:45:00,Fulham,Blackburn,https://www.xscores.com/soccer/match/fulham-vs-blackburn/27-11-2004/1527894
2004/2005,2004-11-27T15:00:00,Birmingham,Norwich,https://www.xscores.com/soccer/match/birmingham-vs-norwich/27-11-2004/1527895
2004/2005,2004-11-27T15:00:00,Bolton,Portsmouth,https://www.xscores.com/soccer/match/bolton-vs-portsmouth/27-11-2004/1527897
2004/2005,2004-11-27T15:00:00,Charlton,Chelsea,https://www.xscores.com/soccer/match/charlton-vs-chelsea/27-11-2004/1527898
2004/2005,2004-11-27T15:00:00,Southampton,Crystal Palace,https://www.xscores.com/soccer/match/southampton-vs-crystal-palace/27-11-2004/1527899
2004/2005,2004-11-27T15:00:00,West Bromwich,Manchester United,https://www.xscores.com/soccer/match/west-bromwich-vs-manchester-united/27-11-2004/1527896
2004/2005,2004-11-27T17:15:00,Manchester City,Aston Villa,https://www.xscores.com/soccer/match/manchester-city-vs-aston-villa/27-11-2004/1527901
2004/2005,2004-11-28T14:00:00,Newcastle,Everton,https://www.xscores.com/soccer/match/newcastle-vs-everton/28-11-2004/1527902
2004/2005,2004-11-28T15:00:00,Tottenham,Middlesbrough,https://www.xscores.com/soccer/match/tottenham-vs-middlesbrough/28-11-2004/1527900
2004/2005,2004-11-28T16:05:00,Liverpool,Arsenal,https://www.xscores.com/soccer/match/liverpool-vs-arsenal/28-11-2004/1527903
2004/2005,2004-12-04T12:45:00,Chelsea,Newcastle,https://www.xscores.com/soccer/match/chelsea-vs-newcastle/04-12-2004/1527904
2004/2005,2004-12-04T15:00:00,Arsenal,Birmingham,https://www.xscores.com/soccer/match/arsenal-vs-birmingham/04-12-2004/1527905
2004/2005,2004-12-04T15:00:00,Aston Villa,Liverpool,https://www.xscores.com/soccer/match/aston-villa-vs-liverpool/04-12-2004/1527907
2004/2005,2004-12-04T15:00:00,Everton,Bolton,https://www.xscores.com/soccer/match/everton-vs-bolton/04-12-2004/1527908
2004/2005,2004-12-04T15:00:00,Manchester United,Southampton,https://www.xscores.com/soccer/match/manchester-united-vs-southampton/04-12-2004/1527909
2004/2005,2004-12-04T15:00:00,Norwich,Fulham,https://www.xscores.com/soccer/match/norwich-vs-fulham/04-12-2004/1527910
2004/2005,2004-12-04T15:00:00,Portsmouth,West Bromwich,https://www.xscores.com/soccer/match/portsmouth-vs-west-bromwich/04-12-2004/1527906
2004/2005,2004-12-04T17:15:00,Blackburn,Tottenham,https://www.xscores.com/soccer/match/blackburn-vs-tottenham/04-12-2004/1527911
2004/2005,2004-12-05T16:05:00,Crystal Palace,Charlton,https://www.xscores.com/soccer/match/crystal-palace-vs-charlton/05-12-2004/1527912
2004/2005,2004-12-06T20:00:00,Middlesbrough,Manchester City,https://www.xscores.com/soccer/match/middlesbrough-vs-manchester-city/06-12-2004/1527913
2004/2005,2004-12-11T12:45:00,Everton,Liverpool,https://www.xscores.com/soccer/match/everton-vs-liverpool/11-12-2004/1527914
2004/2005,2004-12-11T15:00:00,Crystal Palace,Blackburn,https://www.xscores.com/soccer/match/crystal-palace-vs-blackburn/11-12-2004/1527916
2004/2005,2004-12-11T15:00:00,Manchester City,Tottenham,https://www.xscores.com/soccer/match/manchester-city-vs-tottenham/11-12-2004/1527917
2004/2005,2004-12-11T15:00:00,Newcastle,Portsmouth,https://www.xscores.com/soccer/match/newcastle-vs-portsmouth/11-12-2004/1527918
2004/2005,2004-12-11T15:00:00,Norwich,Bolton,https://www.xscores.com/soccer/match/norwich-vs-bolton/11-12-2004/1527919
2004/2005,2004-12-11T15:00:00,Southampton,Middlesbrough,https://www.xscores.com/soccer/match/southampton-vs-middlesbrough/11-12-2004/1527920
2004/2005,2004-12-11T15:00:00,West Bromwich,Charlton,https://www.xscores.com/soccer/match/west-bromwich-vs-charlton/11-12-2004/1527915
2004/2005,2004-12-12T13:00:00,Aston Villa,Birmingham,https://www.xscores.com/soccer/match/aston-villa-vs-birmingham/12-12-2004/1527921
2004/2005,2004-12-12T16:05:00,Arsenal,Chelsea,https://www.xscores.com/soccer/match/arsenal-vs-chelsea/12-12-2004/1527922
2004/2005,2004-12-13T20:00:00,Fulham,Manchester United,https://www.xscores.com/soccer/match/fulham-vs-manchester-united/13-12-2004/1527923
2004/2005,2004-12-18T12:00:00,Birmingham,West Bromwich,https://www.xscores.com/soccer/match/birmingham-vs-west-bromwich/18-12-2004/1527924
2004/2005,2004-12-18T15:00:00,Blackburn,Everton,https://www.xscores.com/soccer/match/blackburn-vs-everton/18-12-2004/1527927
2004/2005,2004-12-18T15:00:00,Bolton,Manchester City,https://www.xscores.com/soccer/match/bolton-vs-manchester-city/18-12-2004/1527928
2004/2005,2004-12-18T15:00:00,Chelsea,Norwich,https://www.xscores.com/soccer/match/chelsea-vs-norwich/18-12-2004/1527929
2004/2005,2004-12-18T15:00:00,Middlesbrough,Aston Villa,https://www.xscores.com/soccer/match/middlesbrough-vs-aston-villa/18-12-2004/1527930
2004/2005,2004-12-18T15:00:00,Tottenham,Southampton,https://www.xscores.com/soccer/match/tottenham-vs-southampton/18-12-2004/1527926
2004/2005,2004-12-18T17:15:00,Manchester United,Crystal Palace,https://www.xscores.com/soccer/match/manchester-united-vs-crystal-palace/18-12-2004/1527931
2004/2005,2004-12-19T13:30:00,Liverpool,Newcastle,https://www.xscores.com/soccer/match/liverpool-vs-newcastle/19-12-2004/1527925
2004/2005,2004-12-19T16:05:00,Portsmouth,Arsenal,https://www.xscores.com/soccer/match/portsmouth-vs-arsenal/19-12-2004/1527932
2004/2005,2004-12-20T20:00:00,Charlton,Fulham,https://www.xscores.com/soccer/match/charlton-vs-fulham/20-12-2004/1527933
2004/2005,2004-12-26T12:30:00,Southampton,Charlton,https://www.xscores.com/soccer/match/southampton-vs-charlton/26-12-2004/1527934
2004/2005,2004-12-26T13:00:00,Arsenal,Fulham,https://www.xscores.com/soccer/match/arsenal-vs-fulham/26-12-2004/1527936
2004/2005,2004-12-26T13:00:00,Chelsea,Aston Villa,https://www.xscores.com/soccer/match/chelsea-vs-aston-villa/26-12-2004/1527935
2004/2005,2004-12-26T13:40:00,Crystal Palace,Portsmouth,https://www.xscores.com/soccer/match/crystal-palace-vs-portsmouth/26-12-2004/1527938
2004/2005,2004-12-26T15:00:00,Blackburn,Newcastle,https://www.xscores.com/soccer/match/blackburn-vs-newcastle/26-12-2004/1527937
2004/2005,2004-12-26T15:00:00,Everton,Manchester City,https://www.xscores.com/soccer/match/everton-vs-manchester-city/26-12-2004/1527939
2004/2005,2004-12-26T15:00:00,Manchester United,Bolton,https://www.xscores.com/soccer/match/manchester-united-vs-bolton/26-12-2004/1527940
2004/2005,2004-12-26T15:00:00,Norwich,Tottenham,https://www.xscores.com/soccer/match/norwich-vs-tottenham/26-12-2004/1527941
2004/2005,2004-12-26T15:30:00,Birmingham,Middlesbrough,https://www.xscores.com/soccer/match/birmingham-vs-middlesbrough/26-12-2004/1527942
2004/2005,2004-12-26T18:00:00,West Bromwich,Liverpool,https://www.xscores.com/soccer/match/west-bromwich-vs-liverpool/26-12-2004/1527943
2004/2005,2004-12-28T15:00:00,Bolton,Blackburn,https://www.xscores.com/soccer/match/bolton-vs-blackburn/28-12-2004/1527945
2004/2005,2004-12-28T15:00:00,Charlton,Everton,https://www.xscores.com/soccer/match/charlton-vs-everton/28-12-2004/1527946
2004/2005,2004-12-28T15:00:00,Fulham,Birmingham,https://www.xscores.com/soccer/match/fulham-vs-birmingham/28-12-2004/1527947
2004/2005,2004-12-28T15:00:00,Manchester City,West Bromwich,https://www.xscores.com/soccer/match/manchester-city-vs-west-bromwich/28-12-2004/1527948
2004/2005,2004-12-28T15:00:00,Middlesbrough,Norwich,https://www.xscores.com/soccer/match/middlesbrough-vs-norwich/28-12-2004/1527949
2004/2005,2004-12-28T15:00:00,Portsmouth,Chelsea,https://www.xscores.com/soccer/match/portsmouth-vs-chelsea/28-12-2004/1527950
2004/2005,2004-12-28T15:00:00,Tottenham,Crystal Palace,https://www.xscores.com/soccer/match/tottenham-vs-crystal-palace/28-12-2004/1527944
2004/2005,2004-12-28T16:30:00,Liverpool,Southampton,https://www.xscores.com/soccer/match/liverpool-vs-southampton/28-12-2004/1527951
2004/2005,2004-12-28T20:00:00,Aston Villa,Manchester United,https://www.xscores.com/soccer/match/aston-villa-vs-manchester-united/28-12-2004/1527952
2004/2005,2004-12-29T20:05:00,Newcastle,Arsenal,https://www.xscores.com/soccer/match/newcastle-vs-arsenal/29-12-2004/1527953
2004/2005,2005-01-01T12:45:00,Liverpool,Chelsea,https://www.xscores.com/soccer/match/liverpool-vs-chelsea/01-01-2005/1527959
2004/2005,2005-01-01T14:00:00,Fulham,Crystal Palace,https://www.xscores.com/soccer/match/fulham-vs-crystal-palace/01-01-2005/1527958
2004/2005,2005-01-01T15:00:00,Aston Villa,Blackburn,https://www.xscores.com/soccer/match/aston-villa-vs-blackburn/01-01-2005/1527954
2004/2005,2005-01-01T15:00:00,Bolton,West Bromwich,https://www.xscores.com/soccer/match/bolton-vs-west-bromwich/01-01-2005/1527956
2004/2005,2005-01-01T15:00:00,Charlton,Arsenal,https://www.xscores.com/soccer/match/charlton-vs-arsenal/01-01-2005/1527957
2004/2005,2005-01-01T15:00:00,Manchester City,Southampton,https://www.xscores.com/soccer/match/manchester-city-vs-southampton/01-01-2005/1527960
2004/2005,2005-01-01T15:00:00,Newcastle,Birmingham,https://www.xscores.com/soccer/match/newcastle-vs-birmingham/01-01-2005/1527962
2004/2005,2005-01-01T15:00:00,Portsmouth,Norwich,https://www.xscores.com/soccer/match/portsmouth-vs-norwich/01-01-2005/1527963
2004/2005,2005-01-01T15:00:00,Tottenham,Everton,https://www.xscores.com/soccer/match/tottenham-vs-everton/01-01-2005/1527955
2004/2005,2005-01-01T17:30:00,Middlesbrough,Manchester United,https://www.xscores.com/soccer/match/middlesbrough-vs-manchester-united/01-01-2005/1527961
2004/2005,2005-01-03T12:45:00,Norwich,Liverpool,https://www.xscores.com/soccer/match/norwich-vs-liverpool/03-01-2005/1528026
2004/2005,2005-01-03T15:00:00,Blackburn,Charlton,https://www.xscores.com/soccer/match/blackburn-vs-charlton/03-01-2005/1527966
2004/2005,2005-01-03T15:00:00,Crystal Palace,Aston Villa,https://www.xscores.com/soccer/match/crystal-palace-vs-aston-villa/03-01-2005/1528023
2004/2005,2005-01-03T20:05:00,West Bromwich,Newcastle,https://www.xscores.com/soccer/match/west-bromwich-vs-newcastle/03-01-2005/1527964
2004/2005,2005-01-04T19:45:00,Arsenal,Manchester City,https://www.xscores.com/soccer/match/arsenal-vs-manchester-city/04-01-2005/1528028
2004/2005,2005-01-04T19:45:00,Birmingham,Bolton,https://www.xscores.com/soccer/match/birmingham-vs-bolton/04-01-2005/1527965
2004/2005,2005-01-04T19:50:00,Chelsea,Middlesbrough,https://www.xscores.com/soccer/match/chelsea-vs-middlesbrough/04-01-2005/1528022
2004/2005,2005-01-04T20:00:00,Everton,Portsmouth,https://www.xscores.com/soccer/match/everton-vs-portsmouth/04-01-2005/1528024
2004/2005,2005-01-04T20:00:00,Manchester United,Tottenham,https://www.xscores.com/soccer/match/manchester-united-vs-tottenham/04-01-2005/1528025
2004/2005,2005-01-05T20:00:00,Southampton,Fulham,https://www.xscores.com/soccer/match/southampton-vs-fulham/05-01-2005/1528027
2004/2005,2005-01-15T12:30:00,Liverpool,Manchester United,https://www.xscores.com/soccer/match/liverpool-vs-manchester-united/15-01-2005/1528029
2004/2005,2005-01-15T15:00:00,Aston Villa,Norwich,https://www.xscores.com/soccer/match/aston-villa-vs-norwich/15-01-2005/1528030
2004/2005,2005-01-15T15:00:00,Charlton,Birmingham,https://www.xscores.com/soccer/match/charlton-vs-birmingham/15-01-2005/1528033
2004/2005,2005-01-15T15:00:00,Manchester City,Crystal Palace,https://www.xscores.com/soccer/match/manchester-city-vs-crystal-palace/15-01-2005/1528035
2004/2005,2005-01-15T15:00:00,Newcastle,Southampton,https://www.xscores.com/soccer/match/newcastle-vs-southampton/15-01-2005/1528037
2004/2005,2005-01-15T15:00:00,Portsmouth,Blackburn,https://www.xscores.com/soccer/match/portsmouth-vs-blackburn/15-01-2005/1528038
2004/2005,2005-01-15T15:00:00,Tottenham,Chelsea,https://www.xscores.com/soccer/match/tottenham-vs-chelsea/15-01-2005/1528031
2004/2005,2005-01-15T17:15:00,Bolton,Arsenal,https://www.xscores.com/soccer/match/bolton-vs-arsenal/15-01-2005/1528032
2004/2005,2005-01-16T14:00:00,Middlesbrough,Everton,https://www.xscores.com/soccer/match/middlesbrough-vs-everton/16-01-2005/1528036
2004/2005,2005-01-16T16:05:00,Fulham,West Bromwich,https://www.xscores.com/soccer/match/fulham-vs-west-bromwich/16-01-2005/1528034
2004/2005,2005-01-22T12:45:00,Southampton,Liverpool,https://www.xscores.com/soccer/match/southampton-vs-liverpool/22-01-2005/1528048
2004/2005,2005-01-22T15:00:00,Birmingham,Fulham,https://www.xscores.com/soccer/match/birmingham-vs-fulham/22-01-2005/1528041
2004/2005,2005-01-22T15:00:00,Chelsea,Portsmouth,https://www.xscores.com/soccer/match/chelsea-vs-portsmouth/22-01-2005/1528043
2004/2005,2005-01-22T15:00:00,Crystal Palace,Tottenham,https://www.xscores.com/soccer/match/crystal-palace-vs-tottenham/22-01-2005/1528044
2004/2005,2005-01-22T15:00:00,Everton,Charlton,https://www.xscores.com/soccer/match/everton-vs-charlton/22-01-2005/1528045
2004/2005,2005-01-22T15:00:00,Manchester United,Aston Villa,https://www.xscores.com/soccer/match/manchester-united-vs-aston-villa/22-01-2005/1528046
2004/2005,2005-01-22T15:00:00,Norwich,Middlesbrough,https://www.xscores.com/soccer/match/norwich-vs-middlesbrough/22-01-2005/1528047
2004/2005,2005-01-22T17:15:00,West Bromwich,Manchester City,https://www.xscores.com/soccer/match/west-bromwich-vs-manchester-city/22-01-2005/1528040
2004/2005,2005-01-23T16:05:00,Arsenal,Newcastle,https://www.xscores.com/soccer/match/arsenal-vs-newcastle/23-01-2005/1528039
2004/2005,2005-01-24T20:00:00,Blackburn,Bolton,https://www.xscores.com/soccer/match/blackburn-vs-bolton/24-01-2005/1528042
2004/2005,2005-02-01T19:45:00,Portsmouth,Middlesbrough,https://www.xscores.com/soccer/match/portsmouth-vs-middlesbrough/01-02-2005/1528053
2004/2005,2005-02-01T19:45:00,West Bromwich,Crystal Palace,https://www.xscores.com/soccer/match/west-bromwich-vs-crystal-palace/01-02-2005/1528054
2004/2005,2005-02-01T20:00:00,Bolton,Tottenham,https://www.xscores.com/soccer/match/bolton-vs-tottenham/01-02-2005/1528051
2004/2005,2005-02-01T20:00:00,Charlton,Liverpool,https://www.xscores.com/soccer/match/charlton-vs-liverpool/01-02-2005/1528052
2004/2005,2005-02-01T20:05:00,Arsenal,Manchester United,https://www.xscores.com/soccer/match/arsenal-vs-manchester-united/01-02-2005/1528049
2004/2005,2005-02-02T19:45:00,Birmingham,Southampton,https://www.xscores.com/soccer/match/birmingham-vs-southampton/02-02-2005/1528050
2004/2005,2005-02-02T19:45:00,Fulham,Aston Villa,https://www.xscores.com/soccer/match/fulham-vs-aston-villa/02-02-2005/1528057
2004/2005,2005-02-02T19:45:00,Manchester City,Newcastle,https://www.xscores.com/soccer/match/manchester-city-vs-newcastle/02-02-2005/1528058
2004/2005,2005-02-02T20:00:00,Blackburn,Chelsea,https://www.xscores.com/soccer/match/blackburn-vs-chelsea/02-02-2005/1528055
2004/2005,2005-02-02T20:00:00,Everton,Norwich,https://www.xscores.com/soccer/match/everton-vs-norwich/02-02-2005/1528056
2004/2005,2005-02-05T12:45:00,Crystal Palace,Bolton,https://www.xscores.com/soccer/match/crystal-palace-vs-bolton/05-02-2005/1528062
2004/2005,2005-02-05T15:00:00,Liverpool,Fulham,https://www.xscores.com/soccer/match/liverpool-vs-fulham/05-02-2005/1528063
2004/2005,2005-02-05T15:00:00,Manchester United,Birmingham,https://www.xscores.com/soccer/match/manchester-united-vs-birmingham/05-02-2005/1528064
2004/2005,2005-02-05T15:00:00,Middlesbrough,Blackburn,https://www.xscores.com/soccer/match/middlesbrough-vs-blackburn/05-02-2005/1528065
2004/2005,2005-02-05T15:00:00,Newcastle,Charlton,https://www.xscores.com/soccer/match/newcastle-vs-charlton/05-02-2005/1528066
2004/2005,2005-02-05T15:00:00,Norwich,West Bromwich,https://www.xscores.com/soccer/match/norwich-vs-west-bromwich/05-02-2005/1528067
2004/2005,2005-02-05T15:00:00,Tottenham,Portsmouth,https://www.xscores.com/soccer/match/tottenham-vs-portsmouth/05-02-2005/1528060
2004/2005,2005-02-05T17:15:00,Aston Villa,Arsenal,https://www.xscores.com/soccer/match/aston-villa-vs-arsenal/05-02-2005/1528059
2004/2005,2005-02-06T14:00:00,Southampton,Everton,https://www.xscores.com/soccer/match/southampton-vs-everton/06-02-2005/1528068
2004/2005,2005-02-06T16:05:00,Chelsea,Manchester City,https://www.xscores.com/soccer/match/chelsea-vs-manchester-city/06-02-2005/1528061
2004/2005,2005-02-12T12:45:00,Everton,Chelsea,https://www.xscores.com/soccer/match/everton-vs-chelsea/12-02-2005/1528075
2004/2005,2005-02-12T15:00:00,Birmingham,Liverpool,https://www.xscores.com/soccer/match/birmingham-vs-liverpool/12-02-2005/1528071
2004/2005,2005-02-12T15:00:00,Blackburn,Norwich,https://www.xscores.com/soccer/match/blackburn-vs-norwich/12-02-2005/1528072
2004/2005,2005-02-12T15:00:00,Portsmouth,Aston Villa,https://www.xscores.com/soccer/match/portsmouth-vs-aston-villa/12-02-2005/1528078
2004/2005,2005-02-12T17:15:00,Bolton,Middlesbrough,https://www.xscores.com/soccer/match/bolton-vs-middlesbrough/12-02-2005/1528073
2004/2005,2005-02-13T13:00:00,Manchester City,Manchester United,https://www.xscores.com/soccer/match/manchester-city-vs-manchester-united/13-02-2005/1528077
2004/2005,2005-02-14T20:00:00,Arsenal,Crystal Palace,https://www.xscores.com/soccer/match/arsenal-vs-crystal-palace/14-02-2005/1528069
2004/2005,2005-02-22T19:45:00,West Bromwich,Southampton,https://www.xscores.com/soccer/match/west-bromwich-vs-southampton/22-02-2005/1528070
2004/2005,2005-03-16T20:00:00,Charlton,Tottenham,https://www.xscores.com/soccer/match/charlton-vs-tottenham/16-03-2005/1528074
2004/2005,2005-05-04T19:45:00,Fulham,Newcastle,https://www.xscores.com/soccer/match/fulham-vs-newcastle/04-05-2005/1528076
2004/2005,2005-02-26T12:45:00,Southampton,Arsenal,https://www.xscores.com/soccer/match/southampton-vs-arsenal/26-02-2005/1528087
2004/2005,2005-02-26T15:00:00,Aston Villa,Everton,https://www.xscores.com/soccer/match/aston-villa-vs-everton/26-02-2005/1528079
2004/2005,2005-02-26T15:00:00,Crystal Palace,Birmingham,https://www.xscores.com/soccer/match/crystal-palace-vs-birmingham/26-02-2005/1528081
2004/2005,2005-02-26T15:00:00,Tottenham,Fulham,https://www.xscores.com/soccer/match/tottenham-vs-fulham/26-02-2005/1528088
2004/2005,2005-02-26T17:15:00,Manchester United,Portsmouth,https://www.xscores.com/soccer/match/manchester-united-vs-portsmouth/26-02-2005/1528083
2004/2005,2005-02-27T13:05:00,Newcastle,Bolton,https://www.xscores.com/soccer/match/newcastle-vs-bolton/27-02-2005/1528085
2004/2005,2005-02-27T15:00:00,Middlesbrough,Charlton,https://www.xscores.com/soccer/match/middlesbrough-vs-charlton/27-02-2005/1528084
2004/2005,2005-02-28T20:00:00,Norwich,Manchester City,https://www.xscores.com/soccer/match/norwich-vs-manchester-city/28-02-2005/1528086
2004/2005,2005-03-15T19:50:00,Chelsea,West Bromwich,https://www.xscores.com/soccer/match/chelsea-vs-west-bromwich/15-03-2005/1528080
2004/2005,2005-03-16T20:00:00,Liverpool,Blackburn,https://www.xscores.com/soccer/match/liverpool-vs-blackburn/16-03-2005/1528082
2004/2005,2005-03-05T12:45:00,Aston Villa,Middlesbrough,https://www.xscores.com/soccer/match/aston-villa-vs-middlesbrough/05-03-2005/1528090
2004/2005,2005-03-05T15:00:00,Arsenal,Portsmouth,https://www.xscores.com/soccer/match/arsenal-vs-portsmouth/05-03-2005/1528089
2004/2005,2005-03-05T15:00:00,Crystal Palace,Manchester United,https://www.xscores.com/soccer/match/crystal-palace-vs-manchester-united/05-03-2005/1528091
2004/2005,2005-03-05T15:00:00,Fulham,Charlton,https://www.xscores.com/soccer/match/fulham-vs-charlton/05-03-2005/1528093
2004/2005,2005-03-05T15:00:00,Newcastle,Liverpool,https://www.xscores.com/soccer/match/newcastle-vs-liverpool/05-03-2005/1528095
2004/2005,2005-03-05T15:00:00,Southampton,Tottenham,https://www.xscores.com/soccer/match/southampton-vs-tottenham/05-03-2005/1528097
2004/2005,2005-03-05T17:15:00,Norwich,Chelsea,https://www.xscores.com/soccer/match/norwich-vs-chelsea/05-03-2005/1528096
2004/2005,2005-03-06T12:00:00,West Bromwich,Birmingham,https://www.xscores.com/soccer/match/west-bromwich-vs-birmingham/06-03-2005/1528098
2004/2005,2005-03-06T16:05:00,Everton,Blackburn,https://www.xscores.com/soccer/match/everton-vs-blackburn/06-03-2005/1528092
2004/2005,2005-03-07T20:00:00,Manchester City,Bolton,https://www.xscores.com/soccer/match/manchester-city-vs-bolton/07-03-2005/1528094
2004/2005,2005-03-19T12:45:00,Blackburn,Arsenal,https://www.xscores.com/soccer/match/blackburn-vs-arsenal/19-03-2005/1528099
2004/2005,2005-03-19T15:00:00,Charlton,West Bromwich,https://www.xscores.com/soccer/match/charlton-vs-west-bromwich/19-03-2005/1528101
2004/2005,2005-03-19T15:00:00,Chelsea,Crystal Palace,https://www.xscores.com/soccer/match/chelsea-vs-crystal-palace/19-03-2005/1528102
2004/2005,2005-03-19T15:00:00,Manchester United,Fulham,https://www.xscores.com/soccer/match/manchester-united-vs-fulham/19-03-2005/1528104
2004/2005,2005-03-19T15:00:00,Portsmouth,Newcastle,https://www.xscores.com/soccer/match/portsmouth-vs-newcastle/19-03-2005/1528106
2004/2005,2005-03-19T15:00:00,Tottenham,Manchester City,https://www.xscores.com/soccer/match/tottenham-vs-manchester-city/19-03-2005/1528107
2004/2005,2005-03-19T17:15:00,Bolton,Norwich,https://www.xscores.com/soccer/match/bolton-vs-norwich/19-03-2005/1528100
2004/2005,2005-03-20T12:00:00,Birmingham,Aston Villa,https://www.xscores.com/soccer/match/birmingham-vs-aston-villa/20-03-2005/1528108
2004/2005,2005-03-20T15:00:00,Middlesbrough,Southampton,https://www.xscores.com/soccer/match/middlesbrough-vs-southampton/20-03-2005/1528105
2004/2005,2005-03-20T16:05:00,Liverpool,Everton,https://www.xscores.com/soccer/match/liverpool-vs-everton/20-03-2005/1528103
2004/2005,2005-04-02T12:45:00,Charlton,Manchester City,https://www.xscores.com/soccer/match/charlton-vs-manchester-city/02-04-2005/1528111
2004/2005,2005-04-02T15:00:00,Arsenal,Norwich,https://www.xscores.com/soccer/match/arsenal-vs-norwich/02-04-2005/1528109
2004/2005,2005-04-02T15:00:00,Birmingham,Tottenham,https://www.xscores.com/soccer/match/birmingham-vs-tottenham/02-04-2005/1528110
2004/2005,2005-04-02T15:00:00,Crystal Palace,Middlesbrough,https://www.xscores.com/soccer/match/crystal-palace-vs-middlesbrough/02-04-2005/1528112
2004/2005,2005-04-02T15:00:00,Liverpool,Bolton,https://www.xscores.com/soccer/match/liverpool-vs-bolton/02-04-2005/1528114
2004/2005,2005-04-02T15:00:00,Manchester United,Blackburn,https://www.xscores.com/soccer/match/manchester-united-vs-blackburn/02-04-2005/1528115
2004/2005,2005-04-02T15:00:00,Newcastle,Aston Villa,https://www.xscores.com/soccer/match/newcastle-vs-aston-villa/02-04-2005/1528116
2004/2005,2005-04-02T17:15:00,Southampton,Chelsea,https://www.xscores.com/soccer/match/southampton-vs-chelsea/02-04-2005/1528117
2004/2005,2005-04-03T13:30:00,Fulham,Portsmouth,https://www.xscores.com/soccer/match/fulham-vs-portsmouth/03-04-2005/1528113
2004/2005,2005-04-03T16:05:00,West Bromwich,Everton,https://www.xscores.com/soccer/match/west-bromwich-vs-everton/03-04-2005/1528118
2004/2005,2005-04-09T15:00:00,Blackburn,Southampton,https://www.xscores.com/soccer/match/blackburn-vs-southampton/09-04-2005/1528119
2004/2005,2005-04-09T15:00:00,Bolton,Fulham,https://www.xscores.com/soccer/match/bolton-vs-fulham/09-04-2005/1528120
2004/2005,2005-04-09T15:00:00,Chelsea,Birmingham,https://www.xscores.com/soccer/match/chelsea-vs-birmingham/09-04-2005/1528121
2004/2005,2005-04-09T15:00:00,Manchester City,Liverpool,https://www.xscores.com/soccer/match/manchester-city-vs-liverpool/09-04-2005/1528177
2004/2005,2005-04-09T15:00:00,Middlesbrough,Arsenal,https://www.xscores.com/soccer/match/middlesbrough-vs-arsenal/09-04-2005/1528178
2004/2005,2005-04-09T15:00:00,Portsmouth,Charlton,https://www.xscores.com/soccer/match/portsmouth-vs-charlton/09-04-2005/1528180
2004/2005,2005-04-09T17:15:00,Norwich,Manchester United,https://www.xscores.com/soccer/match/norwich-vs-manchester-united/09-04-2005/1528179
2004/2005,2005-04-10T12:00:00,Aston Villa,West Bromwich,https://www.xscores.com/soccer/match/aston-villa-vs-west-bromwich/10-04-2005/1528182
2004/2005,2005-04-10T15:00:00,Everton,Crystal Palace,https://www.xscores.com/soccer/match/everton-vs-crystal-palace/10-04-2005/1528183
2004/2005,2005-04-10T16:05:00,Tottenham,Newcastle,https://www.xscores.com/soccer/match/tottenham-vs-newcastle/10-04-2005/1528181
2004/2005,2005-04-16T15:00:00,Charlton,Bolton,https://www.xscores.com/soccer/match/charlton-vs-bolton/16-04-2005/1528186
2004/2005,2005-04-16T15:00:00,Crystal Palace,Norwich,https://www.xscores.com/soccer/match/crystal-palace-vs-norwich/16-04-2005/1528187
2004/2005,2005-04-16T15:00:00,Fulham,Manchester City,https://www.xscores.com/soccer/match/fulham-vs-manchester-city/16-04-2005/1528188
2004/2005,2005-04-16T15:00:00,Liverpool,Tottenham,https://www.xscores.com/soccer/match/liverpool-vs-tottenham/16-04-2005/1528189
2004/2005,2005-04-16T15:15:00,Southampton,Aston Villa,https://www.xscores.com/soccer/match/southampton-vs-aston-villa/16-04-2005/1528192
2004/2005,2005-04-16T17:15:00,Birmingham,Portsmouth,https://www.xscores.com/soccer/match/birmingham-vs-portsmouth/16-04-2005/1528185
2004/2005,2005-04-26T19:45:00,West Bromwich,Blackburn,https://www.xscores.com/soccer/match/west-bromwich-vs-blackburn/26-04-2005/1528193
2004/2005,2005-04-27T19:45:00,Newcastle,Middlesbrough,https://www.xscores.com/soccer/match/newcastle-vs-middlesbrough/27-04-2005/1528191
2004/2005,2005-05-10T20:00:00,Manchester United,Chelsea,https://www.xscores.com/soccer/match/manchester-united-vs-chelsea/10-05-2005/1528190
2004/2005,2005-05-11T20:00:00,Arsenal,Everton,https://www.xscores.com/soccer/match/arsenal-vs-everton/11-05-2005/1528184
2004/2005,2005-04-19T20:00:00,Bolton,Southampton,https://www.xscores.com/soccer/match/bolton-vs-southampton/19-04-2005/1528194
2004/2005,2005-04-19T20:00:00,Middlesbrough,Fulham,https://www.xscores.com/soccer/match/middlesbrough-vs-fulham/19-04-2005/1528195
2004/2005,2005-04-20T19:45:00,Aston Villa,Charlton,https://www.xscores.com/soccer/match/aston-villa-vs-charlton/20-04-2005/1528198
2004/2005,2005-04-20T19:45:00,Manchester City,Birmingham,https://www.xscores.com/soccer/match/manchester-city-vs-birmingham/20-04-2005/1528202
2004/2005,2005-04-20T19:45:00,Norwich,Newcastle,https://www.xscores.com/soccer/match/norwich-vs-newcastle/20-04-2005/1528196
2004/2005,2005-04-20T19:45:00,Portsmouth,Liverpool,https://www.xscores.com/soccer/match/portsmouth-vs-liverpool/20-04-2005/1528197
2004/2005,2005-04-20T19:45:00,Tottenham,West Bromwich,https://www.xscores.com/soccer/match/tottenham-vs-west-bromwich/20-04-2005/1528203
2004/2005,2005-04-20T20:00:00,Blackburn,Crystal Palace,https://www.xscores.com/soccer/match/blackburn-vs-crystal-palace/20-04-2005/1528199
2004/2005,2005-04-20T20:05:00,Chelsea,Arsenal,https://www.xscores.com/soccer/match/chelsea-vs-arsenal/20-04-2005/1528200
2004/2005,2005-04-20T20:05:00,Everton,Manchester United,https://www.xscores.com/soccer/match/everton-vs-manchester-united/20-04-2005/1528201
2004/2005,2005-04-23T12:30:00,Everton,Birmingham,https://www.xscores.com/soccer/match/everton-vs-birmingham/23-04-2005/1528209
2004/2005,2005-04-23T12:45:00,Chelsea,Fulham,https://www.xscores.com/soccer/match/chelsea-vs-fulham/23-04-2005/1528207
2004/2005,2005-04-23T15:00:00,Aston Villa,Bolton,https://www.xscores.com/soccer/match/aston-villa-vs-bolton/23-04-2005/1528205
2004/2005,2005-04-23T15:00:00,Blackburn,Manchester City,https://www.xscores.com/soccer/match/blackburn-vs-manchester-city/23-04-2005/1528206
2004/2005,2005-04-23T15:00:00,Crystal Palace,Liverpool,https://www.xscores.com/soccer/match/crystal-palace-vs-liverpool/23-04-2005/1528208
2004/2005,2005-04-23T15:00:00,Middlesbrough,West Bromwich,https://www.xscores.com/soccer/match/middlesbrough-vs-west-bromwich/23-04-2005/1528211
2004/2005,2005-04-23T15:00:00,Norwich,Charlton,https://www.xscores.com/soccer/match/norwich-vs-charlton/23-04-2005/1528212
2004/2005,2005-04-24T12:00:00,Portsmouth,Southampton,https://www.xscores.com/soccer/match/portsmouth-vs-southampton/24-04-2005/1528213
2004/2005,2005-04-24T16:05:00,Manchester United,Newcastle,https://www.xscores.com/soccer/match/manchester-united-vs-newcastle/24-04-2005/1528210
2004/2005,2005-04-25T20:00:00,Arsenal,Tottenham,https://www.xscores.com/soccer/match/arsenal-vs-tottenham/25-04-2005/1528204
2004/2005,2005-04-30T15:00:00,Birmingham,Blackburn,https://www.xscores.com/soccer/match/birmingham-vs-blackburn/30-04-2005/1528214
2004/2005,2005-04-30T15:00:00,Fulham,Everton,https://www.xscores.com/soccer/match/fulham-vs-everton/30-04-2005/1528217
2004/2005,2005-04-30T15:00:00,Liverpool,Middlesbrough,https://www.xscores.com/soccer/match/liverpool-vs-middlesbrough/30-04-2005/1528218
2004/2005,2005-04-30T15:00:00,Manchester City,Portsmouth,https://www.xscores.com/soccer/match/manchester-city-vs-portsmouth/30-04-2005/1528219
2004/2005,2005-04-30T15:00:00,Newcastle,Crystal Palace,https://www.xscores.com/soccer/match/newcastle-vs-crystal-palace/30-04-2005/1528220
2004/2005,2005-04-30T15:00:00,Southampton,Norwich,https://www.xscores.com/soccer/match/southampton-vs-norwich/30-04-2005/1528221
2004/2005,2005-04-30T17:15:00,Bolton,Chelsea,https://www.xscores.com/soccer/match/bolton-vs-chelsea/30-04-2005/1528215
2004/2005,2005-05-01T13:00:00,Tottenham,Aston Villa,https://www.xscores.com/soccer/match/tottenham-vs-aston-villa/01-05-2005/1528222
2004/2005,2005-05-01T16:05:00,Charlton,Manchester United,https://www.xscores.com/soccer/match/charlton-vs-manchester-united/01-05-2005/1528216
2004/2005,2005-05-02T20:00:00,West Bromwich,Arsenal,https://www.xscores.com/soccer/match/west-bromwich-vs-arsenal/02-05-2005/1528223
2004/2005,2005-05-07T12:30:00,Chelsea,Charlton,https://www.xscores.com/soccer/match/chelsea-vs-charlton/07-05-2005/1528227
2004/2005,2005-05-07T15:00:00,Aston Villa,Manchester City,https://www.xscores.com/soccer/match/aston-villa-vs-manchester-city/07-05-2005/1528225
2004/2005,2005-05-07T15:00:00,Blackburn,Fulham,https://www.xscores.com/soccer/match/blackburn-vs-fulham/07-05-2005/1528226
2004/2005,2005-05-07T15:00:00,Crystal Palace,Southampton,https://www.xscores.com/soccer/match/crystal-palace-vs-southampton/07-05-2005/1528228
2004/2005,2005-05-07T15:00:00,Everton,Newcastle,https://www.xscores.com/soccer/match/everton-vs-newcastle/07-05-2005/1528229
2004/2005,2005-05-07T15:00:00,Middlesbrough,Tottenham,https://www.xscores.com/soccer/match/middlesbrough-vs-tottenham/07-05-2005/1528231
2004/2005,2005-05-07T15:00:00,Norwich,Birmingham,https://www.xscores.com/soccer/match/norwich-vs-birmingham/07-05-2005/1528232
2004/2005,2005-05-07T15:00:00,Portsmouth,Bolton,https://www.xscores.com/soccer/match/portsmouth-vs-bolton/07-05-2005/1528233
2004/2005,2005-05-07T17:15:00,Manchester United,West Bromwich,https://www.xscores.com/soccer/match/manchester-united-vs-west-bromwich/07-05-2005/1528230
2004/2005,2005-05-08T16:05:00,Arsenal,Liverpool,https://www.xscores.com/soccer/match/arsenal-vs-liverpool/08-05-2005/1528224
2004/2005,2005-05-15T15:00:00,Birmingham,Arsenal,https://www.xscores.com/soccer/match/birmingham-vs-arsenal/15-05-2005/1528234
2004/2005,2005-05-15T15:00:00,Bolton,Everton,https://www.xscores.com/soccer/match/bolton-vs-everton/15-05-2005/1528235
2004/2005,2005-05-15T15:00:00,Charlton,Crystal Palace,https://www.xscores.com/soccer/match/charlton-vs-crystal-palace/15-05-2005/1528236
2004/2005,2005-05-15T15:00:00,Fulham,Norwich,https://www.xscores.com/soccer/match/fulham-vs-norwich/15-05-2005/1528237
2004/2005,2005-05-15T15:00:00,Liverpool,Aston Villa,https://www.xscores.com/soccer/match/liverpool-vs-aston-villa/15-05-2005/1528238
2004/2005,2005-05-15T15:00:00,Manchester City,Middlesbrough,https://www.xscores.com/soccer/match/manchester-city-vs-middlesbrough/15-05-2005/1528239
2004/2005,2005-05-15T15:00:00,Newcastle,Chelsea,https://www.xscores.com/soccer/match/newcastle-vs-chelsea/15-05-2005/1528240
2004/2005,2005-05-15T15:00:00,Southampton,Manchester United,https://www.xscores.com/soccer/match/southampton-vs-manchester-united/15-05-2005/1528241
2004/2005,2005-05-15T15:00:00,Tottenham,Blackburn,https://www.xscores.com/soccer/match/tottenham-vs-blackburn/15-05-2005/1528242
2004/2005,2005-05-15T15:00:00,West Bromwich,Portsmouth,https://www.xscores.com/soccer/match/west-bromwich-vs-portsmouth/15-05-2005/1528243
