season,date,home_team,away_team,url
2023/2024,2023-08-11T20:00:00,Burnley,Manchester City,https://www.xscores.com/soccer/match/burnley-vs-manchester-city/11-08-2023/2139422
2023/2024,2023-08-12T13:00:00,Arsenal,Nottingham Forest,https://www.xscores.com/soccer/match/arsenal-vs-nottingham-forest/12-08-2023/2139430
2023/2024,2023-08-12T15:00:00,Bournemouth,West Ham,https://www.xscores.com/soccer/match/bournemouth-vs-west-ham/12-08-2023/2139429
2023/2024,2023-08-12T15:00:00,Brighton,Luton,https://www.xscores.com/soccer/match/brighton-vs-luton/12-08-2023/2139428
2023/2024,2023-08-12T15:00:00,Everton,Fulham,https://www.xscores.com/soccer/match/everton-vs-fulham/12-08-2023/2139427
2023/2024,2023-08-12T15:00:00,Sheffield United,Crystal Palace,https://www.xscores.com/soccer/match/sheffield-united-vs-crystal-palace/12-08-2023/2139426
2023/2024,2023-08-12T17:30:00,Newcastle,Aston Villa,https://www.xscores.com/soccer/match/newcastle-vs-aston-villa/12-08-2023/2139425
2023/2024,2023-08-13T14:00:00,Brentford,Tottenham,https://www.xscores.com/soccer/match/brentford-vs-tottenham/13-08-2023/2139424
2023/2024,2023-08-13T16:30:00,Chelsea,Liverpool,https://www.xscores.com/soccer/match/chelsea-vs-liverpool/13-08-2023/2139423
2023/2024,2023-08-14T20:00:00,Manchester United,Wolverhampton,https://www.xscores.com/soccer/match/manchester-united-vs-wolverhampton/14-08-2023/2139431
2023/2024,2023-08-18T19:45:00,Nottingham Forest,Sheffield United,https://www.xscores.com/soccer/match/nottingham-forest-vs-sheffield-united/18-08-2023/2139435
2023/2024,2023-08-19T15:00:00,Fulham,Brentford,https://www.xscores.com/soccer/match/fulham-vs-brentford/19-08-2023/2139439
2023/2024,2023-08-19T15:00:00,Liverpool,Bournemouth,https://www.xscores.com/soccer/match/liverpool-vs-bournemouth/19-08-2023/2139438
2023/2024,2023-08-19T15:00:00,Wolverhampton,Brighton,https://www.xscores.com/soccer/match/wolverhampton-vs-brighton/19-08-2023/2139432
2023/2024,2023-08-19T17:30:00,Tottenham,Manchester United,https://www.xscores.com/soccer/match/tottenham-vs-manchester-united/19-08-2023/2139434
2023/2024,2023-08-19T20:00:00,Manchester City,Newcastle,https://www.xscores.com/soccer/match/manchester-city-vs-newcastle/19-08-2023/2139436
2023/2024,2023-08-20T14:00:00,Aston Villa,Everton,https://www.xscores.com/soccer/match/aston-villa-vs-everton/20-08-2023/2139441
2023/2024,2023-08-20T16:30:00,West Ham,Chelsea,https://www.xscores.com/soccer/match/west-ham-vs-chelsea/20-08-2023/2139433
2023/2024,2023-08-21T20:00:00,Crystal Palace,Arsenal,https://www.xscores.com/soccer/match/crystal-palace-vs-arsenal/21-08-2023/2139440
2023/2024,2023-10-03T19:30:00,Luton,Burnley,https://www.xscores.com/soccer/match/luton-vs-burnley/03-10-2023/2139437
2023/2024,2023-08-25T20:00:00,Chelsea,Luton,https://www.xscores.com/soccer/match/chelsea-vs-luton/25-08-2023/2139451
2023/2024,2023-08-26T12:30:00,Bournemouth,Tottenham,https://www.xscores.com/soccer/match/bournemouth-vs-tottenham/26-08-2023/2139442
2023/2024,2023-08-26T15:00:00,Arsenal,Fulham,https://www.xscores.com/soccer/match/arsenal-vs-fulham/26-08-2023/2139455
2023/2024,2023-08-26T15:00:00,Brentford,Crystal Palace,https://www.xscores.com/soccer/match/brentford-vs-crystal-palace/26-08-2023/2139454
2023/2024,2023-08-26T15:00:00,Everton,Wolverhampton,https://www.xscores.com/soccer/match/everton-vs-wolverhampton/26-08-2023/2139450
2023/2024,2023-08-26T15:00:00,Manchester United,Nottingham Forest,https://www.xscores.com/soccer/match/manchester-united-vs-nottingham-forest/26-08-2023/2139449
2023/2024,2023-08-26T17:30:00,Brighton,West Ham,https://www.xscores.com/soccer/match/brighton-vs-west-ham/26-08-2023/2139453
2023/2024,2023-08-27T14:00:00,Burnley,Aston Villa,https://www.xscores.com/soccer/match/burnley-vs-aston-villa/27-08-2023/2139452
2023/2024,2023-08-27T14:00:00,Sheffield United,Manchester City,https://www.xscores.com/soccer/match/sheffield-united-vs-manchester-city/27-08-2023/2139447
2023/2024,2023-08-27T16:30:00,Newcastle,Liverpool,https://www.xscores.com/soccer/match/newcastle-vs-liverpool/27-08-2023/2139448
2023/2024,2023-09-01T20:00:00,Luton,West Ham,https://www.xscores.com/soccer/match/luton-vs-west-ham/01-09-2023/2139470
2023/2024,2023-09-02T12:30:00,Sheffield United,Everton,https://www.xscores.com/soccer/match/sheffield-united-vs-everton/02-09-2023/2139472
2023/2024,2023-09-02T15:00:00,Brentford,Bournemouth,https://www.xscores.com/soccer/match/brentford-vs-bournemouth/02-09-2023/2139445
2023/2024,2023-09-02T15:00:00,Burnley,Tottenham,https://www.xscores.com/soccer/match/burnley-vs-tottenham/02-09-2023/2139444
2023/2024,2023-09-02T15:00:00,Chelsea,Nottingham Forest,https://www.xscores.com/soccer/match/chelsea-vs-nottingham-forest/02-09-2023/2139467
2023/2024,2023-09-02T15:00:00,Manchester City,Fulham,https://www.xscores.com/soccer/match/manchester-city-vs-fulham/02-09-2023/2139471
2023/2024,2023-09-02T17:30:00,Brighton,Newcastle,https://www.xscores.com/soccer/match/brighton-vs-newcastle/02-09-2023/2139443
2023/2024,2023-09-03T14:00:00,Crystal Palace,Wolverhampton,https://www.xscores.com/soccer/match/crystal-palace-vs-wolverhampton/03-09-2023/2139468
2023/2024,2023-09-03T14:00:00,Liverpool,Aston Villa,https://www.xscores.com/soccer/match/liverpool-vs-aston-villa/03-09-2023/2139469
2023/2024,2023-09-03T16:30:00,Arsenal,Manchester United,https://www.xscores.com/soccer/match/arsenal-vs-manchester-united/03-09-2023/2139446
2023/2024,2023-09-16T12:30:00,Wolverhampton,Liverpool,https://www.xscores.com/soccer/match/wolverhampton-vs-liverpool/16-09-2023/2139460
2023/2024,2023-09-16T15:00:00,Aston Villa,Crystal Palace,https://www.xscores.com/soccer/match/aston-villa-vs-crystal-palace/16-09-2023/2139474
2023/2024,2023-09-16T15:00:00,Fulham,Luton,https://www.xscores.com/soccer/match/fulham-vs-luton/16-09-2023/2139466
2023/2024,2023-09-16T15:00:00,Manchester United,Brighton,https://www.xscores.com/soccer/match/manchester-united-vs-brighton/16-09-2023/2139465
2023/2024,2023-09-16T15:00:00,Tottenham,Sheffield United,https://www.xscores.com/soccer/match/tottenham-vs-sheffield-united/16-09-2023/2139457
2023/2024,2023-09-16T15:00:00,West Ham,Manchester City,https://www.xscores.com/soccer/match/west-ham-vs-manchester-city/16-09-2023/2139456
2023/2024,2023-09-16T17:30:00,Newcastle,Brentford,https://www.xscores.com/soccer/match/newcastle-vs-brentford/16-09-2023/2139459
2023/2024,2023-09-17T14:00:00,Bournemouth,Chelsea,https://www.xscores.com/soccer/match/bournemouth-vs-chelsea/17-09-2023/2139473
2023/2024,2023-09-17T16:30:00,Everton,Arsenal,https://www.xscores.com/soccer/match/everton-vs-arsenal/17-09-2023/2139475
2023/2024,2023-09-18T19:45:00,Nottingham Forest,Burnley,https://www.xscores.com/soccer/match/nottingham-forest-vs-burnley/18-09-2023/2139458
2023/2024,2023-09-23T15:00:00,Crystal Palace,Fulham,https://www.xscores.com/soccer/match/crystal-palace-vs-fulham/23-09-2023/2139485
2023/2024,2023-09-23T15:00:00,Luton,Wolverhampton,https://www.xscores.com/soccer/match/luton-vs-wolverhampton/23-09-2023/2139483
2023/2024,2023-09-23T15:00:00,Manchester City,Nottingham Forest,https://www.xscores.com/soccer/match/manchester-city-vs-nottingham-forest/23-09-2023/2139482
2023/2024,2023-09-23T17:30:00,Brentford,Everton,https://www.xscores.com/soccer/match/brentford-vs-everton/23-09-2023/2139462
2023/2024,2023-09-23T20:00:00,Burnley,Manchester United,https://www.xscores.com/soccer/match/burnley-vs-manchester-united/23-09-2023/2139464
2023/2024,2023-09-24T14:00:00,Arsenal,Tottenham,https://www.xscores.com/soccer/match/arsenal-vs-tottenham/24-09-2023/2139461
2023/2024,2023-09-24T14:00:00,Brighton,Bournemouth,https://www.xscores.com/soccer/match/brighton-vs-bournemouth/24-09-2023/2139463
2023/2024,2023-09-24T14:00:00,Chelsea,Aston Villa,https://www.xscores.com/soccer/match/chelsea-vs-aston-villa/24-09-2023/2139476
2023/2024,2023-09-24T14:00:00,Liverpool,West Ham,https://www.xscores.com/soccer/match/liverpool-vs-west-ham/24-09-2023/2139484
2023/2024,2023-09-24T16:30:00,Sheffield United,Newcastle,https://www.xscores.com/soccer/match/sheffield-united-vs-newcastle/24-09-2023/2139481
2023/2024,2023-09-30T12:30:00,Aston Villa,Brighton,https://www.xscores.com/soccer/match/aston-villa-vs-brighton/30-09-2023/2139479
2023/2024,2023-09-30T15:00:00,Bournemouth,Arsenal,https://www.xscores.com/soccer/match/bournemouth-vs-arsenal/30-09-2023/2139480
2023/2024,2023-09-30T15:00:00,Everton,Luton,https://www.xscores.com/soccer/match/everton-vs-luton/30-09-2023/2139478
2023/2024,2023-09-30T15:00:00,Manchester United,Crystal Palace,https://www.xscores.com/soccer/match/manchester-united-vs-crystal-palace/30-09-2023/2139495
2023/2024,2023-09-30T15:00:00,Newcastle,Burnley,https://www.xscores.com/soccer/match/newcastle-vs-burnley/30-09-2023/2139496
2023/2024,2023-09-30T15:00:00,West Ham,Sheffield United,https://www.xscores.com/soccer/match/west-ham-vs-sheffield-united/30-09-2023/2139499
2023/2024,2023-09-30T15:00:00,Wolverhampton,Manchester City,https://www.xscores.com/soccer/match/wolverhampton-vs-manchester-city/30-09-2023/2139500
2023/2024,2023-09-30T17:30:00,Tottenham,Liverpool,https://www.xscores.com/soccer/match/tottenham-vs-liverpool/30-09-2023/2139498
2023/2024,2023-10-01T14:00:00,Nottingham Forest,Brentford,https://www.xscores.com/soccer/match/nottingham-forest-vs-brentford/01-10-2023/2139497
2023/2024,2023-10-02T20:00:00,Fulham,Chelsea,https://www.xscores.com/soccer/match/fulham-vs-chelsea/02-10-2023/2139477
2023/2024,2023-10-07T12:30:00,Luton,Tottenham,https://www.xscores.com/soccer/match/luton-vs-tottenham/07-10-2023/2139489
2023/2024,2023-10-07T15:00:00,Burnley,Chelsea,https://www.xscores.com/soccer/match/burnley-vs-chelsea/07-10-2023/2139492
2023/2024,2023-10-07T15:00:00,Everton,Bournemouth,https://www.xscores.com/soccer/match/everton-vs-bournemouth/07-10-2023/2139487
2023/2024,2023-10-07T15:00:00,Fulham,Sheffield United,https://www.xscores.com/soccer/match/fulham-vs-sheffield-united/07-10-2023/2139488
2023/2024,2023-10-07T15:00:00,Manchester United,Brentford,https://www.xscores.com/soccer/match/manchester-united-vs-brentford/07-10-2023/2139490
2023/2024,2023-10-07T17:30:00,Crystal Palace,Nottingham Forest,https://www.xscores.com/soccer/match/crystal-palace-vs-nottingham-forest/07-10-2023/2139486
2023/2024,2023-10-08T14:00:00,Brighton,Liverpool,https://www.xscores.com/soccer/match/brighton-vs-liverpool/08-10-2023/2139493
2023/2024,2023-10-08T14:00:00,West Ham,Newcastle,https://www.xscores.com/soccer/match/west-ham-vs-newcastle/08-10-2023/2139491
2023/2024,2023-10-08T14:00:00,Wolverhampton,Aston Villa,https://www.xscores.com/soccer/match/wolverhampton-vs-aston-villa/08-10-2023/2139501
2023/2024,2023-10-08T16:30:00,Arsenal,Manchester City,https://www.xscores.com/soccer/match/arsenal-vs-manchester-city/08-10-2023/2139494
2023/2024,2023-10-21T12:30:00,Liverpool,Everton,https://www.xscores.com/soccer/match/liverpool-vs-everton/21-10-2023/2139510
2023/2024,2023-10-21T15:00:00,Bournemouth,Wolverhampton,https://www.xscores.com/soccer/match/bournemouth-vs-wolverhampton/21-10-2023/2139502
2023/2024,2023-10-21T15:00:00,Brentford,Burnley,https://www.xscores.com/soccer/match/brentford-vs-burnley/21-10-2023/2139512
2023/2024,2023-10-21T15:00:00,Manchester City,Brighton,https://www.xscores.com/soccer/match/manchester-city-vs-brighton/21-10-2023/2139509
2023/2024,2023-10-21T15:00:00,Newcastle,Crystal Palace,https://www.xscores.com/soccer/match/newcastle-vs-crystal-palace/21-10-2023/2139508
2023/2024,2023-10-21T15:00:00,Nottingham Forest,Luton,https://www.xscores.com/soccer/match/nottingham-forest-vs-luton/21-10-2023/2139507
2023/2024,2023-10-21T17:30:00,Chelsea,Arsenal,https://www.xscores.com/soccer/match/chelsea-vs-arsenal/21-10-2023/2139511
2023/2024,2023-10-21T20:00:00,Sheffield United,Manchester United,https://www.xscores.com/soccer/match/sheffield-united-vs-manchester-united/21-10-2023/2139506
2023/2024,2023-10-22T16:30:00,Aston Villa,West Ham,https://www.xscores.com/soccer/match/aston-villa-vs-west-ham/22-10-2023/2139503
2023/2024,2023-10-23T20:00:00,Tottenham,Fulham,https://www.xscores.com/soccer/match/tottenham-vs-fulham/23-10-2023/2139505
2023/2024,2023-10-27T20:00:00,Crystal Palace,Tottenham,https://www.xscores.com/soccer/match/crystal-palace-vs-tottenham/27-10-2023/2139528
2023/2024,2023-10-28T12:30:00,Chelsea,Brentford,https://www.xscores.com/soccer/match/chelsea-vs-brentford/28-10-2023/2139527
2023/2024,2023-10-28T15:00:00,Arsenal,Sheffield United,https://www.xscores.com/soccer/match/arsenal-vs-sheffield-united/28-10-2023/2139524
2023/2024,2023-10-28T15:00:00,Bournemouth,Burnley,https://www.xscores.com/soccer/match/bournemouth-vs-burnley/28-10-2023/2139504
2023/2024,2023-10-28T17:30:00,Wolverhampton,Newcastle,https://www.xscores.com/soccer/match/wolverhampton-vs-newcastle/28-10-2023/2139523
2023/2024,2023-10-29T13:00:00,West Ham,Everton,https://www.xscores.com/soccer/match/west-ham-vs-everton/29-10-2023/2139531
2023/2024,2023-10-29T14:00:00,Aston Villa,Luton,https://www.xscores.com/soccer/match/aston-villa-vs-luton/29-10-2023/2139525
2023/2024,2023-10-29T14:00:00,Brighton,Fulham,https://www.xscores.com/soccer/match/brighton-vs-fulham/29-10-2023/2139526
2023/2024,2023-10-29T14:00:00,Liverpool,Nottingham Forest,https://www.xscores.com/soccer/match/liverpool-vs-nottingham-forest/29-10-2023/2139529
2023/2024,2023-10-29T15:30:00,Manchester United,Manchester City,https://www.xscores.com/soccer/match/manchester-united-vs-manchester-city/29-10-2023/2139530
2023/2024,2023-11-04T12:30:00,Fulham,Manchester United,https://www.xscores.com/soccer/match/fulham-vs-manchester-united/04-11-2023/2139514
2023/2024,2023-11-04T15:00:00,Brentford,West Ham,https://www.xscores.com/soccer/match/brentford-vs-west-ham/04-11-2023/2139522
2023/2024,2023-11-04T15:00:00,Burnley,Crystal Palace,https://www.xscores.com/soccer/match/burnley-vs-crystal-palace/04-11-2023/2139521
2023/2024,2023-11-04T15:00:00,Everton,Brighton,https://www.xscores.com/soccer/match/everton-vs-brighton/04-11-2023/2139513
2023/2024,2023-11-04T15:00:00,Manchester City,Bournemouth,https://www.xscores.com/soccer/match/manchester-city-vs-bournemouth/04-11-2023/2139516
2023/2024,2023-11-04T15:00:00,Sheffield United,Wolverhampton,https://www.xscores.com/soccer/match/sheffield-united-vs-wolverhampton/04-11-2023/2139519
2023/2024,2023-11-04T17:30:00,Newcastle,Arsenal,https://www.xscores.com/soccer/match/newcastle-vs-arsenal/04-11-2023/2139517
2023/2024,2023-11-05T14:00:00,Nottingham Forest,Aston Villa,https://www.xscores.com/soccer/match/nottingham-forest-vs-aston-villa/05-11-2023/2139518
2023/2024,2023-11-05T16:30:00,Luton,Liverpool,https://www.xscores.com/soccer/match/luton-vs-liverpool/05-11-2023/2139515
2023/2024,2023-11-06T20:00:00,Tottenham,Chelsea,https://www.xscores.com/soccer/match/tottenham-vs-chelsea/06-11-2023/2139520
2023/2024,2023-11-11T12:30:00,Wolverhampton,Tottenham,https://www.xscores.com/soccer/match/wolverhampton-vs-tottenham/11-11-2023/2139541
2023/2024,2023-11-11T15:00:00,Arsenal,Burnley,https://www.xscores.com/soccer/match/arsenal-vs-burnley/11-11-2023/2139539
2023/2024,2023-11-11T15:00:00,Crystal Palace,Everton,https://www.xscores.com/soccer/match/crystal-palace-vs-everton/11-11-2023/2139535
2023/2024,2023-11-11T15:00:00,Manchester United,Luton,https://www.xscores.com/soccer/match/manchester-united-vs-luton/11-11-2023/2139533
2023/2024,2023-11-11T17:30:00,Bournemouth,Newcastle,https://www.xscores.com/soccer/match/bournemouth-vs-newcastle/11-11-2023/2139532
2023/2024,2023-11-12T14:00:00,Aston Villa,Fulham,https://www.xscores.com/soccer/match/aston-villa-vs-fulham/12-11-2023/2139538
2023/2024,2023-11-12T14:00:00,Brighton,Sheffield United,https://www.xscores.com/soccer/match/brighton-vs-sheffield-united/12-11-2023/2139537
2023/2024,2023-11-12T14:00:00,Liverpool,Brentford,https://www.xscores.com/soccer/match/liverpool-vs-brentford/12-11-2023/2139534
2023/2024,2023-11-12T14:00:00,West Ham,Nottingham Forest,https://www.xscores.com/soccer/match/west-ham-vs-nottingham-forest/12-11-2023/2139540
2023/2024,2023-11-12T16:30:00,Chelsea,Manchester City,https://www.xscores.com/soccer/match/chelsea-vs-manchester-city/12-11-2023/2139536
2023/2024,2023-11-25T12:30:00,Manchester City,Liverpool,https://www.xscores.com/soccer/match/manchester-city-vs-liverpool/25-11-2023/2139543
2023/2024,2023-11-25T15:00:00,Burnley,West Ham,https://www.xscores.com/soccer/match/burnley-vs-west-ham/25-11-2023/2139547
2023/2024,2023-11-25T15:00:00,Luton,Crystal Palace,https://www.xscores.com/soccer/match/luton-vs-crystal-palace/25-11-2023/2139544
2023/2024,2023-11-25T15:00:00,Newcastle,Chelsea,https://www.xscores.com/soccer/match/newcastle-vs-chelsea/25-11-2023/2139558
2023/2024,2023-11-25T15:00:00,Nottingham Forest,Brighton,https://www.xscores.com/soccer/match/nottingham-forest-vs-brighton/25-11-2023/2139557
2023/2024,2023-11-25T15:00:00,Sheffield United,Bournemouth,https://www.xscores.com/soccer/match/sheffield-united-vs-bournemouth/25-11-2023/2139556
2023/2024,2023-11-25T17:30:00,Brentford,Arsenal,https://www.xscores.com/soccer/match/brentford-vs-arsenal/25-11-2023/2139542
2023/2024,2023-11-26T14:00:00,Tottenham,Aston Villa,https://www.xscores.com/soccer/match/tottenham-vs-aston-villa/26-11-2023/2139555
2023/2024,2023-11-26T16:30:00,Everton,Manchester United,https://www.xscores.com/soccer/match/everton-vs-manchester-united/26-11-2023/2139546
2023/2024,2023-11-27T20:00:00,Fulham,Wolverhampton,https://www.xscores.com/soccer/match/fulham-vs-wolverhampton/27-11-2023/2139545
2023/2024,2023-12-02T15:00:00,Arsenal,Wolverhampton,https://www.xscores.com/soccer/match/arsenal-vs-wolverhampton/02-12-2023/2139553
2023/2024,2023-12-02T15:00:00,Brentford,Luton,https://www.xscores.com/soccer/match/brentford-vs-luton/02-12-2023/2139552
2023/2024,2023-12-02T15:00:00,Burnley,Sheffield United,https://www.xscores.com/soccer/match/burnley-vs-sheffield-united/02-12-2023/2139551
2023/2024,2023-12-02T17:30:00,Nottingham Forest,Everton,https://www.xscores.com/soccer/match/nottingham-forest-vs-everton/02-12-2023/2139567
2023/2024,2023-12-02T20:00:00,Newcastle,Manchester United,https://www.xscores.com/soccer/match/newcastle-vs-manchester-united/02-12-2023/2139568
2023/2024,2023-12-03T14:00:00,Bournemouth,Aston Villa,https://www.xscores.com/soccer/match/bournemouth-vs-aston-villa/03-12-2023/2139554
2023/2024,2023-12-03T14:00:00,Chelsea,Brighton,https://www.xscores.com/soccer/match/chelsea-vs-brighton/03-12-2023/2139550
2023/2024,2023-12-03T14:00:00,Liverpool,Fulham,https://www.xscores.com/soccer/match/liverpool-vs-fulham/03-12-2023/2139549
2023/2024,2023-12-03T14:00:00,West Ham,Crystal Palace,https://www.xscores.com/soccer/match/west-ham-vs-crystal-palace/03-12-2023/2139566
2023/2024,2023-12-03T16:30:00,Manchester City,Tottenham,https://www.xscores.com/soccer/match/manchester-city-vs-tottenham/03-12-2023/2139548
2023/2024,2023-12-05T19:30:00,Wolverhampton,Burnley,https://www.xscores.com/soccer/match/wolverhampton-vs-burnley/05-12-2023/2139569
2023/2024,2023-12-05T20:15:00,Luton,Arsenal,https://www.xscores.com/soccer/match/luton-vs-arsenal/05-12-2023/2139560
2023/2024,2023-12-06T19:30:00,Brighton,Brentford,https://www.xscores.com/soccer/match/brighton-vs-brentford/06-12-2023/2139564
2023/2024,2023-12-06T19:30:00,Crystal Palace,Bournemouth,https://www.xscores.com/soccer/match/crystal-palace-vs-bournemouth/06-12-2023/2139570
2023/2024,2023-12-06T19:30:00,Fulham,Nottingham Forest,https://www.xscores.com/soccer/match/fulham-vs-nottingham-forest/06-12-2023/2139559
2023/2024,2023-12-06T19:30:00,Sheffield United,Liverpool,https://www.xscores.com/soccer/match/sheffield-united-vs-liverpool/06-12-2023/2139561
2023/2024,2023-12-06T20:15:00,Aston Villa,Manchester City,https://www.xscores.com/soccer/match/aston-villa-vs-manchester-city/06-12-2023/2139565
2023/2024,2023-12-06T20:15:00,Manchester United,Chelsea,https://www.xscores.com/soccer/match/manchester-united-vs-chelsea/06-12-2023/2139576
2023/2024,2023-12-07T19:30:00,Everton,Newcastle,https://www.xscores.com/soccer/match/everton-vs-newcastle/07-12-2023/2139563
2023/2024,2023-12-07T20:15:00,Tottenham,West Ham,https://www.xscores.com/soccer/match/tottenham-vs-west-ham/07-12-2023/2139562
2023/2024,2023-12-09T12:30:00,Crystal Palace,Liverpool,https://www.xscores.com/soccer/match/crystal-palace-vs-liverpool/09-12-2023/2139573
2023/2024,2023-12-09T15:00:00,Brighton,Burnley,https://www.xscores.com/soccer/match/brighton-vs-burnley/09-12-2023/2139574
2023/2024,2023-12-09T15:00:00,Manchester United,Bournemouth,https://www.xscores.com/soccer/match/manchester-united-vs-bournemouth/09-12-2023/2139584
2023/2024,2023-12-09T15:00:00,Sheffield United,Brentford,https://www.xscores.com/soccer/match/sheffield-united-vs-brentford/09-12-2023/2139583
2023/2024,2023-12-09T15:00:00,Wolverhampton,Nottingham Forest,https://www.xscores.com/soccer/match/wolverhampton-vs-nottingham-forest/09-12-2023/2139581
2023/2024,2023-12-09T17:30:00,Aston Villa,Arsenal,https://www.xscores.com/soccer/match/aston-villa-vs-arsenal/09-12-2023/2139575
2023/2024,2023-12-10T14:00:00,Everton,Chelsea,https://www.xscores.com/soccer/match/everton-vs-chelsea/10-12-2023/2139572
2023/2024,2023-12-10T14:00:00,Fulham,West Ham,https://www.xscores.com/soccer/match/fulham-vs-west-ham/10-12-2023/2139571
2023/2024,2023-12-10T14:00:00,Luton,Manchester City,https://www.xscores.com/soccer/match/luton-vs-manchester-city/10-12-2023/2139585
2023/2024,2023-12-10T16:30:00,Tottenham,Newcastle,https://www.xscores.com/soccer/match/tottenham-vs-newcastle/10-12-2023/2139582
2023/2024,2023-12-15T20:00:00,Nottingham Forest,Tottenham,https://www.xscores.com/soccer/match/nottingham-forest-vs-tottenham/15-12-2023/2139593
2023/2024,2023-12-16T15:00:00,Bournemouth,Luton,https://www.xscores.com/soccer/match/bournemouth-vs-luton/16-12-2023/2139580
2023/2024,2023-12-16T15:00:00,Chelsea,Sheffield United,https://www.xscores.com/soccer/match/chelsea-vs-sheffield-united/16-12-2023/2139592
2023/2024,2023-12-16T15:00:00,Manchester City,Crystal Palace,https://www.xscores.com/soccer/match/manchester-city-vs-crystal-palace/16-12-2023/2139590
2023/2024,2023-12-16T15:00:00,Newcastle,Fulham,https://www.xscores.com/soccer/match/newcastle-vs-fulham/16-12-2023/2139589
2023/2024,2023-12-16T17:30:00,Burnley,Everton,https://www.xscores.com/soccer/match/burnley-vs-everton/16-12-2023/2139577
2023/2024,2023-12-17T14:00:00,Arsenal,Brighton,https://www.xscores.com/soccer/match/arsenal-vs-brighton/17-12-2023/2139579
2023/2024,2023-12-17T14:00:00,Brentford,Aston Villa,https://www.xscores.com/soccer/match/brentford-vs-aston-villa/17-12-2023/2139578
2023/2024,2023-12-17T14:00:00,West Ham,Wolverhampton,https://www.xscores.com/soccer/match/west-ham-vs-wolverhampton/17-12-2023/2139588
2023/2024,2023-12-17T16:30:00,Liverpool,Manchester United,https://www.xscores.com/soccer/match/liverpool-vs-manchester-united/17-12-2023/2139591
2023/2024,2024-03-13T19:30:00,Bournemouth,Luton,https://www.xscores.com/soccer/match/bournemouth-vs-luton/13-03-2024/2273594
2023/2024,2023-12-21T20:00:00,Crystal Palace,Brighton,https://www.xscores.com/soccer/match/crystal-palace-vs-brighton/21-12-2023/2139586
2023/2024,2023-12-22T20:00:00,Aston Villa,Sheffield United,https://www.xscores.com/soccer/match/aston-villa-vs-sheffield-united/22-12-2023/2139587
2023/2024,2023-12-23T12:30:00,West Ham,Manchester United,https://www.xscores.com/soccer/match/west-ham-vs-manchester-united/23-12-2023/2139600
2023/2024,2023-12-23T15:00:00,Fulham,Burnley,https://www.xscores.com/soccer/match/fulham-vs-burnley/23-12-2023/2139594
2023/2024,2023-12-23T15:00:00,Luton,Newcastle,https://www.xscores.com/soccer/match/luton-vs-newcastle/23-12-2023/2139596
2023/2024,2023-12-23T15:00:00,Nottingham Forest,Bournemouth,https://www.xscores.com/soccer/match/nottingham-forest-vs-bournemouth/23-12-2023/2139598
2023/2024,2023-12-23T15:00:00,Tottenham,Everton,https://www.xscores.com/soccer/match/tottenham-vs-everton/23-12-2023/2139599
2023/2024,2023-12-23T17:30:00,Liverpool,Arsenal,https://www.xscores.com/soccer/match/liverpool-vs-arsenal/23-12-2023/2139595
2023/2024,2023-12-24T13:00:00,Wolverhampton,Chelsea,https://www.xscores.com/soccer/match/wolverhampton-vs-chelsea/24-12-2023/2139608
2023/2024,2024-02-20T19:30:00,Manchester City,Brentford,https://www.xscores.com/soccer/match/manchester-city-vs-brentford/20-02-2024/2139597
2023/2024,2023-12-26T12:30:00,Newcastle,Nottingham Forest,https://www.xscores.com/soccer/match/newcastle-vs-nottingham-forest/26-12-2023/2139616
2023/2024,2023-12-26T15:00:00,Bournemouth,Fulham,https://www.xscores.com/soccer/match/bournemouth-vs-fulham/26-12-2023/2139607
2023/2024,2023-12-26T15:00:00,Sheffield United,Luton,https://www.xscores.com/soccer/match/sheffield-united-vs-luton/26-12-2023/2139615
2023/2024,2023-12-26T17:30:00,Burnley,Liverpool,https://www.xscores.com/soccer/match/burnley-vs-liverpool/26-12-2023/2139604
2023/2024,2023-12-26T20:00:00,Manchester United,Aston Villa,https://www.xscores.com/soccer/match/manchester-united-vs-aston-villa/26-12-2023/2139602
2023/2024,2023-12-27T19:30:00,Brentford,Wolverhampton,https://www.xscores.com/soccer/match/brentford-vs-wolverhampton/27-12-2023/2139605
2023/2024,2023-12-27T19:30:00,Chelsea,Crystal Palace,https://www.xscores.com/soccer/match/chelsea-vs-crystal-palace/27-12-2023/2139603
2023/2024,2023-12-27T20:15:00,Everton,Manchester City,https://www.xscores.com/soccer/match/everton-vs-manchester-city/27-12-2023/2139601
2023/2024,2023-12-28T19:30:00,Brighton,Tottenham,https://www.xscores.com/soccer/match/brighton-vs-tottenham/28-12-2023/2139617
2023/2024,2023-12-28T20:15:00,Arsenal,West Ham,https://www.xscores.com/soccer/match/arsenal-vs-west-ham/28-12-2023/2139606
2023/2024,2023-12-30T12:30:00,Luton,Chelsea,https://www.xscores.com/soccer/match/luton-vs-chelsea/30-12-2023/2139610
2023/2024,2023-12-30T15:00:00,Aston Villa,Burnley,https://www.xscores.com/soccer/match/aston-villa-vs-burnley/30-12-2023/2139614
2023/2024,2023-12-30T15:00:00,Crystal Palace,Brentford,https://www.xscores.com/soccer/match/crystal-palace-vs-brentford/30-12-2023/2139613
2023/2024,2023-12-30T15:00:00,Manchester City,Sheffield United,https://www.xscores.com/soccer/match/manchester-city-vs-sheffield-united/30-12-2023/2139609
2023/2024,2023-12-30T15:00:00,Wolverhampton,Everton,https://www.xscores.com/soccer/match/wolverhampton-vs-everton/30-12-2023/2139621
2023/2024,2023-12-30T17:30:00,Nottingham Forest,Manchester United,https://www.xscores.com/soccer/match/nottingham-forest-vs-manchester-united/30-12-2023/2139618
2023/2024,2023-12-31T14:00:00,Fulham,Arsenal,https://www.xscores.com/soccer/match/fulham-vs-arsenal/31-12-2023/2139612
2023/2024,2023-12-31T14:00:00,Tottenham,Bournemouth,https://www.xscores.com/soccer/match/tottenham-vs-bournemouth/31-12-2023/2139619
2023/2024,2024-01-01T20:00:00,Liverpool,Newcastle,https://www.xscores.com/soccer/match/liverpool-vs-newcastle/01-01-2024/2139611
2023/2024,2024-01-02T19:30:00,West Ham,Brighton,https://www.xscores.com/soccer/match/west-ham-vs-brighton/02-01-2024/2139620
2023/2024,2024-01-12T19:45:00,Burnley,Luton,https://www.xscores.com/soccer/match/burnley-vs-luton/12-01-2024/2139629
2023/2024,2024-01-13T12:30:00,Chelsea,Fulham,https://www.xscores.com/soccer/match/chelsea-vs-fulham/13-01-2024/2139628
2023/2024,2024-01-13T17:30:00,Newcastle,Manchester City,https://www.xscores.com/soccer/match/newcastle-vs-manchester-city/13-01-2024/2139639
2023/2024,2024-01-14T14:00:00,Everton,Aston Villa,https://www.xscores.com/soccer/match/everton-vs-aston-villa/14-01-2024/2139625
2023/2024,2024-01-14T16:30:00,Manchester United,Tottenham,https://www.xscores.com/soccer/match/manchester-united-vs-tottenham/14-01-2024/2139627
2023/2024,2024-01-20T12:30:00,Arsenal,Crystal Palace,https://www.xscores.com/soccer/match/arsenal-vs-crystal-palace/20-01-2024/2139623
2023/2024,2024-01-20T17:30:00,Brentford,Nottingham Forest,https://www.xscores.com/soccer/match/brentford-vs-nottingham-forest/20-01-2024/2139624
2023/2024,2024-01-21T14:00:00,Sheffield United,West Ham,https://www.xscores.com/soccer/match/sheffield-united-vs-west-ham/21-01-2024/2139626
2023/2024,2024-01-21T16:30:00,Bournemouth,Liverpool,https://www.xscores.com/soccer/match/bournemouth-vs-liverpool/21-01-2024/2139622
2023/2024,2024-01-22T19:45:00,Brighton,Wolverhampton,https://www.xscores.com/soccer/match/brighton-vs-wolverhampton/22-01-2024/2139630
2023/2024,2024-01-30T19:30:00,Nottingham Forest,Arsenal,https://www.xscores.com/soccer/match/nottingham-forest-vs-arsenal/30-01-2024/2139640
2023/2024,2024-01-30T19:45:00,Fulham,Everton,https://www.xscores.com/soccer/match/fulham-vs-everton/30-01-2024/2139638
2023/2024,2024-01-30T19:45:00,Luton,Brighton,https://www.xscores.com/soccer/match/luton-vs-brighton/30-01-2024/2139637
2023/2024,2024-01-30T20:00:00,Crystal Palace,Sheffield United,https://www.xscores.com/soccer/match/crystal-palace-vs-sheffield-united/30-01-2024/2139633
2023/2024,2024-01-30T20:15:00,Aston Villa,Newcastle,https://www.xscores.com/soccer/match/aston-villa-vs-newcastle/30-01-2024/2139631
2023/2024,2024-01-31T19:30:00,Manchester City,Burnley,https://www.xscores.com/soccer/match/manchester-city-vs-burnley/31-01-2024/2139641
2023/2024,2024-01-31T19:30:00,Tottenham,Brentford,https://www.xscores.com/soccer/match/tottenham-vs-brentford/31-01-2024/2139636
2023/2024,2024-01-31T20:15:00,Liverpool,Chelsea,https://www.xscores.com/soccer/match/liverpool-vs-chelsea/31-01-2024/2139634
2023/2024,2024-02-01T19:30:00,West Ham,Bournemouth,https://www.xscores.com/soccer/match/west-ham-vs-bournemouth/01-02-2024/2139635
2023/2024,2024-02-01T20:15:00,Wolverhampton,Manchester United,https://www.xscores.com/soccer/match/wolverhampton-vs-manchester-united/01-02-2024/2139632
2023/2024,2024-02-03T12:30:00,Everton,Tottenham,https://www.xscores.com/soccer/match/everton-vs-tottenham/03-02-2024/2139654
2023/2024,2024-02-03T15:00:00,Brighton,Crystal Palace,https://www.xscores.com/soccer/match/brighton-vs-crystal-palace/03-02-2024/2139655
2023/2024,2024-02-03T15:00:00,Burnley,Fulham,https://www.xscores.com/soccer/match/burnley-vs-fulham/03-02-2024/2139645
2023/2024,2024-02-03T15:00:00,Newcastle,Luton,https://www.xscores.com/soccer/match/newcastle-vs-luton/03-02-2024/2139652
2023/2024,2024-02-03T17:30:00,Sheffield United,Aston Villa,https://www.xscores.com/soccer/match/sheffield-united-vs-aston-villa/03-02-2024/2139651
2023/2024,2024-02-04T14:00:00,Bournemouth,Nottingham Forest,https://www.xscores.com/soccer/match/bournemouth-vs-nottingham-forest/04-02-2024/2139642
2023/2024,2024-02-04T14:00:00,Chelsea,Wolverhampton,https://www.xscores.com/soccer/match/chelsea-vs-wolverhampton/04-02-2024/2139646
2023/2024,2024-02-04T14:00:00,Manchester United,West Ham,https://www.xscores.com/soccer/match/manchester-united-vs-west-ham/04-02-2024/2139653
2023/2024,2024-02-04T16:30:00,Arsenal,Liverpool,https://www.xscores.com/soccer/match/arsenal-vs-liverpool/04-02-2024/2139643
2023/2024,2024-02-05T20:00:00,Brentford,Manchester City,https://www.xscores.com/soccer/match/brentford-vs-manchester-city/05-02-2024/2139644
2023/2024,2024-02-10T12:30:00,Manchester City,Everton,https://www.xscores.com/soccer/match/manchester-city-vs-everton/10-02-2024/2139660
2023/2024,2024-02-10T15:00:00,Fulham,Bournemouth,https://www.xscores.com/soccer/match/fulham-vs-bournemouth/10-02-2024/2139648
2023/2024,2024-02-10T15:00:00,Liverpool,Burnley,https://www.xscores.com/soccer/match/liverpool-vs-burnley/10-02-2024/2139647
2023/2024,2024-02-10T15:00:00,Luton,Sheffield United,https://www.xscores.com/soccer/match/luton-vs-sheffield-united/10-02-2024/2139661
2023/2024,2024-02-10T15:00:00,Tottenham,Brighton,https://www.xscores.com/soccer/match/tottenham-vs-brighton/10-02-2024/2139659
2023/2024,2024-02-10T15:00:00,Wolverhampton,Brentford,https://www.xscores.com/soccer/match/wolverhampton-vs-brentford/10-02-2024/2139657
2023/2024,2024-02-10T17:30:00,Nottingham Forest,Newcastle,https://www.xscores.com/soccer/match/nottingham-forest-vs-newcastle/10-02-2024/2139662
2023/2024,2024-02-11T14:00:00,West Ham,Arsenal,https://www.xscores.com/soccer/match/west-ham-vs-arsenal/11-02-2024/2139658
2023/2024,2024-02-11T16:30:00,Aston Villa,Manchester United,https://www.xscores.com/soccer/match/aston-villa-vs-manchester-united/11-02-2024/2139650
2023/2024,2024-02-12T20:00:00,Crystal Palace,Chelsea,https://www.xscores.com/soccer/match/crystal-palace-vs-chelsea/12-02-2024/2139649
2023/2024,2024-02-17T12:30:00,Brentford,Liverpool,https://www.xscores.com/soccer/match/brentford-vs-liverpool/17-02-2024/2139656
2023/2024,2024-02-17T15:00:00,Burnley,Arsenal,https://www.xscores.com/soccer/match/burnley-vs-arsenal/17-02-2024/2139663
2023/2024,2024-02-17T15:00:00,Fulham,Aston Villa,https://www.xscores.com/soccer/match/fulham-vs-aston-villa/17-02-2024/2139665
2023/2024,2024-02-17T15:00:00,Newcastle,Bournemouth,https://www.xscores.com/soccer/match/newcastle-vs-bournemouth/17-02-2024/2139677
2023/2024,2024-02-17T15:00:00,Nottingham Forest,West Ham,https://www.xscores.com/soccer/match/nottingham-forest-vs-west-ham/17-02-2024/2139676
2023/2024,2024-02-17T15:00:00,Tottenham,Wolverhampton,https://www.xscores.com/soccer/match/tottenham-vs-wolverhampton/17-02-2024/2139674
2023/2024,2024-02-17T17:30:00,Manchester City,Chelsea,https://www.xscores.com/soccer/match/manchester-city-vs-chelsea/17-02-2024/2139667
2023/2024,2024-02-18T14:00:00,Sheffield United,Brighton,https://www.xscores.com/soccer/match/sheffield-united-vs-brighton/18-02-2024/2139675
2023/2024,2024-02-18T16:30:00,Luton,Manchester United,https://www.xscores.com/soccer/match/luton-vs-manchester-united/18-02-2024/2139666
2023/2024,2024-02-19T20:00:00,Everton,Crystal Palace,https://www.xscores.com/soccer/match/everton-vs-crystal-palace/19-02-2024/2139664
2023/2024,2024-02-21T19:30:00,Liverpool,Luton,https://www.xscores.com/soccer/match/liverpool-vs-luton/21-02-2024/2139684
2023/2024,2024-02-24T15:00:00,Aston Villa,Nottingham Forest,https://www.xscores.com/soccer/match/aston-villa-vs-nottingham-forest/24-02-2024/2139671
2023/2024,2024-02-24T15:00:00,Brighton,Everton,https://www.xscores.com/soccer/match/brighton-vs-everton/24-02-2024/2139670
2023/2024,2024-02-24T15:00:00,Crystal Palace,Burnley,https://www.xscores.com/soccer/match/crystal-palace-vs-burnley/24-02-2024/2139668
2023/2024,2024-02-24T15:00:00,Manchester United,Fulham,https://www.xscores.com/soccer/match/manchester-united-vs-fulham/24-02-2024/2139685
2023/2024,2024-02-24T17:30:00,Bournemouth,Manchester City,https://www.xscores.com/soccer/match/bournemouth-vs-manchester-city/24-02-2024/2139673
2023/2024,2024-02-24T20:00:00,Arsenal,Newcastle,https://www.xscores.com/soccer/match/arsenal-vs-newcastle/24-02-2024/2139672
2023/2024,2024-02-25T13:30:00,Wolverhampton,Sheffield United,https://www.xscores.com/soccer/match/wolverhampton-vs-sheffield-united/25-02-2024/2139682
2023/2024,2024-02-26T20:00:00,West Ham,Brentford,https://www.xscores.com/soccer/match/west-ham-vs-brentford/26-02-2024/2139683
2023/2024,2024-05-02T19:30:00,Chelsea,Tottenham,https://www.xscores.com/soccer/match/chelsea-vs-tottenham/02-05-2024/2139669
2023/2024,2024-03-02T15:00:00,Brentford,Chelsea,https://www.xscores.com/soccer/match/brentford-vs-chelsea/02-03-2024/2139681
2023/2024,2024-03-02T15:00:00,Everton,West Ham,https://www.xscores.com/soccer/match/everton-vs-west-ham/02-03-2024/2139679
2023/2024,2024-03-02T15:00:00,Fulham,Brighton,https://www.xscores.com/soccer/match/fulham-vs-brighton/02-03-2024/2139678
2023/2024,2024-03-02T15:00:00,Newcastle,Wolverhampton,https://www.xscores.com/soccer/match/newcastle-vs-wolverhampton/02-03-2024/2139687
2023/2024,2024-03-02T15:00:00,Nottingham Forest,Liverpool,https://www.xscores.com/soccer/match/nottingham-forest-vs-liverpool/02-03-2024/2139686
2023/2024,2024-03-02T15:00:00,Tottenham,Crystal Palace,https://www.xscores.com/soccer/match/tottenham-vs-crystal-palace/02-03-2024/2139691
2023/2024,2024-03-02T17:30:00,Luton,Aston Villa,https://www.xscores.com/soccer/match/luton-vs-aston-villa/02-03-2024/2139689
2023/2024,2024-03-03T13:00:00,Burnley,Bournemouth,https://www.xscores.com/soccer/match/burnley-vs-bournemouth/03-03-2024/2139680
2023/2024,2024-03-03T15:30:00,Manchester City,Manchester United,https://www.xscores.com/soccer/match/manchester-city-vs-manchester-united/03-03-2024/2139688
2023/2024,2024-03-04T20:00:00,Sheffield United,Arsenal,https://www.xscores.com/soccer/match/sheffield-united-vs-arsenal/04-03-2024/2139690
2023/2024,2024-03-09T12:30:00,Manchester United,Everton,https://www.xscores.com/soccer/match/manchester-united-vs-everton/09-03-2024/2139694
2023/2024,2024-03-09T15:00:00,Bournemouth,Sheffield United,https://www.xscores.com/soccer/match/bournemouth-vs-sheffield-united/09-03-2024/2139692
2023/2024,2024-03-09T15:00:00,Crystal Palace,Luton,https://www.xscores.com/soccer/match/crystal-palace-vs-luton/09-03-2024/2139696
2023/2024,2024-03-09T15:00:00,Wolverhampton,Fulham,https://www.xscores.com/soccer/match/wolverhampton-vs-fulham/09-03-2024/2139706
2023/2024,2024-03-09T17:30:00,Arsenal,Brentford,https://www.xscores.com/soccer/match/arsenal-vs-brentford/09-03-2024/2139700
2023/2024,2024-03-10T13:00:00,Aston Villa,Tottenham,https://www.xscores.com/soccer/match/aston-villa-vs-tottenham/10-03-2024/2139699
2023/2024,2024-03-10T14:00:00,Brighton,Nottingham Forest,https://www.xscores.com/soccer/match/brighton-vs-nottingham-forest/10-03-2024/2139698
2023/2024,2024-03-10T14:00:00,West Ham,Burnley,https://www.xscores.com/soccer/match/west-ham-vs-burnley/10-03-2024/2139693
2023/2024,2024-03-10T15:45:00,Liverpool,Manchester City,https://www.xscores.com/soccer/match/liverpool-vs-manchester-city/10-03-2024/2139695
2023/2024,2024-03-11T20:00:00,Chelsea,Newcastle,https://www.xscores.com/soccer/match/chelsea-vs-newcastle/11-03-2024/2139697
2023/2024,2024-03-16T15:00:00,Burnley,Brentford,https://www.xscores.com/soccer/match/burnley-vs-brentford/16-03-2024/2139704
2023/2024,2024-03-16T15:00:00,Luton,Nottingham Forest,https://www.xscores.com/soccer/match/luton-vs-nottingham-forest/16-03-2024/2139714
2023/2024,2024-03-16T17:30:00,Fulham,Tottenham,https://www.xscores.com/soccer/match/fulham-vs-tottenham/16-03-2024/2139701
2023/2024,2024-03-17T14:00:00,West Ham,Aston Villa,https://www.xscores.com/soccer/match/west-ham-vs-aston-villa/17-03-2024/2139712
2023/2024,2024-04-23T20:00:00,Arsenal,Chelsea,https://www.xscores.com/soccer/match/arsenal-vs-chelsea/23-04-2024/2139705
2023/2024,2024-04-24T19:45:00,Wolverhampton,Bournemouth,https://www.xscores.com/soccer/match/wolverhampton-vs-bournemouth/24-04-2024/2139711
2023/2024,2024-04-24T20:00:00,Crystal Palace,Newcastle,https://www.xscores.com/soccer/match/crystal-palace-vs-newcastle/24-04-2024/2139703
2023/2024,2024-04-24T20:00:00,Everton,Liverpool,https://www.xscores.com/soccer/match/everton-vs-liverpool/24-04-2024/2139702
2023/2024,2024-04-24T20:00:00,Manchester United,Sheffield United,https://www.xscores.com/soccer/match/manchester-united-vs-sheffield-united/24-04-2024/2139713
2023/2024,2024-04-25T20:00:00,Brighton,Manchester City,https://www.xscores.com/soccer/match/brighton-vs-manchester-city/25-04-2024/2139707
2023/2024,2024-03-30T12:30:00,Newcastle,West Ham,https://www.xscores.com/soccer/match/newcastle-vs-west-ham/30-03-2024/2139721
2023/2024,2024-03-30T15:00:00,Bournemouth,Everton,https://www.xscores.com/soccer/match/bournemouth-vs-everton/30-03-2024/2139710
2023/2024,2024-03-30T15:00:00,Chelsea,Burnley,https://www.xscores.com/soccer/match/chelsea-vs-burnley/30-03-2024/2139715
2023/2024,2024-03-30T15:00:00,Nottingham Forest,Crystal Palace,https://www.xscores.com/soccer/match/nottingham-forest-vs-crystal-palace/30-03-2024/2139720
2023/2024,2024-03-30T15:00:00,Sheffield United,Fulham,https://www.xscores.com/soccer/match/sheffield-united-vs-fulham/30-03-2024/2139719
2023/2024,2024-03-30T15:00:00,Tottenham,Luton,https://www.xscores.com/soccer/match/tottenham-vs-luton/30-03-2024/2139716
2023/2024,2024-03-30T17:30:00,Aston Villa,Wolverhampton,https://www.xscores.com/soccer/match/aston-villa-vs-wolverhampton/30-03-2024/2139709
2023/2024,2024-03-30T20:00:00,Brentford,Manchester United,https://www.xscores.com/soccer/match/brentford-vs-manchester-united/30-03-2024/2139708
2023/2024,2024-03-31T14:00:00,Liverpool,Brighton,https://www.xscores.com/soccer/match/liverpool-vs-brighton/31-03-2024/2139723
2023/2024,2024-03-31T16:30:00,Manchester City,Arsenal,https://www.xscores.com/soccer/match/manchester-city-vs-arsenal/31-03-2024/2139722
2023/2024,2024-04-02T19:30:00,Newcastle,Everton,https://www.xscores.com/soccer/match/newcastle-vs-everton/02-04-2024/2139724
2023/2024,2024-04-02T19:30:00,Nottingham Forest,Fulham,https://www.xscores.com/soccer/match/nottingham-forest-vs-fulham/02-04-2024/2139729
2023/2024,2024-04-02T19:45:00,Bournemouth,Crystal Palace,https://www.xscores.com/soccer/match/bournemouth-vs-crystal-palace/02-04-2024/2139718
2023/2024,2024-04-02T19:45:00,Burnley,Wolverhampton,https://www.xscores.com/soccer/match/burnley-vs-wolverhampton/02-04-2024/2139730
2023/2024,2024-04-02T20:15:00,West Ham,Tottenham,https://www.xscores.com/soccer/match/west-ham-vs-tottenham/02-04-2024/2139728
2023/2024,2024-04-03T19:30:00,Arsenal,Luton,https://www.xscores.com/soccer/match/arsenal-vs-luton/03-04-2024/2139717
2023/2024,2024-04-03T19:30:00,Brentford,Brighton,https://www.xscores.com/soccer/match/brentford-vs-brighton/03-04-2024/2139731
2023/2024,2024-04-03T20:15:00,Manchester City,Aston Villa,https://www.xscores.com/soccer/match/manchester-city-vs-aston-villa/03-04-2024/2139726
2023/2024,2024-04-04T19:30:00,Liverpool,Sheffield United,https://www.xscores.com/soccer/match/liverpool-vs-sheffield-united/04-04-2024/2139725
2023/2024,2024-04-04T20:15:00,Chelsea,Manchester United,https://www.xscores.com/soccer/match/chelsea-vs-manchester-united/04-04-2024/2139727
2023/2024,2024-04-06T12:30:00,Crystal Palace,Manchester City,https://www.xscores.com/soccer/match/crystal-palace-vs-manchester-city/06-04-2024/2139736
2023/2024,2024-04-06T15:00:00,Aston Villa,Brentford,https://www.xscores.com/soccer/match/aston-villa-vs-brentford/06-04-2024/2139738
2023/2024,2024-04-06T15:00:00,Everton,Burnley,https://www.xscores.com/soccer/match/everton-vs-burnley/06-04-2024/2139735
2023/2024,2024-04-06T15:00:00,Fulham,Newcastle,https://www.xscores.com/soccer/match/fulham-vs-newcastle/06-04-2024/2139734
2023/2024,2024-04-06T15:00:00,Luton,Bournemouth,https://www.xscores.com/soccer/match/luton-vs-bournemouth/06-04-2024/2139733
2023/2024,2024-04-06T15:00:00,Wolverhampton,West Ham,https://www.xscores.com/soccer/match/wolverhampton-vs-west-ham/06-04-2024/2139745
2023/2024,2024-04-06T17:30:00,Brighton,Arsenal,https://www.xscores.com/soccer/match/brighton-vs-arsenal/06-04-2024/2139737
2023/2024,2024-04-07T15:30:00,Manchester United,Liverpool,https://www.xscores.com/soccer/match/manchester-united-vs-liverpool/07-04-2024/2139732
2023/2024,2024-04-07T17:30:00,Sheffield United,Chelsea,https://www.xscores.com/soccer/match/sheffield-united-vs-chelsea/07-04-2024/2139739
2023/2024,2024-04-07T18:00:00,Tottenham,Nottingham Forest,https://www.xscores.com/soccer/match/tottenham-vs-nottingham-forest/07-04-2024/2139746
2023/2024,2024-04-13T12:30:00,Newcastle,Tottenham,https://www.xscores.com/soccer/match/newcastle-vs-tottenham/13-04-2024/2139750
2023/2024,2024-04-13T15:00:00,Brentford,Sheffield United,https://www.xscores.com/soccer/match/brentford-vs-sheffield-united/13-04-2024/2139742
2023/2024,2024-04-13T15:00:00,Burnley,Brighton,https://www.xscores.com/soccer/match/burnley-vs-brighton/13-04-2024/2139741
2023/2024,2024-04-13T15:00:00,Manchester City,Luton,https://www.xscores.com/soccer/match/manchester-city-vs-luton/13-04-2024/2139751
2023/2024,2024-04-13T15:00:00,Nottingham Forest,Wolverhampton,https://www.xscores.com/soccer/match/nottingham-forest-vs-wolverhampton/13-04-2024/2139749
2023/2024,2024-04-13T17:30:00,Bournemouth,Manchester United,https://www.xscores.com/soccer/match/bournemouth-vs-manchester-united/13-04-2024/2139744
2023/2024,2024-04-14T14:00:00,Liverpool,Crystal Palace,https://www.xscores.com/soccer/match/liverpool-vs-crystal-palace/14-04-2024/2139752
2023/2024,2024-04-14T14:00:00,West Ham,Fulham,https://www.xscores.com/soccer/match/west-ham-vs-fulham/14-04-2024/2139748
2023/2024,2024-04-14T16:30:00,Arsenal,Aston Villa,https://www.xscores.com/soccer/match/arsenal-vs-aston-villa/14-04-2024/2139743
2023/2024,2024-04-15T20:00:00,Chelsea,Everton,https://www.xscores.com/soccer/match/chelsea-vs-everton/15-04-2024/2139740
2023/2024,2024-04-20T15:00:00,Luton,Brentford,https://www.xscores.com/soccer/match/luton-vs-brentford/20-04-2024/2139756
2023/2024,2024-04-20T15:00:00,Sheffield United,Burnley,https://www.xscores.com/soccer/match/sheffield-united-vs-burnley/20-04-2024/2139754
2023/2024,2024-04-20T19:30:00,Wolverhampton,Arsenal,https://www.xscores.com/soccer/match/wolverhampton-vs-arsenal/20-04-2024/2139761
2023/2024,2024-04-21T13:30:00,Everton,Nottingham Forest,https://www.xscores.com/soccer/match/everton-vs-nottingham-forest/21-04-2024/2139758
2023/2024,2024-04-21T15:00:00,Aston Villa,Bournemouth,https://www.xscores.com/soccer/match/aston-villa-vs-bournemouth/21-04-2024/2139747
2023/2024,2024-04-21T15:00:00,Crystal Palace,West Ham,https://www.xscores.com/soccer/match/crystal-palace-vs-west-ham/21-04-2024/2139759
2023/2024,2024-04-21T16:30:00,Fulham,Liverpool,https://www.xscores.com/soccer/match/fulham-vs-liverpool/21-04-2024/2139757
2023/2024,2024-05-14T20:00:00,Tottenham,Manchester City,https://www.xscores.com/soccer/match/tottenham-vs-manchester-city/14-05-2024/2139753
2023/2024,2024-05-15T19:45:00,Brighton,Chelsea,https://www.xscores.com/soccer/match/brighton-vs-chelsea/15-05-2024/2139760
2023/2024,2024-05-15T20:00:00,Manchester United,Newcastle,https://www.xscores.com/soccer/match/manchester-united-vs-newcastle/15-05-2024/2139755
2023/2024,2024-04-27T12:30:00,West Ham,Liverpool,https://www.xscores.com/soccer/match/west-ham-vs-liverpool/27-04-2024/2139773
2023/2024,2024-04-27T15:00:00,Fulham,Crystal Palace,https://www.xscores.com/soccer/match/fulham-vs-crystal-palace/27-04-2024/2139765
2023/2024,2024-04-27T15:00:00,Manchester United,Burnley,https://www.xscores.com/soccer/match/manchester-united-vs-burnley/27-04-2024/2139766
2023/2024,2024-04-27T15:00:00,Newcastle,Sheffield United,https://www.xscores.com/soccer/match/newcastle-vs-sheffield-united/27-04-2024/2139775
2023/2024,2024-04-27T15:00:00,Wolverhampton,Luton,https://www.xscores.com/soccer/match/wolverhampton-vs-luton/27-04-2024/2139768
2023/2024,2024-04-27T17:30:00,Everton,Brentford,https://www.xscores.com/soccer/match/everton-vs-brentford/27-04-2024/2139764
2023/2024,2024-04-27T20:00:00,Aston Villa,Chelsea,https://www.xscores.com/soccer/match/aston-villa-vs-chelsea/27-04-2024/2139763
2023/2024,2024-04-28T14:00:00,Bournemouth,Brighton,https://www.xscores.com/soccer/match/bournemouth-vs-brighton/28-04-2024/2139762
2023/2024,2024-04-28T14:00:00,Tottenham,Arsenal,https://www.xscores.com/soccer/match/tottenham-vs-arsenal/28-04-2024/2139767
2023/2024,2024-04-28T16:30:00,Nottingham Forest,Manchester City,https://www.xscores.com/soccer/match/nottingham-forest-vs-manchester-city/28-04-2024/2139774
2023/2024,2024-05-03T20:00:00,Luton,Everton,https://www.xscores.com/soccer/match/luton-vs-everton/03-05-2024/2139782
2023/2024,2024-05-04T12:30:00,Arsenal,Bournemouth,https://www.xscores.com/soccer/match/arsenal-vs-bournemouth/04-05-2024/2139772
2023/2024,2024-05-04T15:00:00,Brentford,Fulham,https://www.xscores.com/soccer/match/brentford-vs-fulham/04-05-2024/2139769
2023/2024,2024-05-04T15:00:00,Burnley,Newcastle,https://www.xscores.com/soccer/match/burnley-vs-newcastle/04-05-2024/2139770
2023/2024,2024-05-04T15:00:00,Sheffield United,Nottingham Forest,https://www.xscores.com/soccer/match/sheffield-united-vs-nottingham-forest/04-05-2024/2139780
2023/2024,2024-05-04T17:30:00,Manchester City,Wolverhampton,https://www.xscores.com/soccer/match/manchester-city-vs-wolverhampton/04-05-2024/2139781
2023/2024,2024-05-05T14:00:00,Brighton,Aston Villa,https://www.xscores.com/soccer/match/brighton-vs-aston-villa/05-05-2024/2139784
2023/2024,2024-05-05T14:00:00,Chelsea,West Ham,https://www.xscores.com/soccer/match/chelsea-vs-west-ham/05-05-2024/2139771
2023/2024,2024-05-05T16:30:00,Liverpool,Tottenham,https://www.xscores.com/soccer/match/liverpool-vs-tottenham/05-05-2024/2139783
2023/2024,2024-05-06T20:00:00,Crystal Palace,Manchester United,https://www.xscores.com/soccer/match/crystal-palace-vs-manchester-united/06-05-2024/2139776
2023/2024,2024-05-11T12:30:00,Fulham,Manchester City,https://www.xscores.com/soccer/match/fulham-vs-manchester-city/11-05-2024/2139785
2023/2024,2024-05-11T15:00:00,Bournemouth,Brentford,https://www.xscores.com/soccer/match/bournemouth-vs-brentford/11-05-2024/2139777
2023/2024,2024-05-11T15:00:00,Everton,Sheffield United,https://www.xscores.com/soccer/match/everton-vs-sheffield-united/11-05-2024/2139779
2023/2024,2024-05-11T15:00:00,Newcastle,Brighton,https://www.xscores.com/soccer/match/newcastle-vs-brighton/11-05-2024/2139791
2023/2024,2024-05-11T15:00:00,Tottenham,Burnley,https://www.xscores.com/soccer/match/tottenham-vs-burnley/11-05-2024/2139787
2023/2024,2024-05-11T15:00:00,West Ham,Luton,https://www.xscores.com/soccer/match/west-ham-vs-luton/11-05-2024/2139788
2023/2024,2024-05-11T15:00:00,Wolverhampton,Crystal Palace,https://www.xscores.com/soccer/match/wolverhampton-vs-crystal-palace/11-05-2024/2139789
2023/2024,2024-05-11T17:30:00,Nottingham Forest,Chelsea,https://www.xscores.com/soccer/match/nottingham-forest-vs-chelsea/11-05-2024/2139796
2023/2024,2024-05-12T16:30:00,Manchester United,Arsenal,https://www.xscores.com/soccer/match/manchester-united-vs-arsenal/12-05-2024/2139786
2023/2024,2024-05-13T20:00:00,Aston Villa,Liverpool,https://www.xscores.com/soccer/match/aston-villa-vs-liverpool/13-05-2024/2139778
2023/2024,2024-05-19T16:00:00,Arsenal,Everton,https://www.xscores.com/soccer/match/arsenal-vs-everton/19-05-2024/2139790
2023/2024,2024-05-19T16:00:00,Brentford,Newcastle,https://www.xscores.com/soccer/match/brentford-vs-newcastle/19-05-2024/2139795
2023/2024,2024-05-19T16:00:00,Brighton,Manchester United,https://www.xscores.com/soccer/match/brighton-vs-manchester-united/19-05-2024/2139800
2023/2024,2024-05-19T16:00:00,Burnley,Nottingham Forest,https://www.xscores.com/soccer/match/burnley-vs-nottingham-forest/19-05-2024/2139794
2023/2024,2024-05-19T16:00:00,Chelsea,Bournemouth,https://www.xscores.com/soccer/match/chelsea-vs-bournemouth/19-05-2024/2139793
2023/2024,2024-05-19T16:00:00,Crystal Palace,Aston Villa,https://www.xscores.com/soccer/match/crystal-palace-vs-aston-villa/19-05-2024/2139792
2023/2024,2024-05-19T16:00:00,Liverpool,Wolverhampton,https://www.xscores.com/soccer/match/liverpool-vs-wolverhampton/19-05-2024/2139797
2023/2024,2024-05-19T16:00:00,Luton,Fulham,https://www.xscores.com/soccer/match/luton-vs-fulham/19-05-2024/2139799
2023/2024,2024-05-19T16:00:00,Manchester City,West Ham,https://www.xscores.com/soccer/match/manchester-city-vs-west-ham/19-05-2024/2139798
2023/2024,2024-05-19T16:00:00,Sheffield United,Tottenham,https://www.xscores.com/soccer/match/sheffield-united-vs-tottenham/19-05-2024/2139801
