season,date,home_team,away_team,url
2010/2011,2010-08-14T12:45:00,Tottenham,Manchester City,https://www.xscores.com/soccer/match/tottenham-vs-manchester-city/14-08-2010/1547100
2010/2011,2010-08-14T15:00:00,Aston Villa,West Ham,https://www.xscores.com/soccer/match/aston-villa-vs-west-ham/14-08-2010/1547092
2010/2011,2010-08-14T15:00:00,Blackburn,Everton,https://www.xscores.com/soccer/match/blackburn-vs-everton/14-08-2010/1547093
2010/2011,2010-08-14T15:00:00,Bolton,Fulham,https://www.xscores.com/soccer/match/bolton-vs-fulham/14-08-2010/1547095
2010/2011,2010-08-14T15:00:00,Sunderland,Birmingham,https://www.xscores.com/soccer/match/sunderland-vs-birmingham/14-08-2010/1547099
2010/2011,2010-08-14T15:00:00,Wigan,Blackpool,https://www.xscores.com/soccer/match/wigan-vs-blackpool/14-08-2010/1547094
2010/2011,2010-08-14T15:00:00,Wolverhampton,Stoke,https://www.xscores.com/soccer/match/wolverhampton-vs-stoke/14-08-2010/1547101
2010/2011,2010-08-14T17:30:00,Chelsea,West Bromwich,https://www.xscores.com/soccer/match/chelsea-vs-west-bromwich/14-08-2010/1547096
2010/2011,2010-08-15T16:00:00,Liverpool,Arsenal,https://www.xscores.com/soccer/match/liverpool-vs-arsenal/15-08-2010/1547097
2010/2011,2010-08-16T20:00:00,Manchester United,Newcastle,https://www.xscores.com/soccer/match/manchester-united-vs-newcastle/16-08-2010/1547098
2010/2011,2010-08-21T15:00:00,Arsenal,Blackpool,https://www.xscores.com/soccer/match/arsenal-vs-blackpool/21-08-2010/1547102
2010/2011,2010-08-21T15:00:00,Birmingham,Blackburn,https://www.xscores.com/soccer/match/birmingham-vs-blackburn/21-08-2010/1547103
2010/2011,2010-08-21T15:00:00,Everton,Wolverhampton,https://www.xscores.com/soccer/match/everton-vs-wolverhampton/21-08-2010/1547104
2010/2011,2010-08-21T15:00:00,Stoke,Tottenham,https://www.xscores.com/soccer/match/stoke-vs-tottenham/21-08-2010/1547108
2010/2011,2010-08-21T15:00:00,West Bromwich,Sunderland,https://www.xscores.com/soccer/match/west-bromwich-vs-sunderland/21-08-2010/1547109
2010/2011,2010-08-21T15:00:00,West Ham,Bolton,https://www.xscores.com/soccer/match/west-ham-vs-bolton/21-08-2010/1547110
2010/2011,2010-08-21T17:15:00,Wigan,Chelsea,https://www.xscores.com/soccer/match/wigan-vs-chelsea/21-08-2010/1547111
2010/2011,2010-08-22T13:30:00,Newcastle,Aston Villa,https://www.xscores.com/soccer/match/newcastle-vs-aston-villa/22-08-2010/1547107
2010/2011,2010-08-22T16:00:00,Fulham,Manchester United,https://www.xscores.com/soccer/match/fulham-vs-manchester-united/22-08-2010/1547105
2010/2011,2010-08-23T20:00:00,Manchester City,Liverpool,https://www.xscores.com/soccer/match/manchester-city-vs-liverpool/23-08-2010/1547106
2010/2011,2010-08-28T12:45:00,Blackburn,Arsenal,https://www.xscores.com/soccer/match/blackburn-vs-arsenal/28-08-2010/1547113
2010/2011,2010-08-28T15:00:00,Blackpool,Fulham,https://www.xscores.com/soccer/match/blackpool-vs-fulham/28-08-2010/1547114
2010/2011,2010-08-28T15:00:00,Chelsea,Stoke,https://www.xscores.com/soccer/match/chelsea-vs-stoke/28-08-2010/1547116
2010/2011,2010-08-28T15:00:00,Tottenham,Wigan,https://www.xscores.com/soccer/match/tottenham-vs-wigan/28-08-2010/1547120
2010/2011,2010-08-28T15:00:00,Wolverhampton,Newcastle,https://www.xscores.com/soccer/match/wolverhampton-vs-newcastle/28-08-2010/1547121
2010/2011,2010-08-28T17:30:00,Manchester United,West Ham,https://www.xscores.com/soccer/match/manchester-united-vs-west-ham/28-08-2010/1547118
2010/2011,2010-08-29T13:30:00,Bolton,Birmingham,https://www.xscores.com/soccer/match/bolton-vs-birmingham/29-08-2010/1547115
2010/2011,2010-08-29T15:00:00,Liverpool,West Bromwich,https://www.xscores.com/soccer/match/liverpool-vs-west-bromwich/29-08-2010/1547117
2010/2011,2010-08-29T15:00:00,Sunderland,Manchester City,https://www.xscores.com/soccer/match/sunderland-vs-manchester-city/29-08-2010/1547119
2010/2011,2010-08-29T16:00:00,Aston Villa,Everton,https://www.xscores.com/soccer/match/aston-villa-vs-everton/29-08-2010/1547112
2010/2011,2010-09-11T12:45:00,Everton,Manchester United,https://www.xscores.com/soccer/match/everton-vs-manchester-united/11-09-2010/1547124
2010/2011,2010-09-11T15:00:00,Arsenal,Bolton,https://www.xscores.com/soccer/match/arsenal-vs-bolton/11-09-2010/1547122
2010/2011,2010-09-11T15:00:00,Fulham,Wolverhampton,https://www.xscores.com/soccer/match/fulham-vs-wolverhampton/11-09-2010/1547125
2010/2011,2010-09-11T15:00:00,Manchester City,Blackburn,https://www.xscores.com/soccer/match/manchester-city-vs-blackburn/11-09-2010/1547126
2010/2011,2010-09-11T15:00:00,Newcastle,Blackpool,https://www.xscores.com/soccer/match/newcastle-vs-blackpool/11-09-2010/1547127
2010/2011,2010-09-11T15:00:00,West Bromwich,Tottenham,https://www.xscores.com/soccer/match/west-bromwich-vs-tottenham/11-09-2010/1547129
2010/2011,2010-09-11T15:00:00,West Ham,Chelsea,https://www.xscores.com/soccer/match/west-ham-vs-chelsea/11-09-2010/1547130
2010/2011,2010-09-11T15:00:00,Wigan,Sunderland,https://www.xscores.com/soccer/match/wigan-vs-sunderland/11-09-2010/1547131
2010/2011,2010-09-12T16:00:00,Birmingham,Liverpool,https://www.xscores.com/soccer/match/birmingham-vs-liverpool/12-09-2010/1547123
2010/2011,2010-09-13T20:00:00,Stoke,Aston Villa,https://www.xscores.com/soccer/match/stoke-vs-aston-villa/13-09-2010/1547128
2010/2011,2010-09-18T12:45:00,Stoke,West Ham,https://www.xscores.com/soccer/match/stoke-vs-west-ham/18-09-2010/1547137
2010/2011,2010-09-18T15:00:00,Aston Villa,Bolton,https://www.xscores.com/soccer/match/aston-villa-vs-bolton/18-09-2010/1547132
2010/2011,2010-09-18T15:00:00,Blackburn,Fulham,https://www.xscores.com/soccer/match/blackburn-vs-fulham/18-09-2010/1547133
2010/2011,2010-09-18T15:00:00,Everton,Newcastle,https://www.xscores.com/soccer/match/everton-vs-newcastle/18-09-2010/1547135
2010/2011,2010-09-18T15:00:00,Tottenham,Wolverhampton,https://www.xscores.com/soccer/match/tottenham-vs-wolverhampton/18-09-2010/1547139
2010/2011,2010-09-18T15:00:00,West Bromwich,Birmingham,https://www.xscores.com/soccer/match/west-bromwich-vs-birmingham/18-09-2010/1547140
2010/2011,2010-09-18T17:30:00,Sunderland,Arsenal,https://www.xscores.com/soccer/match/sunderland-vs-arsenal/18-09-2010/1547138
2010/2011,2010-09-19T13:30:00,Manchester United,Liverpool,https://www.xscores.com/soccer/match/manchester-united-vs-liverpool/19-09-2010/1547136
2010/2011,2010-09-19T15:00:00,Wigan,Manchester City,https://www.xscores.com/soccer/match/wigan-vs-manchester-city/19-09-2010/1547141
2010/2011,2010-09-19T16:00:00,Chelsea,Blackpool,https://www.xscores.com/soccer/match/chelsea-vs-blackpool/19-09-2010/1547134
2010/2011,2010-09-25T12:45:00,Manchester City,Chelsea,https://www.xscores.com/soccer/match/manchester-city-vs-chelsea/25-09-2010/1547148
2010/2011,2010-09-25T15:00:00,Arsenal,West Bromwich,https://www.xscores.com/soccer/match/arsenal-vs-west-bromwich/25-09-2010/1547142
2010/2011,2010-09-25T15:00:00,Birmingham,Wigan,https://www.xscores.com/soccer/match/birmingham-vs-wigan/25-09-2010/1547143
2010/2011,2010-09-25T15:00:00,Blackpool,Blackburn,https://www.xscores.com/soccer/match/blackpool-vs-blackburn/25-09-2010/1547144
2010/2011,2010-09-25T15:00:00,Fulham,Everton,https://www.xscores.com/soccer/match/fulham-vs-everton/25-09-2010/1547146
2010/2011,2010-09-25T15:00:00,Liverpool,Sunderland,https://www.xscores.com/soccer/match/liverpool-vs-sunderland/25-09-2010/1547147
2010/2011,2010-09-25T15:00:00,West Ham,Tottenham,https://www.xscores.com/soccer/match/west-ham-vs-tottenham/25-09-2010/1547150
2010/2011,2010-09-26T12:00:00,Bolton,Manchester United,https://www.xscores.com/soccer/match/bolton-vs-manchester-united/26-09-2010/1547145
2010/2011,2010-09-26T14:05:00,Wolverhampton,Aston Villa,https://www.xscores.com/soccer/match/wolverhampton-vs-aston-villa/26-09-2010/1547151
2010/2011,2010-09-26T16:10:00,Newcastle,Stoke,https://www.xscores.com/soccer/match/newcastle-vs-stoke/26-09-2010/1547149
2010/2011,2010-10-02T12:45:00,Wigan,Wolverhampton,https://www.xscores.com/soccer/match/wigan-vs-wolverhampton/02-10-2010/1547161
2010/2011,2010-10-02T15:00:00,Birmingham,Everton,https://www.xscores.com/soccer/match/birmingham-vs-everton/02-10-2010/1547152
2010/2011,2010-10-02T15:00:00,Stoke,Blackburn,https://www.xscores.com/soccer/match/stoke-vs-blackburn/02-10-2010/1547156
2010/2011,2010-10-02T15:00:00,Sunderland,Manchester United,https://www.xscores.com/soccer/match/sunderland-vs-manchester-united/02-10-2010/1547157
2010/2011,2010-10-02T15:00:00,Tottenham,Aston Villa,https://www.xscores.com/soccer/match/tottenham-vs-aston-villa/02-10-2010/1547158
2010/2011,2010-10-02T15:00:00,West Bromwich,Bolton,https://www.xscores.com/soccer/match/west-bromwich-vs-bolton/02-10-2010/1547159
2010/2011,2010-10-02T15:00:00,West Ham,Fulham,https://www.xscores.com/soccer/match/west-ham-vs-fulham/02-10-2010/1547160
2010/2011,2010-10-03T13:30:00,Manchester City,Newcastle,https://www.xscores.com/soccer/match/manchester-city-vs-newcastle/03-10-2010/1547155
2010/2011,2010-10-03T15:00:00,Liverpool,Blackpool,https://www.xscores.com/soccer/match/liverpool-vs-blackpool/03-10-2010/1547154
2010/2011,2010-10-03T16:00:00,Chelsea,Arsenal,https://www.xscores.com/soccer/match/chelsea-vs-arsenal/03-10-2010/1547153
2010/2011,2010-10-16T15:00:00,Arsenal,Birmingham,https://www.xscores.com/soccer/match/arsenal-vs-birmingham/16-10-2010/1547162
2010/2011,2010-10-16T15:00:00,Bolton,Stoke,https://www.xscores.com/soccer/match/bolton-vs-stoke/16-10-2010/1547166
2010/2011,2010-10-16T15:00:00,Fulham,Tottenham,https://www.xscores.com/soccer/match/fulham-vs-tottenham/16-10-2010/1547168
2010/2011,2010-10-16T15:00:00,Manchester United,West Bromwich,https://www.xscores.com/soccer/match/manchester-united-vs-west-bromwich/16-10-2010/1547169
2010/2011,2010-10-16T15:00:00,Newcastle,Wigan,https://www.xscores.com/soccer/match/newcastle-vs-wigan/16-10-2010/1547170
2010/2011,2010-10-16T15:00:00,Wolverhampton,West Ham,https://www.xscores.com/soccer/match/wolverhampton-vs-west-ham/16-10-2010/1547171
2010/2011,2010-10-16T17:30:00,Aston Villa,Chelsea,https://www.xscores.com/soccer/match/aston-villa-vs-chelsea/16-10-2010/1547163
2010/2011,2010-10-17T13:30:00,Everton,Liverpool,https://www.xscores.com/soccer/match/everton-vs-liverpool/17-10-2010/1547167
2010/2011,2010-10-17T16:00:00,Blackpool,Manchester City,https://www.xscores.com/soccer/match/blackpool-vs-manchester-city/17-10-2010/1547165
2010/2011,2010-10-18T20:00:00,Blackburn,Sunderland,https://www.xscores.com/soccer/match/blackburn-vs-sunderland/18-10-2010/1547164
2010/2011,2010-10-23T12:45:00,Tottenham,Everton,https://www.xscores.com/soccer/match/tottenham-vs-everton/23-10-2010/1547178
2010/2011,2010-10-23T15:00:00,Birmingham,Blackpool,https://www.xscores.com/soccer/match/birmingham-vs-blackpool/23-10-2010/1547172
2010/2011,2010-10-23T15:00:00,Chelsea,Wolverhampton,https://www.xscores.com/soccer/match/chelsea-vs-wolverhampton/23-10-2010/1547173
2010/2011,2010-10-23T15:00:00,Sunderland,Aston Villa,https://www.xscores.com/soccer/match/sunderland-vs-aston-villa/23-10-2010/1547177
2010/2011,2010-10-23T15:00:00,West Bromwich,Fulham,https://www.xscores.com/soccer/match/west-bromwich-vs-fulham/23-10-2010/1547179
2010/2011,2010-10-23T15:00:00,Wigan,Bolton,https://www.xscores.com/soccer/match/wigan-vs-bolton/23-10-2010/1547181
2010/2011,2010-10-23T17:30:00,West Ham,Newcastle,https://www.xscores.com/soccer/match/west-ham-vs-newcastle/23-10-2010/1547180
2010/2011,2010-10-24T13:30:00,Stoke,Manchester United,https://www.xscores.com/soccer/match/stoke-vs-manchester-united/24-10-2010/1547176
2010/2011,2010-10-24T15:00:00,Liverpool,Blackburn,https://www.xscores.com/soccer/match/liverpool-vs-blackburn/24-10-2010/1547174
2010/2011,2010-10-24T16:00:00,Manchester City,Arsenal,https://www.xscores.com/soccer/match/manchester-city-vs-arsenal/24-10-2010/1547175
2010/2011,2010-10-30T15:00:00,Arsenal,West Ham,https://www.xscores.com/soccer/match/arsenal-vs-west-ham/30-10-2010/1547182
2010/2011,2010-10-30T15:00:00,Blackburn,Chelsea,https://www.xscores.com/soccer/match/blackburn-vs-chelsea/30-10-2010/1547184
2010/2011,2010-10-30T15:00:00,Everton,Stoke,https://www.xscores.com/soccer/match/everton-vs-stoke/30-10-2010/1547187
2010/2011,2010-10-30T15:00:00,Fulham,Wigan,https://www.xscores.com/soccer/match/fulham-vs-wigan/30-10-2010/1547188
2010/2011,2010-10-30T15:00:00,Wolverhampton,Manchester City,https://www.xscores.com/soccer/match/wolverhampton-vs-manchester-city/30-10-2010/1547191
2010/2011,2010-10-30T17:30:00,Manchester United,Tottenham,https://www.xscores.com/soccer/match/manchester-united-vs-tottenham/30-10-2010/1547189
2010/2011,2010-10-31T12:00:00,Aston Villa,Birmingham,https://www.xscores.com/soccer/match/aston-villa-vs-birmingham/31-10-2010/1547183
2010/2011,2010-10-31T13:30:00,Newcastle,Sunderland,https://www.xscores.com/soccer/match/newcastle-vs-sunderland/31-10-2010/1547190
2010/2011,2010-10-31T16:00:00,Bolton,Liverpool,https://www.xscores.com/soccer/match/bolton-vs-liverpool/31-10-2010/1547186
2010/2011,2010-11-01T20:00:00,Blackpool,West Bromwich,https://www.xscores.com/soccer/match/blackpool-vs-west-bromwich/01-11-2010/1547185
2010/2011,2010-11-06T12:45:00,Bolton,Tottenham,https://www.xscores.com/soccer/match/bolton-vs-tottenham/06-11-2010/1547196
2010/2011,2010-11-06T15:00:00,Birmingham,West Ham,https://www.xscores.com/soccer/match/birmingham-vs-west-ham/06-11-2010/1547193
2010/2011,2010-11-06T15:00:00,Blackburn,Wigan,https://www.xscores.com/soccer/match/blackburn-vs-wigan/06-11-2010/1547194
2010/2011,2010-11-06T15:00:00,Blackpool,Everton,https://www.xscores.com/soccer/match/blackpool-vs-everton/06-11-2010/1547195
2010/2011,2010-11-06T15:00:00,Fulham,Aston Villa,https://www.xscores.com/soccer/match/fulham-vs-aston-villa/06-11-2010/1547197
2010/2011,2010-11-06T15:00:00,Manchester United,Wolverhampton,https://www.xscores.com/soccer/match/manchester-united-vs-wolverhampton/06-11-2010/1547199
2010/2011,2010-11-06T15:00:00,Sunderland,Stoke,https://www.xscores.com/soccer/match/sunderland-vs-stoke/06-11-2010/1547200
2010/2011,2010-11-07T13:30:00,Arsenal,Newcastle,https://www.xscores.com/soccer/match/arsenal-vs-newcastle/07-11-2010/1547192
2010/2011,2010-11-07T15:00:00,West Bromwich,Manchester City,https://www.xscores.com/soccer/match/west-bromwich-vs-manchester-city/07-11-2010/1547201
2010/2011,2010-11-07T16:00:00,Liverpool,Chelsea,https://www.xscores.com/soccer/match/liverpool-vs-chelsea/07-11-2010/1547198
2010/2011,2010-11-09T19:45:00,Stoke,Birmingham,https://www.xscores.com/soccer/match/stoke-vs-birmingham/09-11-2010/1547202
2010/2011,2010-11-09T20:00:00,Tottenham,Sunderland,https://www.xscores.com/soccer/match/tottenham-vs-sunderland/09-11-2010/1547203
2010/2011,2010-11-10T19:45:00,Aston Villa,Blackpool,https://www.xscores.com/soccer/match/aston-villa-vs-blackpool/10-11-2010/1547207
2010/2011,2010-11-10T19:45:00,Chelsea,Fulham,https://www.xscores.com/soccer/match/chelsea-vs-fulham/10-11-2010/1547208
2010/2011,2010-11-10T19:45:00,Newcastle,Blackburn,https://www.xscores.com/soccer/match/newcastle-vs-blackburn/10-11-2010/1547211
2010/2011,2010-11-10T19:45:00,West Ham,West Bromwich,https://www.xscores.com/soccer/match/west-ham-vs-west-bromwich/10-11-2010/1547204
2010/2011,2010-11-10T19:45:00,Wigan,Liverpool,https://www.xscores.com/soccer/match/wigan-vs-liverpool/10-11-2010/1547205
2010/2011,2010-11-10T19:45:00,Wolverhampton,Arsenal,https://www.xscores.com/soccer/match/wolverhampton-vs-arsenal/10-11-2010/1547206
2010/2011,2010-11-10T20:00:00,Everton,Bolton,https://www.xscores.com/soccer/match/everton-vs-bolton/10-11-2010/1547209
2010/2011,2010-11-10T20:00:00,Manchester City,Manchester United,https://www.xscores.com/soccer/match/manchester-city-vs-manchester-united/10-11-2010/1547210
2010/2011,2010-11-13T12:45:00,Aston Villa,Manchester United,https://www.xscores.com/soccer/match/aston-villa-vs-manchester-united/13-11-2010/1547212
2010/2011,2010-11-13T15:00:00,Manchester City,Birmingham,https://www.xscores.com/soccer/match/manchester-city-vs-birmingham/13-11-2010/1547215
2010/2011,2010-11-13T15:00:00,Newcastle,Fulham,https://www.xscores.com/soccer/match/newcastle-vs-fulham/13-11-2010/1547216
2010/2011,2010-11-13T15:00:00,Tottenham,Blackburn,https://www.xscores.com/soccer/match/tottenham-vs-blackburn/13-11-2010/1547218
2010/2011,2010-11-13T15:00:00,West Ham,Blackpool,https://www.xscores.com/soccer/match/west-ham-vs-blackpool/13-11-2010/1547219
2010/2011,2010-11-13T15:00:00,Wigan,West Bromwich,https://www.xscores.com/soccer/match/wigan-vs-west-bromwich/13-11-2010/1547220
2010/2011,2010-11-13T15:00:00,Wolverhampton,Bolton,https://www.xscores.com/soccer/match/wolverhampton-vs-bolton/13-11-2010/1547221
2010/2011,2010-11-13T17:30:00,Stoke,Liverpool,https://www.xscores.com/soccer/match/stoke-vs-liverpool/13-11-2010/1547217
2010/2011,2010-11-14T14:00:00,Everton,Arsenal,https://www.xscores.com/soccer/match/everton-vs-arsenal/14-11-2010/1547214
2010/2011,2010-11-14T16:10:00,Chelsea,Sunderland,https://www.xscores.com/soccer/match/chelsea-vs-sunderland/14-11-2010/1547213
2010/2011,2010-11-20T12:45:00,Arsenal,Tottenham,https://www.xscores.com/soccer/match/arsenal-vs-tottenham/20-11-2010/1547222
2010/2011,2010-11-20T15:00:00,Birmingham,Chelsea,https://www.xscores.com/soccer/match/birmingham-vs-chelsea/20-11-2010/1547223
2010/2011,2010-11-20T15:00:00,Blackpool,Wolverhampton,https://www.xscores.com/soccer/match/blackpool-vs-wolverhampton/20-11-2010/1547225
2010/2011,2010-11-20T15:00:00,Bolton,Newcastle,https://www.xscores.com/soccer/match/bolton-vs-newcastle/20-11-2010/1547226
2010/2011,2010-11-20T15:00:00,Manchester United,Wigan,https://www.xscores.com/soccer/match/manchester-united-vs-wigan/20-11-2010/1547229
2010/2011,2010-11-20T15:00:00,West Bromwich,Stoke,https://www.xscores.com/soccer/match/west-bromwich-vs-stoke/20-11-2010/1547231
2010/2011,2010-11-20T17:30:00,Liverpool,West Ham,https://www.xscores.com/soccer/match/liverpool-vs-west-ham/20-11-2010/1547228
2010/2011,2010-11-21T13:30:00,Blackburn,Aston Villa,https://www.xscores.com/soccer/match/blackburn-vs-aston-villa/21-11-2010/1547224
2010/2011,2010-11-21T16:00:00,Fulham,Manchester City,https://www.xscores.com/soccer/match/fulham-vs-manchester-city/21-11-2010/1547227
2010/2011,2010-11-22T20:00:00,Sunderland,Everton,https://www.xscores.com/soccer/match/sunderland-vs-everton/22-11-2010/1547230
2010/2011,2010-11-27T12:45:00,Aston Villa,Arsenal,https://www.xscores.com/soccer/match/aston-villa-vs-arsenal/27-11-2010/1547232
2010/2011,2010-11-27T15:00:00,Bolton,Blackpool,https://www.xscores.com/soccer/match/bolton-vs-blackpool/27-11-2010/1547233
2010/2011,2010-11-27T15:00:00,Everton,West Bromwich,https://www.xscores.com/soccer/match/everton-vs-west-bromwich/27-11-2010/1547234
2010/2011,2010-11-27T15:00:00,Fulham,Birmingham,https://www.xscores.com/soccer/match/fulham-vs-birmingham/27-11-2010/1547235
2010/2011,2010-11-27T15:00:00,Manchester United,Blackburn,https://www.xscores.com/soccer/match/manchester-united-vs-blackburn/27-11-2010/1547236
2010/2011,2010-11-27T15:00:00,Stoke,Manchester City,https://www.xscores.com/soccer/match/stoke-vs-manchester-city/27-11-2010/1547238
2010/2011,2010-11-27T15:00:00,West Ham,Wigan,https://www.xscores.com/soccer/match/west-ham-vs-wigan/27-11-2010/1547240
2010/2011,2010-11-27T15:00:00,Wolverhampton,Sunderland,https://www.xscores.com/soccer/match/wolverhampton-vs-sunderland/27-11-2010/1547241
2010/2011,2010-11-28T13:30:00,Newcastle,Chelsea,https://www.xscores.com/soccer/match/newcastle-vs-chelsea/28-11-2010/1547237
2010/2011,2010-11-28T16:00:00,Tottenham,Liverpool,https://www.xscores.com/soccer/match/tottenham-vs-liverpool/28-11-2010/1547239
2010/2011,2010-12-04T15:00:00,Arsenal,Fulham,https://www.xscores.com/soccer/match/arsenal-vs-fulham/04-12-2010/1547242
2010/2011,2010-12-04T15:00:00,Birmingham,Tottenham,https://www.xscores.com/soccer/match/birmingham-vs-tottenham/04-12-2010/1547243
2010/2011,2010-12-04T15:00:00,Blackburn,Wolverhampton,https://www.xscores.com/soccer/match/blackburn-vs-wolverhampton/04-12-2010/1547244
2010/2011,2010-12-04T15:00:00,Chelsea,Everton,https://www.xscores.com/soccer/match/chelsea-vs-everton/04-12-2010/1547246
2010/2011,2010-12-04T15:00:00,Manchester City,Bolton,https://www.xscores.com/soccer/match/manchester-city-vs-bolton/04-12-2010/1547248
2010/2011,2010-12-04T15:00:00,Wigan,Stoke,https://www.xscores.com/soccer/match/wigan-vs-stoke/04-12-2010/1547250
2010/2011,2010-12-05T13:30:00,West Bromwich,Newcastle,https://www.xscores.com/soccer/match/west-bromwich-vs-newcastle/05-12-2010/1547249
2010/2011,2010-12-05T16:00:00,Sunderland,West Ham,https://www.xscores.com/soccer/match/sunderland-vs-west-ham/05-12-2010/1547251
2010/2011,2010-12-06T20:00:00,Liverpool,Aston Villa,https://www.xscores.com/soccer/match/liverpool-vs-aston-villa/06-12-2010/1547247
2010/2011,2011-01-25T19:30:00,Blackpool,Manchester United,https://www.xscores.com/soccer/match/blackpool-vs-manchester-united/25-01-2011/1547245
2010/2011,2010-12-11T15:00:00,Aston Villa,West Bromwich,https://www.xscores.com/soccer/match/aston-villa-vs-west-bromwich/11-12-2010/1547252
2010/2011,2010-12-11T15:00:00,Everton,Wigan,https://www.xscores.com/soccer/match/everton-vs-wigan/11-12-2010/1547254
2010/2011,2010-12-11T15:00:00,Fulham,Sunderland,https://www.xscores.com/soccer/match/fulham-vs-sunderland/11-12-2010/1547255
2010/2011,2010-12-11T15:00:00,Stoke,Blackpool,https://www.xscores.com/soccer/match/stoke-vs-blackpool/11-12-2010/1547258
2010/2011,2010-12-11T15:00:00,West Ham,Manchester City,https://www.xscores.com/soccer/match/west-ham-vs-manchester-city/11-12-2010/1547260
2010/2011,2010-12-11T17:30:00,Newcastle,Liverpool,https://www.xscores.com/soccer/match/newcastle-vs-liverpool/11-12-2010/1547257
2010/2011,2010-12-12T13:30:00,Bolton,Blackburn,https://www.xscores.com/soccer/match/bolton-vs-blackburn/12-12-2010/1547253
2010/2011,2010-12-12T13:30:00,Wolverhampton,Birmingham,https://www.xscores.com/soccer/match/wolverhampton-vs-birmingham/12-12-2010/1547261
2010/2011,2010-12-12T16:00:00,Tottenham,Chelsea,https://www.xscores.com/soccer/match/tottenham-vs-chelsea/12-12-2010/1547259
2010/2011,2010-12-13T20:00:00,Manchester United,Arsenal,https://www.xscores.com/soccer/match/manchester-united-vs-arsenal/13-12-2010/1547256
2010/2011,2010-12-18T12:45:00,Sunderland,Bolton,https://www.xscores.com/soccer/match/sunderland-vs-bolton/18-12-2010/1547269
2010/2011,2010-12-18T15:00:00,Blackburn,West Ham,https://www.xscores.com/soccer/match/blackburn-vs-west-ham/18-12-2010/1547264
2010/2011,2010-12-20T20:00:00,Manchester City,Everton,https://www.xscores.com/soccer/match/manchester-city-vs-everton/20-12-2010/1547268
2010/2011,2011-01-25T19:45:00,Wigan,Aston Villa,https://www.xscores.com/soccer/match/wigan-vs-aston-villa/25-01-2011/1547271
2010/2011,2011-01-26T20:00:00,Liverpool,Fulham,https://www.xscores.com/soccer/match/liverpool-vs-fulham/26-01-2011/1547267
2010/2011,2011-02-15T19:45:00,Birmingham,Newcastle,https://www.xscores.com/soccer/match/birmingham-vs-newcastle/15-02-2011/1547263
2010/2011,2011-02-20T12:00:00,West Bromwich,Wolverhampton,https://www.xscores.com/soccer/match/west-bromwich-vs-wolverhampton/20-02-2011/1547270
2010/2011,2011-02-22T20:00:00,Blackpool,Tottenham,https://www.xscores.com/soccer/match/blackpool-vs-tottenham/22-02-2011/1547265
2010/2011,2011-02-23T19:45:00,Arsenal,Stoke,https://www.xscores.com/soccer/match/arsenal-vs-stoke/23-02-2011/1547262
2010/2011,2011-03-01T19:45:00,Chelsea,Manchester United,https://www.xscores.com/soccer/match/chelsea-vs-manchester-united/01-03-2011/1547266
2010/2011,2010-12-26T12:00:00,Fulham,West Ham,https://www.xscores.com/soccer/match/fulham-vs-west-ham/26-12-2010/1547278
2010/2011,2010-12-26T15:00:00,Blackburn,Stoke,https://www.xscores.com/soccer/match/blackburn-vs-stoke/26-12-2010/1547274
2010/2011,2010-12-26T15:00:00,Bolton,West Bromwich,https://www.xscores.com/soccer/match/bolton-vs-west-bromwich/26-12-2010/1547276
2010/2011,2010-12-26T15:00:00,Manchester United,Sunderland,https://www.xscores.com/soccer/match/manchester-united-vs-sunderland/26-12-2010/1547279
2010/2011,2010-12-26T15:00:00,Newcastle,Manchester City,https://www.xscores.com/soccer/match/newcastle-vs-manchester-city/26-12-2010/1547280
2010/2011,2010-12-26T15:00:00,Wolverhampton,Wigan,https://www.xscores.com/soccer/match/wolverhampton-vs-wigan/26-12-2010/1547281
2010/2011,2010-12-26T17:30:00,Aston Villa,Tottenham,https://www.xscores.com/soccer/match/aston-villa-vs-tottenham/26-12-2010/1547273
2010/2011,2010-12-27T20:00:00,Arsenal,Chelsea,https://www.xscores.com/soccer/match/arsenal-vs-chelsea/27-12-2010/1547272
2010/2011,2011-01-12T20:00:00,Blackpool,Liverpool,https://www.xscores.com/soccer/match/blackpool-vs-liverpool/12-01-2011/1547275
2010/2011,2011-03-09T20:00:00,Everton,Birmingham,https://www.xscores.com/soccer/match/everton-vs-birmingham/09-03-2011/1547277
2010/2011,2010-12-28T15:00:00,Manchester City,Aston Villa,https://www.xscores.com/soccer/match/manchester-city-vs-aston-villa/28-12-2010/1547285
2010/2011,2010-12-28T15:00:00,Stoke,Fulham,https://www.xscores.com/soccer/match/stoke-vs-fulham/28-12-2010/1547286
2010/2011,2010-12-28T15:00:00,Sunderland,Blackpool,https://www.xscores.com/soccer/match/sunderland-vs-blackpool/28-12-2010/1547287
2010/2011,2010-12-28T15:00:00,Tottenham,Newcastle,https://www.xscores.com/soccer/match/tottenham-vs-newcastle/28-12-2010/1547288
2010/2011,2010-12-28T15:00:00,West Bromwich,Blackburn,https://www.xscores.com/soccer/match/west-bromwich-vs-blackburn/28-12-2010/1547289
2010/2011,2010-12-28T17:30:00,West Ham,Everton,https://www.xscores.com/soccer/match/west-ham-vs-everton/28-12-2010/1547290
2010/2011,2010-12-28T20:00:00,Birmingham,Manchester United,https://www.xscores.com/soccer/match/birmingham-vs-manchester-united/28-12-2010/1547282
2010/2011,2010-12-29T19:45:00,Chelsea,Bolton,https://www.xscores.com/soccer/match/chelsea-vs-bolton/29-12-2010/1547283
2010/2011,2010-12-29T19:45:00,Wigan,Arsenal,https://www.xscores.com/soccer/match/wigan-vs-arsenal/29-12-2010/1547291
2010/2011,2010-12-29T20:00:00,Liverpool,Wolverhampton,https://www.xscores.com/soccer/match/liverpool-vs-wolverhampton/29-12-2010/1547284
2010/2011,2011-01-01T12:45:00,West Bromwich,Manchester United,https://www.xscores.com/soccer/match/west-bromwich-vs-manchester-united/01-01-2011/1547299
2010/2011,2011-01-01T15:00:00,Liverpool,Bolton,https://www.xscores.com/soccer/match/liverpool-vs-bolton/01-01-2011/1547294
2010/2011,2011-01-01T15:00:00,Manchester City,Blackpool,https://www.xscores.com/soccer/match/manchester-city-vs-blackpool/01-01-2011/1547295
2010/2011,2011-01-01T15:00:00,Stoke,Everton,https://www.xscores.com/soccer/match/stoke-vs-everton/01-01-2011/1547296
2010/2011,2011-01-01T15:00:00,Sunderland,Blackburn,https://www.xscores.com/soccer/match/sunderland-vs-blackburn/01-01-2011/1547297
2010/2011,2011-01-01T15:00:00,Tottenham,Fulham,https://www.xscores.com/soccer/match/tottenham-vs-fulham/01-01-2011/1547298
2010/2011,2011-01-01T15:00:00,West Ham,Wolverhampton,https://www.xscores.com/soccer/match/west-ham-vs-wolverhampton/01-01-2011/1547300
2010/2011,2011-01-01T17:30:00,Birmingham,Arsenal,https://www.xscores.com/soccer/match/birmingham-vs-arsenal/01-01-2011/1547292
2010/2011,2011-01-02T13:30:00,Chelsea,Aston Villa,https://www.xscores.com/soccer/match/chelsea-vs-aston-villa/02-01-2011/1547293
2010/2011,2011-01-02T16:00:00,Wigan,Newcastle,https://www.xscores.com/soccer/match/wigan-vs-newcastle/02-01-2011/1547301
2010/2011,2011-01-04T20:00:00,Blackpool,Birmingham,https://www.xscores.com/soccer/match/blackpool-vs-birmingham/04-01-2011/1547303
2010/2011,2011-01-04T20:00:00,Fulham,West Bromwich,https://www.xscores.com/soccer/match/fulham-vs-west-bromwich/04-01-2011/1547310
2010/2011,2011-01-04T20:00:00,Manchester United,Stoke,https://www.xscores.com/soccer/match/manchester-united-vs-stoke/04-01-2011/1547305
2010/2011,2011-01-05T19:45:00,Arsenal,Manchester City,https://www.xscores.com/soccer/match/arsenal-vs-manchester-city/05-01-2011/1547302
2010/2011,2011-01-05T19:45:00,Aston Villa,Sunderland,https://www.xscores.com/soccer/match/aston-villa-vs-sunderland/05-01-2011/1547307
2010/2011,2011-01-05T19:45:00,Newcastle,West Ham,https://www.xscores.com/soccer/match/newcastle-vs-west-ham/05-01-2011/1547311
2010/2011,2011-01-05T19:45:00,Wolverhampton,Chelsea,https://www.xscores.com/soccer/match/wolverhampton-vs-chelsea/05-01-2011/1547306
2010/2011,2011-01-05T20:00:00,Blackburn,Liverpool,https://www.xscores.com/soccer/match/blackburn-vs-liverpool/05-01-2011/1547308
2010/2011,2011-01-05T20:00:00,Bolton,Wigan,https://www.xscores.com/soccer/match/bolton-vs-wigan/05-01-2011/1547304
2010/2011,2011-01-05T20:00:00,Everton,Tottenham,https://www.xscores.com/soccer/match/everton-vs-tottenham/05-01-2011/1547309
2010/2011,2011-01-15T15:00:00,Chelsea,Blackburn,https://www.xscores.com/soccer/match/chelsea-vs-blackburn/15-01-2011/1547313
2010/2011,2011-01-15T15:00:00,Manchester City,Wolverhampton,https://www.xscores.com/soccer/match/manchester-city-vs-wolverhampton/15-01-2011/1547315
2010/2011,2011-01-15T15:00:00,Stoke,Bolton,https://www.xscores.com/soccer/match/stoke-vs-bolton/15-01-2011/1547316
2010/2011,2011-01-15T15:00:00,West Bromwich,Blackpool,https://www.xscores.com/soccer/match/west-bromwich-vs-blackpool/15-01-2011/1547319
2010/2011,2011-01-15T15:00:00,Wigan,Fulham,https://www.xscores.com/soccer/match/wigan-vs-fulham/15-01-2011/1547321
2010/2011,2011-01-15T17:30:00,West Ham,Arsenal,https://www.xscores.com/soccer/match/west-ham-vs-arsenal/15-01-2011/1547320
2010/2011,2011-01-16T12:00:00,Birmingham,Aston Villa,https://www.xscores.com/soccer/match/birmingham-vs-aston-villa/16-01-2011/1547312
2010/2011,2011-01-16T12:00:00,Sunderland,Newcastle,https://www.xscores.com/soccer/match/sunderland-vs-newcastle/16-01-2011/1547317
2010/2011,2011-01-16T14:05:00,Liverpool,Everton,https://www.xscores.com/soccer/match/liverpool-vs-everton/16-01-2011/1547314
2010/2011,2011-01-16T16:10:00,Tottenham,Manchester United,https://www.xscores.com/soccer/match/tottenham-vs-manchester-united/16-01-2011/1547318
2010/2011,2011-01-22T12:45:00,Wolverhampton,Liverpool,https://www.xscores.com/soccer/match/wolverhampton-vs-liverpool/22-01-2011/1547331
2010/2011,2011-01-22T15:00:00,Arsenal,Wigan,https://www.xscores.com/soccer/match/arsenal-vs-wigan/22-01-2011/1547322
2010/2011,2011-01-22T15:00:00,Blackpool,Sunderland,https://www.xscores.com/soccer/match/blackpool-vs-sunderland/22-01-2011/1547325
2010/2011,2011-01-22T15:00:00,Everton,West Ham,https://www.xscores.com/soccer/match/everton-vs-west-ham/22-01-2011/1547327
2010/2011,2011-01-22T15:00:00,Fulham,Stoke,https://www.xscores.com/soccer/match/fulham-vs-stoke/22-01-2011/1547328
2010/2011,2011-01-22T15:00:00,Manchester United,Birmingham,https://www.xscores.com/soccer/match/manchester-united-vs-birmingham/22-01-2011/1547329
2010/2011,2011-01-22T15:00:00,Newcastle,Tottenham,https://www.xscores.com/soccer/match/newcastle-vs-tottenham/22-01-2011/1547330
2010/2011,2011-01-22T17:30:00,Aston Villa,Manchester City,https://www.xscores.com/soccer/match/aston-villa-vs-manchester-city/22-01-2011/1547323
2010/2011,2011-01-23T16:00:00,Blackburn,West Bromwich,https://www.xscores.com/soccer/match/blackburn-vs-west-bromwich/23-01-2011/1547324
2010/2011,2011-01-24T20:00:00,Bolton,Chelsea,https://www.xscores.com/soccer/match/bolton-vs-chelsea/24-01-2011/1547326
2010/2011,2011-02-01T19:45:00,Arsenal,Everton,https://www.xscores.com/soccer/match/arsenal-vs-everton/01-02-2011/1547332
2010/2011,2011-02-01T19:45:00,Sunderland,Chelsea,https://www.xscores.com/soccer/match/sunderland-vs-chelsea/01-02-2011/1547337
2010/2011,2011-02-01T20:00:00,Manchester United,Aston Villa,https://www.xscores.com/soccer/match/manchester-united-vs-aston-villa/01-02-2011/1547336
2010/2011,2011-02-01T20:00:00,West Bromwich,Wigan,https://www.xscores.com/soccer/match/west-bromwich-vs-wigan/01-02-2011/1547338
2010/2011,2011-02-02T19:45:00,Birmingham,Manchester City,https://www.xscores.com/soccer/match/birmingham-vs-manchester-city/02-02-2011/1547333
2010/2011,2011-02-02T20:00:00,Blackburn,Tottenham,https://www.xscores.com/soccer/match/blackburn-vs-tottenham/02-02-2011/1547339
2010/2011,2011-02-02T20:00:00,Blackpool,West Ham,https://www.xscores.com/soccer/match/blackpool-vs-west-ham/02-02-2011/1547334
2010/2011,2011-02-02T20:00:00,Bolton,Wolverhampton,https://www.xscores.com/soccer/match/bolton-vs-wolverhampton/02-02-2011/1547335
2010/2011,2011-02-02T20:00:00,Fulham,Newcastle,https://www.xscores.com/soccer/match/fulham-vs-newcastle/02-02-2011/1547340
2010/2011,2011-02-02T20:00:00,Liverpool,Stoke,https://www.xscores.com/soccer/match/liverpool-vs-stoke/02-02-2011/1547341
2010/2011,2011-02-05T12:45:00,Stoke,Sunderland,https://www.xscores.com/soccer/match/stoke-vs-sunderland/05-02-2011/1547347
2010/2011,2011-02-05T15:00:00,Aston Villa,Fulham,https://www.xscores.com/soccer/match/aston-villa-vs-fulham/05-02-2011/1547342
2010/2011,2011-02-05T15:00:00,Everton,Blackpool,https://www.xscores.com/soccer/match/everton-vs-blackpool/05-02-2011/1547344
2010/2011,2011-02-05T15:00:00,Manchester City,West Bromwich,https://www.xscores.com/soccer/match/manchester-city-vs-west-bromwich/05-02-2011/1547345
2010/2011,2011-02-05T15:00:00,Newcastle,Arsenal,https://www.xscores.com/soccer/match/newcastle-vs-arsenal/05-02-2011/1547346
2010/2011,2011-02-05T15:00:00,Tottenham,Bolton,https://www.xscores.com/soccer/match/tottenham-vs-bolton/05-02-2011/1547348
2010/2011,2011-02-05T15:00:00,Wigan,Blackburn,https://www.xscores.com/soccer/match/wigan-vs-blackburn/05-02-2011/1547350
2010/2011,2011-02-05T17:30:00,Wolverhampton,Manchester United,https://www.xscores.com/soccer/match/wolverhampton-vs-manchester-united/05-02-2011/1547351
2010/2011,2011-02-06T13:30:00,West Ham,Birmingham,https://www.xscores.com/soccer/match/west-ham-vs-birmingham/06-02-2011/1547349
2010/2011,2011-02-06T16:00:00,Chelsea,Liverpool,https://www.xscores.com/soccer/match/chelsea-vs-liverpool/06-02-2011/1547343
2010/2011,2011-02-12T12:45:00,Manchester United,Manchester City,https://www.xscores.com/soccer/match/manchester-united-vs-manchester-city/12-02-2011/1547359
2010/2011,2011-02-12T15:00:00,Arsenal,Wolverhampton,https://www.xscores.com/soccer/match/arsenal-vs-wolverhampton/12-02-2011/1547352
2010/2011,2011-02-12T15:00:00,Birmingham,Stoke,https://www.xscores.com/soccer/match/birmingham-vs-stoke/12-02-2011/1547353
2010/2011,2011-02-12T15:00:00,Blackburn,Newcastle,https://www.xscores.com/soccer/match/blackburn-vs-newcastle/12-02-2011/1547354
2010/2011,2011-02-12T15:00:00,Blackpool,Aston Villa,https://www.xscores.com/soccer/match/blackpool-vs-aston-villa/12-02-2011/1547355
2010/2011,2011-02-12T15:00:00,Liverpool,Wigan,https://www.xscores.com/soccer/match/liverpool-vs-wigan/12-02-2011/1547358
2010/2011,2011-02-12T15:00:00,West Bromwich,West Ham,https://www.xscores.com/soccer/match/west-bromwich-vs-west-ham/12-02-2011/1547361
2010/2011,2011-02-12T17:30:00,Sunderland,Tottenham,https://www.xscores.com/soccer/match/sunderland-vs-tottenham/12-02-2011/1547360
2010/2011,2011-02-13T16:00:00,Bolton,Everton,https://www.xscores.com/soccer/match/bolton-vs-everton/13-02-2011/1547356
2010/2011,2011-02-14T20:00:00,Fulham,Chelsea,https://www.xscores.com/soccer/match/fulham-vs-chelsea/14-02-2011/1547357
2010/2011,2011-02-26T15:00:00,Aston Villa,Blackburn,https://www.xscores.com/soccer/match/aston-villa-vs-blackburn/26-02-2011/1547362
2010/2011,2011-02-26T15:00:00,Everton,Sunderland,https://www.xscores.com/soccer/match/everton-vs-sunderland/26-02-2011/1547364
2010/2011,2011-02-26T15:00:00,Newcastle,Bolton,https://www.xscores.com/soccer/match/newcastle-vs-bolton/26-02-2011/1547366
2010/2011,2011-02-26T15:00:00,Wigan,Manchester United,https://www.xscores.com/soccer/match/wigan-vs-manchester-united/26-02-2011/1547370
2010/2011,2011-02-26T15:00:00,Wolverhampton,Blackpool,https://www.xscores.com/soccer/match/wolverhampton-vs-blackpool/26-02-2011/1547371
2010/2011,2011-02-27T13:30:00,West Ham,Liverpool,https://www.xscores.com/soccer/match/west-ham-vs-liverpool/27-02-2011/1547369
2010/2011,2011-02-27T15:00:00,Manchester City,Fulham,https://www.xscores.com/soccer/match/manchester-city-vs-fulham/27-02-2011/1547365
2010/2011,2011-02-28T20:00:00,Stoke,West Bromwich,https://www.xscores.com/soccer/match/stoke-vs-west-bromwich/28-02-2011/1547367
2010/2011,2011-04-20T19:45:00,Chelsea,Birmingham,https://www.xscores.com/soccer/match/chelsea-vs-birmingham/20-04-2011/1547363
2010/2011,2011-04-20T19:45:00,Tottenham,Arsenal,https://www.xscores.com/soccer/match/tottenham-vs-arsenal/20-04-2011/1547368
2010/2011,2011-03-05T12:45:00,Birmingham,West Bromwich,https://www.xscores.com/soccer/match/birmingham-vs-west-bromwich/05-03-2011/1547373
2010/2011,2011-03-05T15:00:00,Arsenal,Sunderland,https://www.xscores.com/soccer/match/arsenal-vs-sunderland/05-03-2011/1547372
2010/2011,2011-03-05T15:00:00,Bolton,Aston Villa,https://www.xscores.com/soccer/match/bolton-vs-aston-villa/05-03-2011/1547375
2010/2011,2011-03-05T15:00:00,Fulham,Blackburn,https://www.xscores.com/soccer/match/fulham-vs-blackburn/05-03-2011/1547376
2010/2011,2011-03-05T15:00:00,Newcastle,Everton,https://www.xscores.com/soccer/match/newcastle-vs-everton/05-03-2011/1547379
2010/2011,2011-03-05T15:00:00,West Ham,Stoke,https://www.xscores.com/soccer/match/west-ham-vs-stoke/05-03-2011/1547380
2010/2011,2011-03-05T17:30:00,Manchester City,Wigan,https://www.xscores.com/soccer/match/manchester-city-vs-wigan/05-03-2011/1547378
2010/2011,2011-03-06T13:30:00,Liverpool,Manchester United,https://www.xscores.com/soccer/match/liverpool-vs-manchester-united/06-03-2011/1547377
2010/2011,2011-03-06T16:00:00,Wolverhampton,Tottenham,https://www.xscores.com/soccer/match/wolverhampton-vs-tottenham/06-03-2011/1547381
2010/2011,2011-03-07T20:00:00,Blackpool,Chelsea,https://www.xscores.com/soccer/match/blackpool-vs-chelsea/07-03-2011/1547374
2010/2011,2011-03-19T12:45:00,Tottenham,West Ham,https://www.xscores.com/soccer/match/tottenham-vs-west-ham/19-03-2011/1547389
2010/2011,2011-03-19T15:00:00,Aston Villa,Wolverhampton,https://www.xscores.com/soccer/match/aston-villa-vs-wolverhampton/19-03-2011/1547382
2010/2011,2011-03-19T15:00:00,Blackburn,Blackpool,https://www.xscores.com/soccer/match/blackburn-vs-blackpool/19-03-2011/1547383
2010/2011,2011-03-19T15:00:00,Manchester United,Bolton,https://www.xscores.com/soccer/match/manchester-united-vs-bolton/19-03-2011/1547386
2010/2011,2011-03-19T15:00:00,Stoke,Newcastle,https://www.xscores.com/soccer/match/stoke-vs-newcastle/19-03-2011/1547387
2010/2011,2011-03-19T15:00:00,West Bromwich,Arsenal,https://www.xscores.com/soccer/match/west-bromwich-vs-arsenal/19-03-2011/1547390
2010/2011,2011-03-19T15:00:00,Wigan,Birmingham,https://www.xscores.com/soccer/match/wigan-vs-birmingham/19-03-2011/1547391
2010/2011,2011-03-19T17:30:00,Everton,Fulham,https://www.xscores.com/soccer/match/everton-vs-fulham/19-03-2011/1547385
2010/2011,2011-03-20T13:30:00,Sunderland,Liverpool,https://www.xscores.com/soccer/match/sunderland-vs-liverpool/20-03-2011/1547388
2010/2011,2011-03-20T16:00:00,Chelsea,Manchester City,https://www.xscores.com/soccer/match/chelsea-vs-manchester-city/20-03-2011/1547384
2010/2011,2011-04-02T12:45:00,West Ham,Manchester United,https://www.xscores.com/soccer/match/west-ham-vs-manchester-united/02-04-2011/1547400
2010/2011,2011-04-02T15:00:00,Birmingham,Bolton,https://www.xscores.com/soccer/match/birmingham-vs-bolton/02-04-2011/1547393
2010/2011,2011-04-02T15:00:00,Everton,Aston Villa,https://www.xscores.com/soccer/match/everton-vs-aston-villa/02-04-2011/1547394
2010/2011,2011-04-02T15:00:00,Newcastle,Wolverhampton,https://www.xscores.com/soccer/match/newcastle-vs-wolverhampton/02-04-2011/1547397
2010/2011,2011-04-02T15:00:00,Stoke,Chelsea,https://www.xscores.com/soccer/match/stoke-vs-chelsea/02-04-2011/1547398
2010/2011,2011-04-02T15:00:00,West Bromwich,Liverpool,https://www.xscores.com/soccer/match/west-bromwich-vs-liverpool/02-04-2011/1547399
2010/2011,2011-04-02T15:00:00,Wigan,Tottenham,https://www.xscores.com/soccer/match/wigan-vs-tottenham/02-04-2011/1547401
2010/2011,2011-04-02T17:30:00,Arsenal,Blackburn,https://www.xscores.com/soccer/match/arsenal-vs-blackburn/02-04-2011/1547392
2010/2011,2011-04-03T13:30:00,Fulham,Blackpool,https://www.xscores.com/soccer/match/fulham-vs-blackpool/03-04-2011/1547395
2010/2011,2011-04-03T16:00:00,Manchester City,Sunderland,https://www.xscores.com/soccer/match/manchester-city-vs-sunderland/03-04-2011/1547396
2010/2011,2011-04-09T12:45:00,Wolverhampton,Everton,https://www.xscores.com/soccer/match/wolverhampton-vs-everton/09-04-2011/1547411
2010/2011,2011-04-09T15:00:00,Blackburn,Birmingham,https://www.xscores.com/soccer/match/blackburn-vs-birmingham/09-04-2011/1547403
2010/2011,2011-04-09T15:00:00,Bolton,West Ham,https://www.xscores.com/soccer/match/bolton-vs-west-ham/09-04-2011/1547405
2010/2011,2011-04-09T15:00:00,Chelsea,Wigan,https://www.xscores.com/soccer/match/chelsea-vs-wigan/09-04-2011/1547406
2010/2011,2011-04-09T15:00:00,Manchester United,Fulham,https://www.xscores.com/soccer/match/manchester-united-vs-fulham/09-04-2011/1547408
2010/2011,2011-04-09T15:00:00,Sunderland,West Bromwich,https://www.xscores.com/soccer/match/sunderland-vs-west-bromwich/09-04-2011/1547409
2010/2011,2011-04-09T15:00:00,Tottenham,Stoke,https://www.xscores.com/soccer/match/tottenham-vs-stoke/09-04-2011/1547410
2010/2011,2011-04-10T13:30:00,Blackpool,Arsenal,https://www.xscores.com/soccer/match/blackpool-vs-arsenal/10-04-2011/1547404
2010/2011,2011-04-10T16:00:00,Aston Villa,Newcastle,https://www.xscores.com/soccer/match/aston-villa-vs-newcastle/10-04-2011/1547402
2010/2011,2011-04-11T20:00:00,Liverpool,Manchester City,https://www.xscores.com/soccer/match/liverpool-vs-manchester-city/11-04-2011/1547407
2010/2011,2011-04-16T15:00:00,Birmingham,Sunderland,https://www.xscores.com/soccer/match/birmingham-vs-sunderland/16-04-2011/1547413
2010/2011,2011-04-16T15:00:00,Blackpool,Wigan,https://www.xscores.com/soccer/match/blackpool-vs-wigan/16-04-2011/1547421
2010/2011,2011-04-16T15:00:00,Everton,Blackburn,https://www.xscores.com/soccer/match/everton-vs-blackburn/16-04-2011/1547414
2010/2011,2011-04-16T15:00:00,West Bromwich,Chelsea,https://www.xscores.com/soccer/match/west-bromwich-vs-chelsea/16-04-2011/1547419
2010/2011,2011-04-16T15:00:00,West Ham,Aston Villa,https://www.xscores.com/soccer/match/west-ham-vs-aston-villa/16-04-2011/1547420
2010/2011,2011-04-17T16:00:00,Arsenal,Liverpool,https://www.xscores.com/soccer/match/arsenal-vs-liverpool/17-04-2011/1547412
2010/2011,2011-04-19T19:45:00,Newcastle,Manchester United,https://www.xscores.com/soccer/match/newcastle-vs-manchester-united/19-04-2011/1547417
2010/2011,2011-04-26T19:45:00,Stoke,Wolverhampton,https://www.xscores.com/soccer/match/stoke-vs-wolverhampton/26-04-2011/1547418
2010/2011,2011-04-27T20:00:00,Fulham,Bolton,https://www.xscores.com/soccer/match/fulham-vs-bolton/27-04-2011/1547415
2010/2011,2011-05-10T19:45:00,Manchester City,Tottenham,https://www.xscores.com/soccer/match/manchester-city-vs-tottenham/10-05-2011/1547416
2010/2011,2011-04-23T12:45:00,Manchester United,Everton,https://www.xscores.com/soccer/match/manchester-united-vs-everton/23-04-2011/1547428
2010/2011,2011-04-23T15:00:00,Aston Villa,Stoke,https://www.xscores.com/soccer/match/aston-villa-vs-stoke/23-04-2011/1547422
2010/2011,2011-04-23T15:00:00,Blackpool,Newcastle,https://www.xscores.com/soccer/match/blackpool-vs-newcastle/23-04-2011/1547424
2010/2011,2011-04-23T15:00:00,Liverpool,Birmingham,https://www.xscores.com/soccer/match/liverpool-vs-birmingham/23-04-2011/1547427
2010/2011,2011-04-23T15:00:00,Sunderland,Wigan,https://www.xscores.com/soccer/match/sunderland-vs-wigan/23-04-2011/1547429
2010/2011,2011-04-23T15:00:00,Tottenham,West Bromwich,https://www.xscores.com/soccer/match/tottenham-vs-west-bromwich/23-04-2011/1547430
2010/2011,2011-04-23T15:00:00,Wolverhampton,Fulham,https://www.xscores.com/soccer/match/wolverhampton-vs-fulham/23-04-2011/1547431
2010/2011,2011-04-23T17:30:00,Chelsea,West Ham,https://www.xscores.com/soccer/match/chelsea-vs-west-ham/23-04-2011/1547426
2010/2011,2011-04-24T16:00:00,Bolton,Arsenal,https://www.xscores.com/soccer/match/bolton-vs-arsenal/24-04-2011/1547425
2010/2011,2011-04-25T20:00:00,Blackburn,Manchester City,https://www.xscores.com/soccer/match/blackburn-vs-manchester-city/25-04-2011/1547423
2010/2011,2011-04-30T15:00:00,Blackburn,Bolton,https://www.xscores.com/soccer/match/blackburn-vs-bolton/30-04-2011/1547434
2010/2011,2011-04-30T15:00:00,Blackpool,Stoke,https://www.xscores.com/soccer/match/blackpool-vs-stoke/30-04-2011/1547435
2010/2011,2011-04-30T15:00:00,Sunderland,Fulham,https://www.xscores.com/soccer/match/sunderland-vs-fulham/30-04-2011/1547439
2010/2011,2011-04-30T15:00:00,West Bromwich,Aston Villa,https://www.xscores.com/soccer/match/west-bromwich-vs-aston-villa/30-04-2011/1547440
2010/2011,2011-04-30T15:00:00,Wigan,Everton,https://www.xscores.com/soccer/match/wigan-vs-everton/30-04-2011/1547441
2010/2011,2011-04-30T17:30:00,Chelsea,Tottenham,https://www.xscores.com/soccer/match/chelsea-vs-tottenham/30-04-2011/1547436
2010/2011,2011-05-01T12:00:00,Birmingham,Wolverhampton,https://www.xscores.com/soccer/match/birmingham-vs-wolverhampton/01-05-2011/1547433
2010/2011,2011-05-01T12:00:00,Liverpool,Newcastle,https://www.xscores.com/soccer/match/liverpool-vs-newcastle/01-05-2011/1547437
2010/2011,2011-05-01T14:05:00,Arsenal,Manchester United,https://www.xscores.com/soccer/match/arsenal-vs-manchester-united/01-05-2011/1547432
2010/2011,2011-05-01T16:10:00,Manchester City,West Ham,https://www.xscores.com/soccer/match/manchester-city-vs-west-ham/01-05-2011/1547438
2010/2011,2011-05-07T15:00:00,Aston Villa,Wigan,https://www.xscores.com/soccer/match/aston-villa-vs-wigan/07-05-2011/1547442
2010/2011,2011-05-07T15:00:00,Bolton,Sunderland,https://www.xscores.com/soccer/match/bolton-vs-sunderland/07-05-2011/1547443
2010/2011,2011-05-07T15:00:00,Everton,Manchester City,https://www.xscores.com/soccer/match/everton-vs-manchester-city/07-05-2011/1547444
2010/2011,2011-05-07T15:00:00,Newcastle,Birmingham,https://www.xscores.com/soccer/match/newcastle-vs-birmingham/07-05-2011/1547447
2010/2011,2011-05-07T15:00:00,West Ham,Blackburn,https://www.xscores.com/soccer/match/west-ham-vs-blackburn/07-05-2011/1547450
2010/2011,2011-05-07T17:30:00,Tottenham,Blackpool,https://www.xscores.com/soccer/match/tottenham-vs-blackpool/07-05-2011/1547449
2010/2011,2011-05-08T12:00:00,Wolverhampton,West Bromwich,https://www.xscores.com/soccer/match/wolverhampton-vs-west-bromwich/08-05-2011/1547451
2010/2011,2011-05-08T14:05:00,Stoke,Arsenal,https://www.xscores.com/soccer/match/stoke-vs-arsenal/08-05-2011/1547448
2010/2011,2011-05-08T16:10:00,Manchester United,Chelsea,https://www.xscores.com/soccer/match/manchester-united-vs-chelsea/08-05-2011/1547446
2010/2011,2011-05-09T20:00:00,Fulham,Liverpool,https://www.xscores.com/soccer/match/fulham-vs-liverpool/09-05-2011/1547445
2010/2011,2011-05-14T12:45:00,Blackburn,Manchester United,https://www.xscores.com/soccer/match/blackburn-vs-manchester-united/14-05-2011/1547454
2010/2011,2011-05-14T12:45:00,Blackpool,Bolton,https://www.xscores.com/soccer/match/blackpool-vs-bolton/14-05-2011/1547455
2010/2011,2011-05-14T12:45:00,Sunderland,Wolverhampton,https://www.xscores.com/soccer/match/sunderland-vs-wolverhampton/14-05-2011/1547459
2010/2011,2011-05-14T12:45:00,West Bromwich,Everton,https://www.xscores.com/soccer/match/west-bromwich-vs-everton/14-05-2011/1547460
2010/2011,2011-05-15T13:30:00,Chelsea,Newcastle,https://www.xscores.com/soccer/match/chelsea-vs-newcastle/15-05-2011/1547456
2010/2011,2011-05-15T16:00:00,Arsenal,Aston Villa,https://www.xscores.com/soccer/match/arsenal-vs-aston-villa/15-05-2011/1547452
2010/2011,2011-05-15T16:00:00,Birmingham,Fulham,https://www.xscores.com/soccer/match/birmingham-vs-fulham/15-05-2011/1547453
2010/2011,2011-05-15T16:00:00,Liverpool,Tottenham,https://www.xscores.com/soccer/match/liverpool-vs-tottenham/15-05-2011/1547457
2010/2011,2011-05-15T16:00:00,Wigan,West Ham,https://www.xscores.com/soccer/match/wigan-vs-west-ham/15-05-2011/1547461
2010/2011,2011-05-17T19:45:00,Manchester City,Stoke,https://www.xscores.com/soccer/match/manchester-city-vs-stoke/17-05-2011/1547458
2010/2011,2011-05-22T16:00:00,Aston Villa,Liverpool,https://www.xscores.com/soccer/match/aston-villa-vs-liverpool/22-05-2011/1547462
2010/2011,2011-05-22T16:00:00,Bolton,Manchester City,https://www.xscores.com/soccer/match/bolton-vs-manchester-city/22-05-2011/1547463
2010/2011,2011-05-22T16:00:00,Everton,Chelsea,https://www.xscores.com/soccer/match/everton-vs-chelsea/22-05-2011/1547464
2010/2011,2011-05-22T16:00:00,Fulham,Arsenal,https://www.xscores.com/soccer/match/fulham-vs-arsenal/22-05-2011/1547465
2010/2011,2011-05-22T16:00:00,Manchester United,Blackpool,https://www.xscores.com/soccer/match/manchester-united-vs-blackpool/22-05-2011/1547466
2010/2011,2011-05-22T16:00:00,Newcastle,West Bromwich,https://www.xscores.com/soccer/match/newcastle-vs-west-bromwich/22-05-2011/1547467
2010/2011,2011-05-22T16:00:00,Stoke,Wigan,https://www.xscores.com/soccer/match/stoke-vs-wigan/22-05-2011/1547468
2010/2011,2011-05-22T16:00:00,Tottenham,Birmingham,https://www.xscores.com/soccer/match/tottenham-vs-birmingham/22-05-2011/1547469
2010/2011,2011-05-22T16:00:00,West Ham,Sunderland,https://www.xscores.com/soccer/match/west-ham-vs-sunderland/22-05-2011/1547470
2010/2011,2011-05-22T16:00:00,Wolverhampton,Blackburn,https://www.xscores.com/soccer/match/wolverhampton-vs-blackburn/22-05-2011/1547471
