season,date,home_team,away_team,url
2018/2019,2018-08-10T20:00:00,Manchester United,Leicester,https://www.xscores.com/soccer/match/manchester-united-vs-leicester/10-08-2018/498480
2018/2019,2018-08-11T12:30:00,Newcastle,Tottenham,https://www.xscores.com/soccer/match/newcastle-vs-tottenham/11-08-2018/498481
2018/2019,2018-08-11T15:00:00,Bournemouth,Cardiff,https://www.xscores.com/soccer/match/bournemouth-vs-cardiff/11-08-2018/498476
2018/2019,2018-08-11T15:00:00,Fulham,Crystal Palace,https://www.xscores.com/soccer/match/fulham-vs-crystal-palace/11-08-2018/498477
2018/2019,2018-08-11T15:00:00,Huddersfield,Chelsea,https://www.xscores.com/soccer/match/huddersfield-vs-chelsea/11-08-2018/498478
2018/2019,2018-08-11T15:00:00,Watford,Brighton,https://www.xscores.com/soccer/match/watford-vs-brighton/11-08-2018/498483
2018/2019,2018-08-11T17:30:00,Wolverhampton,Everton,https://www.xscores.com/soccer/match/wolverhampton-vs-everton/11-08-2018/498484
2018/2019,2018-08-12T13:30:00,Liverpool,West Ham,https://www.xscores.com/soccer/match/liverpool-vs-west-ham/12-08-2018/498479
2018/2019,2018-08-12T13:30:00,Southampton,Burnley,https://www.xscores.com/soccer/match/southampton-vs-burnley/12-08-2018/498482
2018/2019,2018-08-12T16:00:00,Arsenal,Manchester City,https://www.xscores.com/soccer/match/arsenal-vs-manchester-city/12-08-2018/498475
2018/2019,2018-08-18T12:30:00,Cardiff,Newcastle,https://www.xscores.com/soccer/match/cardiff-vs-newcastle/18-08-2018/498487
2018/2019,2018-08-18T15:00:00,Everton,Southampton,https://www.xscores.com/soccer/match/everton-vs-southampton/18-08-2018/498490
2018/2019,2018-08-18T15:00:00,Leicester,Wolverhampton,https://www.xscores.com/soccer/match/leicester-vs-wolverhampton/18-08-2018/498491
2018/2019,2018-08-18T15:00:00,Tottenham,Fulham,https://www.xscores.com/soccer/match/tottenham-vs-fulham/18-08-2018/498493
2018/2019,2018-08-18T15:00:00,West Ham,Bournemouth,https://www.xscores.com/soccer/match/west-ham-vs-bournemouth/18-08-2018/498494
2018/2019,2018-08-18T17:30:00,Chelsea,Arsenal,https://www.xscores.com/soccer/match/chelsea-vs-arsenal/18-08-2018/498488
2018/2019,2018-08-19T13:30:00,Burnley,Watford,https://www.xscores.com/soccer/match/burnley-vs-watford/19-08-2018/498486
2018/2019,2018-08-19T13:30:00,Manchester City,Huddersfield,https://www.xscores.com/soccer/match/manchester-city-vs-huddersfield/19-08-2018/498492
2018/2019,2018-08-19T16:00:00,Brighton,Manchester United,https://www.xscores.com/soccer/match/brighton-vs-manchester-united/19-08-2018/498485
2018/2019,2018-08-20T20:00:00,Crystal Palace,Liverpool,https://www.xscores.com/soccer/match/crystal-palace-vs-liverpool/20-08-2018/498489
2018/2019,2018-08-25T12:30:00,Wolverhampton,Manchester City,https://www.xscores.com/soccer/match/wolverhampton-vs-manchester-city/25-08-2018/498504
2018/2019,2018-08-25T15:00:00,Arsenal,West Ham,https://www.xscores.com/soccer/match/arsenal-vs-west-ham/25-08-2018/498495
2018/2019,2018-08-25T15:00:00,Bournemouth,Everton,https://www.xscores.com/soccer/match/bournemouth-vs-everton/25-08-2018/498496
2018/2019,2018-08-25T15:00:00,Huddersfield,Cardiff,https://www.xscores.com/soccer/match/huddersfield-vs-cardiff/25-08-2018/498498
2018/2019,2018-08-25T15:00:00,Southampton,Leicester,https://www.xscores.com/soccer/match/southampton-vs-leicester/25-08-2018/498502
2018/2019,2018-08-25T17:30:00,Liverpool,Brighton,https://www.xscores.com/soccer/match/liverpool-vs-brighton/25-08-2018/498499
2018/2019,2018-08-26T13:30:00,Watford,Crystal Palace,https://www.xscores.com/soccer/match/watford-vs-crystal-palace/26-08-2018/498503
2018/2019,2018-08-26T16:00:00,Fulham,Burnley,https://www.xscores.com/soccer/match/fulham-vs-burnley/26-08-2018/498497
2018/2019,2018-08-26T16:00:00,Newcastle,Chelsea,https://www.xscores.com/soccer/match/newcastle-vs-chelsea/26-08-2018/498501
2018/2019,2018-08-27T20:00:00,Manchester United,Tottenham,https://www.xscores.com/soccer/match/manchester-united-vs-tottenham/27-08-2018/498500
2018/2019,2018-09-01T12:30:00,Leicester,Liverpool,https://www.xscores.com/soccer/match/leicester-vs-liverpool/01-09-2018/498511
2018/2019,2018-09-01T15:00:00,Brighton,Fulham,https://www.xscores.com/soccer/match/brighton-vs-fulham/01-09-2018/498505
2018/2019,2018-09-01T15:00:00,Chelsea,Bournemouth,https://www.xscores.com/soccer/match/chelsea-vs-bournemouth/01-09-2018/498508
2018/2019,2018-09-01T15:00:00,Crystal Palace,Southampton,https://www.xscores.com/soccer/match/crystal-palace-vs-southampton/01-09-2018/498509
2018/2019,2018-09-01T15:00:00,Everton,Huddersfield,https://www.xscores.com/soccer/match/everton-vs-huddersfield/01-09-2018/498510
2018/2019,2018-09-01T15:00:00,West Ham,Wolverhampton,https://www.xscores.com/soccer/match/west-ham-vs-wolverhampton/01-09-2018/498514
2018/2019,2018-09-01T17:30:00,Manchester City,Newcastle,https://www.xscores.com/soccer/match/manchester-city-vs-newcastle/01-09-2018/498512
2018/2019,2018-09-02T13:30:00,Cardiff,Arsenal,https://www.xscores.com/soccer/match/cardiff-vs-arsenal/02-09-2018/498507
2018/2019,2018-09-02T16:00:00,Burnley,Manchester United,https://www.xscores.com/soccer/match/burnley-vs-manchester-united/02-09-2018/498506
2018/2019,2018-09-02T16:00:00,Watford,Tottenham,https://www.xscores.com/soccer/match/watford-vs-tottenham/02-09-2018/498513
2018/2019,2018-09-15T12:30:00,Tottenham,Liverpool,https://www.xscores.com/soccer/match/tottenham-vs-liverpool/15-09-2018/498522
2018/2019,2018-09-15T15:00:00,Bournemouth,Leicester,https://www.xscores.com/soccer/match/bournemouth-vs-leicester/15-09-2018/498515
2018/2019,2018-09-15T15:00:00,Chelsea,Cardiff,https://www.xscores.com/soccer/match/chelsea-vs-cardiff/15-09-2018/498516
2018/2019,2018-09-15T15:00:00,Huddersfield,Crystal Palace,https://www.xscores.com/soccer/match/huddersfield-vs-crystal-palace/15-09-2018/498518
2018/2019,2018-09-15T15:00:00,Manchester City,Fulham,https://www.xscores.com/soccer/match/manchester-city-vs-fulham/15-09-2018/498519
2018/2019,2018-09-15T15:00:00,Newcastle,Arsenal,https://www.xscores.com/soccer/match/newcastle-vs-arsenal/15-09-2018/498520
2018/2019,2018-09-15T17:30:00,Watford,Manchester United,https://www.xscores.com/soccer/match/watford-vs-manchester-united/15-09-2018/498523
2018/2019,2018-09-16T13:30:00,Wolverhampton,Burnley,https://www.xscores.com/soccer/match/wolverhampton-vs-burnley/16-09-2018/498524
2018/2019,2018-09-16T16:00:00,Everton,West Ham,https://www.xscores.com/soccer/match/everton-vs-west-ham/16-09-2018/498517
2018/2019,2018-09-17T20:00:00,Southampton,Brighton,https://www.xscores.com/soccer/match/southampton-vs-brighton/17-09-2018/498521
2018/2019,2018-09-22T12:30:00,Fulham,Watford,https://www.xscores.com/soccer/match/fulham-vs-watford/22-09-2018/498530
2018/2019,2018-09-22T15:00:00,Burnley,Bournemouth,https://www.xscores.com/soccer/match/burnley-vs-bournemouth/22-09-2018/498527
2018/2019,2018-09-22T15:00:00,Cardiff,Manchester City,https://www.xscores.com/soccer/match/cardiff-vs-manchester-city/22-09-2018/498528
2018/2019,2018-09-22T15:00:00,Crystal Palace,Newcastle,https://www.xscores.com/soccer/match/crystal-palace-vs-newcastle/22-09-2018/498529
2018/2019,2018-09-22T15:00:00,Leicester,Huddersfield,https://www.xscores.com/soccer/match/leicester-vs-huddersfield/22-09-2018/498531
2018/2019,2018-09-22T15:00:00,Liverpool,Southampton,https://www.xscores.com/soccer/match/liverpool-vs-southampton/22-09-2018/498532
2018/2019,2018-09-22T15:00:00,Manchester United,Wolverhampton,https://www.xscores.com/soccer/match/manchester-united-vs-wolverhampton/22-09-2018/498533
2018/2019,2018-09-22T17:30:00,Brighton,Tottenham,https://www.xscores.com/soccer/match/brighton-vs-tottenham/22-09-2018/498526
2018/2019,2018-09-23T13:30:00,West Ham,Chelsea,https://www.xscores.com/soccer/match/west-ham-vs-chelsea/23-09-2018/498534
2018/2019,2018-09-23T16:00:00,Arsenal,Everton,https://www.xscores.com/soccer/match/arsenal-vs-everton/23-09-2018/498525
2018/2019,2018-09-29T12:30:00,West Ham,Manchester United,https://www.xscores.com/soccer/match/west-ham-vs-manchester-united/29-09-2018/498543
2018/2019,2018-09-29T15:00:00,Arsenal,Watford,https://www.xscores.com/soccer/match/arsenal-vs-watford/29-09-2018/498535
2018/2019,2018-09-29T15:00:00,Everton,Fulham,https://www.xscores.com/soccer/match/everton-vs-fulham/29-09-2018/498539
2018/2019,2018-09-29T15:00:00,Huddersfield,Tottenham,https://www.xscores.com/soccer/match/huddersfield-vs-tottenham/29-09-2018/498540
2018/2019,2018-09-29T15:00:00,Manchester City,Brighton,https://www.xscores.com/soccer/match/manchester-city-vs-brighton/29-09-2018/498541
2018/2019,2018-09-29T15:00:00,Newcastle,Leicester,https://www.xscores.com/soccer/match/newcastle-vs-leicester/29-09-2018/498542
2018/2019,2018-09-29T15:00:00,Wolverhampton,Southampton,https://www.xscores.com/soccer/match/wolverhampton-vs-southampton/29-09-2018/498544
2018/2019,2018-09-29T17:30:00,Chelsea,Liverpool,https://www.xscores.com/soccer/match/chelsea-vs-liverpool/29-09-2018/498538
2018/2019,2018-09-30T16:00:00,Cardiff,Burnley,https://www.xscores.com/soccer/match/cardiff-vs-burnley/30-09-2018/498537
2018/2019,2018-10-01T20:00:00,Bournemouth,Crystal Palace,https://www.xscores.com/soccer/match/bournemouth-vs-crystal-palace/01-10-2018/498536
2018/2019,2018-10-05T20:00:00,Brighton,West Ham,https://www.xscores.com/soccer/match/brighton-vs-west-ham/05-10-2018/498545
2018/2019,2018-10-06T15:00:00,Burnley,Huddersfield,https://www.xscores.com/soccer/match/burnley-vs-huddersfield/06-10-2018/498546
2018/2019,2018-10-06T15:00:00,Crystal Palace,Wolverhampton,https://www.xscores.com/soccer/match/crystal-palace-vs-wolverhampton/06-10-2018/498547
2018/2019,2018-10-06T15:00:00,Leicester,Everton,https://www.xscores.com/soccer/match/leicester-vs-everton/06-10-2018/498549
2018/2019,2018-10-06T15:00:00,Tottenham,Cardiff,https://www.xscores.com/soccer/match/tottenham-vs-cardiff/06-10-2018/498553
2018/2019,2018-10-06T15:00:00,Watford,Bournemouth,https://www.xscores.com/soccer/match/watford-vs-bournemouth/06-10-2018/498554
2018/2019,2018-10-06T17:30:00,Manchester United,Newcastle,https://www.xscores.com/soccer/match/manchester-united-vs-newcastle/06-10-2018/498551
2018/2019,2018-10-07T12:00:00,Fulham,Arsenal,https://www.xscores.com/soccer/match/fulham-vs-arsenal/07-10-2018/498548
2018/2019,2018-10-07T14:15:00,Southampton,Chelsea,https://www.xscores.com/soccer/match/southampton-vs-chelsea/07-10-2018/498552
2018/2019,2018-10-07T16:30:00,Liverpool,Manchester City,https://www.xscores.com/soccer/match/liverpool-vs-manchester-city/07-10-2018/498550
2018/2019,2018-10-20T12:30:00,Chelsea,Manchester United,https://www.xscores.com/soccer/match/chelsea-vs-manchester-united/20-10-2018/498558
2018/2019,2018-10-20T15:00:00,Bournemouth,Southampton,https://www.xscores.com/soccer/match/bournemouth-vs-southampton/20-10-2018/498556
2018/2019,2018-10-20T15:00:00,Cardiff,Fulham,https://www.xscores.com/soccer/match/cardiff-vs-fulham/20-10-2018/498557
2018/2019,2018-10-20T15:00:00,Manchester City,Burnley,https://www.xscores.com/soccer/match/manchester-city-vs-burnley/20-10-2018/498561
2018/2019,2018-10-20T15:00:00,Newcastle,Brighton,https://www.xscores.com/soccer/match/newcastle-vs-brighton/20-10-2018/498562
2018/2019,2018-10-20T15:00:00,West Ham,Tottenham,https://www.xscores.com/soccer/match/west-ham-vs-tottenham/20-10-2018/498563
2018/2019,2018-10-20T15:00:00,Wolverhampton,Watford,https://www.xscores.com/soccer/match/wolverhampton-vs-watford/20-10-2018/498564
2018/2019,2018-10-20T17:30:00,Huddersfield,Liverpool,https://www.xscores.com/soccer/match/huddersfield-vs-liverpool/20-10-2018/498560
2018/2019,2018-10-21T16:00:00,Everton,Crystal Palace,https://www.xscores.com/soccer/match/everton-vs-crystal-palace/21-10-2018/498559
2018/2019,2018-10-22T20:00:00,Arsenal,Leicester,https://www.xscores.com/soccer/match/arsenal-vs-leicester/22-10-2018/498555
2018/2019,2018-10-27T15:00:00,Brighton,Wolverhampton,https://www.xscores.com/soccer/match/brighton-vs-wolverhampton/27-10-2018/498565
2018/2019,2018-10-27T15:00:00,Fulham,Bournemouth,https://www.xscores.com/soccer/match/fulham-vs-bournemouth/27-10-2018/498568
2018/2019,2018-10-27T15:00:00,Liverpool,Cardiff,https://www.xscores.com/soccer/match/liverpool-vs-cardiff/27-10-2018/498570
2018/2019,2018-10-27T15:00:00,Southampton,Newcastle,https://www.xscores.com/soccer/match/southampton-vs-newcastle/27-10-2018/498572
2018/2019,2018-10-27T15:00:00,Watford,Huddersfield,https://www.xscores.com/soccer/match/watford-vs-huddersfield/27-10-2018/498574
2018/2019,2018-10-27T17:30:00,Leicester,West Ham,https://www.xscores.com/soccer/match/leicester-vs-west-ham/27-10-2018/498569
2018/2019,2018-10-28T13:30:00,Burnley,Chelsea,https://www.xscores.com/soccer/match/burnley-vs-chelsea/28-10-2018/498566
2018/2019,2018-10-28T13:30:00,Crystal Palace,Arsenal,https://www.xscores.com/soccer/match/crystal-palace-vs-arsenal/28-10-2018/498567
2018/2019,2018-10-28T16:00:00,Manchester United,Everton,https://www.xscores.com/soccer/match/manchester-united-vs-everton/28-10-2018/498571
2018/2019,2018-10-29T20:00:00,Tottenham,Manchester City,https://www.xscores.com/soccer/match/tottenham-vs-manchester-city/29-10-2018/498573
2018/2019,2018-11-03T12:30:00,Bournemouth,Manchester United,https://www.xscores.com/soccer/match/bournemouth-vs-manchester-united/03-11-2018/498576
2018/2019,2018-11-03T15:00:00,Cardiff,Leicester,https://www.xscores.com/soccer/match/cardiff-vs-leicester/03-11-2018/498577
2018/2019,2018-11-03T15:00:00,Everton,Brighton,https://www.xscores.com/soccer/match/everton-vs-brighton/03-11-2018/498579
2018/2019,2018-11-03T15:00:00,Newcastle,Watford,https://www.xscores.com/soccer/match/newcastle-vs-watford/03-11-2018/498582
2018/2019,2018-11-03T15:00:00,West Ham,Burnley,https://www.xscores.com/soccer/match/west-ham-vs-burnley/03-11-2018/498583
2018/2019,2018-11-03T17:30:00,Arsenal,Liverpool,https://www.xscores.com/soccer/match/arsenal-vs-liverpool/03-11-2018/498575
2018/2019,2018-11-03T19:45:00,Wolverhampton,Tottenham,https://www.xscores.com/soccer/match/wolverhampton-vs-tottenham/03-11-2018/498584
2018/2019,2018-11-04T15:00:00,Manchester City,Southampton,https://www.xscores.com/soccer/match/manchester-city-vs-southampton/04-11-2018/498581
2018/2019,2018-11-04T16:00:00,Chelsea,Crystal Palace,https://www.xscores.com/soccer/match/chelsea-vs-crystal-palace/04-11-2018/498578
2018/2019,2018-11-05T20:00:00,Huddersfield,Fulham,https://www.xscores.com/soccer/match/huddersfield-vs-fulham/05-11-2018/498580
2018/2019,2018-11-10T12:30:00,Cardiff,Brighton,https://www.xscores.com/soccer/match/cardiff-vs-brighton/10-11-2018/498586
2018/2019,2018-11-10T15:00:00,Huddersfield,West Ham,https://www.xscores.com/soccer/match/huddersfield-vs-west-ham/10-11-2018/498589
2018/2019,2018-11-10T15:00:00,Leicester,Burnley,https://www.xscores.com/soccer/match/leicester-vs-burnley/10-11-2018/498590
2018/2019,2018-11-10T15:00:00,Newcastle,Bournemouth,https://www.xscores.com/soccer/match/newcastle-vs-bournemouth/10-11-2018/498593
2018/2019,2018-11-10T15:00:00,Southampton,Watford,https://www.xscores.com/soccer/match/southampton-vs-watford/10-11-2018/498594
2018/2019,2018-11-10T17:30:00,Crystal Palace,Tottenham,https://www.xscores.com/soccer/match/crystal-palace-vs-tottenham/10-11-2018/498588
2018/2019,2018-11-11T12:00:00,Liverpool,Fulham,https://www.xscores.com/soccer/match/liverpool-vs-fulham/11-11-2018/498591
2018/2019,2018-11-11T14:15:00,Chelsea,Everton,https://www.xscores.com/soccer/match/chelsea-vs-everton/11-11-2018/498587
2018/2019,2018-11-11T16:30:00,Arsenal,Wolverhampton,https://www.xscores.com/soccer/match/arsenal-vs-wolverhampton/11-11-2018/498585
2018/2019,2018-11-11T16:30:00,Manchester City,Manchester United,https://www.xscores.com/soccer/match/manchester-city-vs-manchester-united/11-11-2018/498592
2018/2019,2018-11-24T15:00:00,Brighton,Leicester,https://www.xscores.com/soccer/match/brighton-vs-leicester/24-11-2018/498596
2018/2019,2018-11-24T15:00:00,Everton,Cardiff,https://www.xscores.com/soccer/match/everton-vs-cardiff/24-11-2018/498598
2018/2019,2018-11-24T15:00:00,Fulham,Southampton,https://www.xscores.com/soccer/match/fulham-vs-southampton/24-11-2018/498599
2018/2019,2018-11-24T15:00:00,Manchester United,Crystal Palace,https://www.xscores.com/soccer/match/manchester-united-vs-crystal-palace/24-11-2018/498600
2018/2019,2018-11-24T15:00:00,Watford,Liverpool,https://www.xscores.com/soccer/match/watford-vs-liverpool/24-11-2018/498602
2018/2019,2018-11-24T15:00:00,West Ham,Manchester City,https://www.xscores.com/soccer/match/west-ham-vs-manchester-city/24-11-2018/498603
2018/2019,2018-11-24T17:30:00,Tottenham,Chelsea,https://www.xscores.com/soccer/match/tottenham-vs-chelsea/24-11-2018/498601
2018/2019,2018-11-25T13:30:00,Bournemouth,Arsenal,https://www.xscores.com/soccer/match/bournemouth-vs-arsenal/25-11-2018/498595
2018/2019,2018-11-25T16:00:00,Wolverhampton,Huddersfield,https://www.xscores.com/soccer/match/wolverhampton-vs-huddersfield/25-11-2018/498604
2018/2019,2018-11-26T20:30:00,Burnley,Newcastle,https://www.xscores.com/soccer/match/burnley-vs-newcastle/26-11-2018/498597
2018/2019,2018-11-30T20:00:00,Cardiff,Wolverhampton,https://www.xscores.com/soccer/match/cardiff-vs-wolverhampton/30-11-2018/498606
2018/2019,2018-12-01T15:00:00,Crystal Palace,Burnley,https://www.xscores.com/soccer/match/crystal-palace-vs-burnley/01-12-2018/498608
2018/2019,2018-12-01T15:00:00,Huddersfield,Brighton,https://www.xscores.com/soccer/match/huddersfield-vs-brighton/01-12-2018/498609
2018/2019,2018-12-01T15:00:00,Leicester,Watford,https://www.xscores.com/soccer/match/leicester-vs-watford/01-12-2018/498610
2018/2019,2018-12-01T15:00:00,Manchester City,Bournemouth,https://www.xscores.com/soccer/match/manchester-city-vs-bournemouth/01-12-2018/498612
2018/2019,2018-12-01T15:00:00,Newcastle,West Ham,https://www.xscores.com/soccer/match/newcastle-vs-west-ham/01-12-2018/498613
2018/2019,2018-12-01T17:30:00,Southampton,Manchester United,https://www.xscores.com/soccer/match/southampton-vs-manchester-united/01-12-2018/498614
2018/2019,2018-12-02T12:00:00,Chelsea,Fulham,https://www.xscores.com/soccer/match/chelsea-vs-fulham/02-12-2018/498607
2018/2019,2018-12-02T14:05:00,Arsenal,Tottenham,https://www.xscores.com/soccer/match/arsenal-vs-tottenham/02-12-2018/498605
2018/2019,2018-12-02T16:15:00,Liverpool,Everton,https://www.xscores.com/soccer/match/liverpool-vs-everton/02-12-2018/498611
2018/2019,2018-12-04T19:45:00,Bournemouth,Huddersfield,https://www.xscores.com/soccer/match/bournemouth-vs-huddersfield/04-12-2018/498615
2018/2019,2018-12-04T19:45:00,Brighton,Crystal Palace,https://www.xscores.com/soccer/match/brighton-vs-crystal-palace/04-12-2018/498616
2018/2019,2018-12-04T19:45:00,West Ham,Cardiff,https://www.xscores.com/soccer/match/west-ham-vs-cardiff/04-12-2018/498620
2018/2019,2018-12-04T20:00:00,Watford,Manchester City,https://www.xscores.com/soccer/match/watford-vs-manchester-city/04-12-2018/498619
2018/2019,2018-12-05T19:45:00,Burnley,Liverpool,https://www.xscores.com/soccer/match/burnley-vs-liverpool/05-12-2018/498617
2018/2019,2018-12-05T19:45:00,Everton,Newcastle,https://www.xscores.com/soccer/match/everton-vs-newcastle/05-12-2018/498623
2018/2019,2018-12-05T19:45:00,Fulham,Leicester,https://www.xscores.com/soccer/match/fulham-vs-leicester/05-12-2018/498618
2018/2019,2018-12-05T19:45:00,Wolverhampton,Chelsea,https://www.xscores.com/soccer/match/wolverhampton-vs-chelsea/05-12-2018/498621
2018/2019,2018-12-05T20:00:00,Manchester United,Arsenal,https://www.xscores.com/soccer/match/manchester-united-vs-arsenal/05-12-2018/498622
2018/2019,2018-12-05T20:00:00,Tottenham,Southampton,https://www.xscores.com/soccer/match/tottenham-vs-southampton/05-12-2018/498624
2018/2019,2018-12-08T12:30:00,Bournemouth,Liverpool,https://www.xscores.com/soccer/match/bournemouth-vs-liverpool/08-12-2018/498626
2018/2019,2018-12-08T15:00:00,Arsenal,Huddersfield,https://www.xscores.com/soccer/match/arsenal-vs-huddersfield/08-12-2018/498625
2018/2019,2018-12-08T15:00:00,Burnley,Brighton,https://www.xscores.com/soccer/match/burnley-vs-brighton/08-12-2018/498627
2018/2019,2018-12-08T15:00:00,Cardiff,Southampton,https://www.xscores.com/soccer/match/cardiff-vs-southampton/08-12-2018/498628
2018/2019,2018-12-08T15:00:00,Manchester United,Fulham,https://www.xscores.com/soccer/match/manchester-united-vs-fulham/08-12-2018/498632
2018/2019,2018-12-08T15:00:00,West Ham,Crystal Palace,https://www.xscores.com/soccer/match/west-ham-vs-crystal-palace/08-12-2018/498634
2018/2019,2018-12-08T17:30:00,Chelsea,Manchester City,https://www.xscores.com/soccer/match/chelsea-vs-manchester-city/08-12-2018/498629
2018/2019,2018-12-08T19:45:00,Leicester,Tottenham,https://www.xscores.com/soccer/match/leicester-vs-tottenham/08-12-2018/498631
2018/2019,2018-12-09T16:00:00,Newcastle,Wolverhampton,https://www.xscores.com/soccer/match/newcastle-vs-wolverhampton/09-12-2018/498633
2018/2019,2018-12-10T20:00:00,Everton,Watford,https://www.xscores.com/soccer/match/everton-vs-watford/10-12-2018/498630
2018/2019,2018-12-15T12:30:00,Manchester City,Everton,https://www.xscores.com/soccer/match/manchester-city-vs-everton/15-12-2018/498640
2018/2019,2018-12-15T15:00:00,Crystal Palace,Leicester,https://www.xscores.com/soccer/match/crystal-palace-vs-leicester/15-12-2018/498636
2018/2019,2018-12-15T15:00:00,Huddersfield,Newcastle,https://www.xscores.com/soccer/match/huddersfield-vs-newcastle/15-12-2018/498638
2018/2019,2018-12-15T15:00:00,Tottenham,Burnley,https://www.xscores.com/soccer/match/tottenham-vs-burnley/15-12-2018/498642
2018/2019,2018-12-15T15:00:00,Watford,Cardiff,https://www.xscores.com/soccer/match/watford-vs-cardiff/15-12-2018/498643
2018/2019,2018-12-15T15:00:00,Wolverhampton,Bournemouth,https://www.xscores.com/soccer/match/wolverhampton-vs-bournemouth/15-12-2018/498644
2018/2019,2018-12-15T17:30:00,Fulham,West Ham,https://www.xscores.com/soccer/match/fulham-vs-west-ham/15-12-2018/498637
2018/2019,2018-12-16T13:30:00,Brighton,Chelsea,https://www.xscores.com/soccer/match/brighton-vs-chelsea/16-12-2018/498635
2018/2019,2018-12-16T13:30:00,Southampton,Arsenal,https://www.xscores.com/soccer/match/southampton-vs-arsenal/16-12-2018/498641
2018/2019,2018-12-16T16:00:00,Liverpool,Manchester United,https://www.xscores.com/soccer/match/liverpool-vs-manchester-united/16-12-2018/498639
2018/2019,2018-12-21T20:00:00,Wolverhampton,Liverpool,https://www.xscores.com/soccer/match/wolverhampton-vs-liverpool/21-12-2018/498654
2018/2019,2018-12-22T12:30:00,Arsenal,Burnley,https://www.xscores.com/soccer/match/arsenal-vs-burnley/22-12-2018/498645
2018/2019,2018-12-22T15:00:00,Bournemouth,Brighton,https://www.xscores.com/soccer/match/bournemouth-vs-brighton/22-12-2018/498646
2018/2019,2018-12-22T15:00:00,Chelsea,Leicester,https://www.xscores.com/soccer/match/chelsea-vs-leicester/22-12-2018/498648
2018/2019,2018-12-22T15:00:00,Huddersfield,Southampton,https://www.xscores.com/soccer/match/huddersfield-vs-southampton/22-12-2018/498650
2018/2019,2018-12-22T15:00:00,Manchester City,Crystal Palace,https://www.xscores.com/soccer/match/manchester-city-vs-crystal-palace/22-12-2018/498651
2018/2019,2018-12-22T15:00:00,Newcastle,Fulham,https://www.xscores.com/soccer/match/newcastle-vs-fulham/22-12-2018/498652
2018/2019,2018-12-22T15:00:00,West Ham,Watford,https://www.xscores.com/soccer/match/west-ham-vs-watford/22-12-2018/498653
2018/2019,2018-12-22T17:30:00,Cardiff,Manchester United,https://www.xscores.com/soccer/match/cardiff-vs-manchester-united/22-12-2018/498647
2018/2019,2018-12-23T16:00:00,Everton,Tottenham,https://www.xscores.com/soccer/match/everton-vs-tottenham/23-12-2018/498649
2018/2019,2018-12-26T12:30:00,Fulham,Wolverhampton,https://www.xscores.com/soccer/match/fulham-vs-wolverhampton/26-12-2018/498658
2018/2019,2018-12-26T15:00:00,Burnley,Everton,https://www.xscores.com/soccer/match/burnley-vs-everton/26-12-2018/498656
2018/2019,2018-12-26T15:00:00,Crystal Palace,Cardiff,https://www.xscores.com/soccer/match/crystal-palace-vs-cardiff/26-12-2018/498657
2018/2019,2018-12-26T15:00:00,Leicester,Manchester City,https://www.xscores.com/soccer/match/leicester-vs-manchester-city/26-12-2018/498659
2018/2019,2018-12-26T15:00:00,Liverpool,Newcastle,https://www.xscores.com/soccer/match/liverpool-vs-newcastle/26-12-2018/498660
2018/2019,2018-12-26T15:00:00,Manchester United,Huddersfield,https://www.xscores.com/soccer/match/manchester-united-vs-huddersfield/26-12-2018/498661
2018/2019,2018-12-26T15:00:00,Tottenham,Bournemouth,https://www.xscores.com/soccer/match/tottenham-vs-bournemouth/26-12-2018/498663
2018/2019,2018-12-26T17:15:00,Brighton,Arsenal,https://www.xscores.com/soccer/match/brighton-vs-arsenal/26-12-2018/498655
2018/2019,2018-12-26T19:30:00,Watford,Chelsea,https://www.xscores.com/soccer/match/watford-vs-chelsea/26-12-2018/498664
2018/2019,2018-12-27T19:45:00,Southampton,West Ham,https://www.xscores.com/soccer/match/southampton-vs-west-ham/27-12-2018/498662
2018/2019,2018-12-29T15:00:00,Brighton,Everton,https://www.xscores.com/soccer/match/brighton-vs-everton/29-12-2018/498665
2018/2019,2018-12-29T15:00:00,Fulham,Huddersfield,https://www.xscores.com/soccer/match/fulham-vs-huddersfield/29-12-2018/498668
2018/2019,2018-12-29T15:00:00,Leicester,Cardiff,https://www.xscores.com/soccer/match/leicester-vs-cardiff/29-12-2018/498669
2018/2019,2018-12-29T15:00:00,Tottenham,Wolverhampton,https://www.xscores.com/soccer/match/tottenham-vs-wolverhampton/29-12-2018/498673
2018/2019,2018-12-29T15:00:00,Watford,Newcastle,https://www.xscores.com/soccer/match/watford-vs-newcastle/29-12-2018/498674
2018/2019,2018-12-29T17:30:00,Liverpool,Arsenal,https://www.xscores.com/soccer/match/liverpool-vs-arsenal/29-12-2018/498670
2018/2019,2018-12-30T12:00:00,Crystal Palace,Chelsea,https://www.xscores.com/soccer/match/crystal-palace-vs-chelsea/30-12-2018/498667
2018/2019,2018-12-30T14:15:00,Burnley,West Ham,https://www.xscores.com/soccer/match/burnley-vs-west-ham/30-12-2018/498666
2018/2019,2018-12-30T14:15:00,Southampton,Manchester City,https://www.xscores.com/soccer/match/southampton-vs-manchester-city/30-12-2018/498672
2018/2019,2018-12-30T16:30:00,Manchester United,Bournemouth,https://www.xscores.com/soccer/match/manchester-united-vs-bournemouth/30-12-2018/498671
2018/2019,2019-01-01T12:30:00,Everton,Leicester,https://www.xscores.com/soccer/match/everton-vs-leicester/01-01-2019/498679
2018/2019,2019-01-01T15:00:00,Arsenal,Fulham,https://www.xscores.com/soccer/match/arsenal-vs-fulham/01-01-2019/498675
2018/2019,2019-01-01T17:30:00,Cardiff,Tottenham,https://www.xscores.com/soccer/match/cardiff-vs-tottenham/01-01-2019/498677
2018/2019,2019-01-02T19:45:00,Chelsea,Southampton,https://www.xscores.com/soccer/match/chelsea-vs-southampton/02-01-2019/498678
2018/2019,2019-01-02T19:45:00,Huddersfield,Burnley,https://www.xscores.com/soccer/match/huddersfield-vs-burnley/02-01-2019/498680
2018/2019,2019-01-02T19:45:00,West Ham,Brighton,https://www.xscores.com/soccer/match/west-ham-vs-brighton/02-01-2019/498683
2018/2019,2019-01-02T19:45:00,Wolverhampton,Crystal Palace,https://www.xscores.com/soccer/match/wolverhampton-vs-crystal-palace/02-01-2019/498684
2018/2019,2019-01-02T20:00:00,Bournemouth,Watford,https://www.xscores.com/soccer/match/bournemouth-vs-watford/02-01-2019/498676
2018/2019,2019-01-02T20:00:00,Newcastle,Manchester United,https://www.xscores.com/soccer/match/newcastle-vs-manchester-united/02-01-2019/498682
2018/2019,2019-01-03T20:00:00,Manchester City,Liverpool,https://www.xscores.com/soccer/match/manchester-city-vs-liverpool/03-01-2019/498681
2018/2019,2019-01-12T12:30:00,West Ham,Arsenal,https://www.xscores.com/soccer/match/west-ham-vs-arsenal/12-01-2019/498694
2018/2019,2019-01-12T15:00:00,Brighton,Liverpool,https://www.xscores.com/soccer/match/brighton-vs-liverpool/12-01-2019/498685
2018/2019,2019-01-12T15:00:00,Burnley,Fulham,https://www.xscores.com/soccer/match/burnley-vs-fulham/12-01-2019/498686
2018/2019,2019-01-12T15:00:00,Cardiff,Huddersfield,https://www.xscores.com/soccer/match/cardiff-vs-huddersfield/12-01-2019/498687
2018/2019,2019-01-12T15:00:00,Crystal Palace,Watford,https://www.xscores.com/soccer/match/crystal-palace-vs-watford/12-01-2019/498689
2018/2019,2019-01-12T15:00:00,Leicester,Southampton,https://www.xscores.com/soccer/match/leicester-vs-southampton/12-01-2019/498691
2018/2019,2019-01-12T17:30:00,Chelsea,Newcastle,https://www.xscores.com/soccer/match/chelsea-vs-newcastle/12-01-2019/498688
2018/2019,2019-01-13T14:15:00,Everton,Bournemouth,https://www.xscores.com/soccer/match/everton-vs-bournemouth/13-01-2019/498690
2018/2019,2019-01-13T16:30:00,Tottenham,Manchester United,https://www.xscores.com/soccer/match/tottenham-vs-manchester-united/13-01-2019/498693
2018/2019,2019-01-14T20:00:00,Manchester City,Wolverhampton,https://www.xscores.com/soccer/match/manchester-city-vs-wolverhampton/14-01-2019/498692
2018/2019,2019-01-19T12:30:00,Wolverhampton,Leicester,https://www.xscores.com/soccer/match/wolverhampton-vs-leicester/19-01-2019/498704
2018/2019,2019-01-19T15:00:00,Bournemouth,West Ham,https://www.xscores.com/soccer/match/bournemouth-vs-west-ham/19-01-2019/498696
2018/2019,2019-01-19T15:00:00,Liverpool,Crystal Palace,https://www.xscores.com/soccer/match/liverpool-vs-crystal-palace/19-01-2019/498699
2018/2019,2019-01-19T15:00:00,Manchester United,Brighton,https://www.xscores.com/soccer/match/manchester-united-vs-brighton/19-01-2019/498700
2018/2019,2019-01-19T15:00:00,Newcastle,Cardiff,https://www.xscores.com/soccer/match/newcastle-vs-cardiff/19-01-2019/498701
2018/2019,2019-01-19T15:00:00,Southampton,Everton,https://www.xscores.com/soccer/match/southampton-vs-everton/19-01-2019/498702
2018/2019,2019-01-19T15:00:00,Watford,Burnley,https://www.xscores.com/soccer/match/watford-vs-burnley/19-01-2019/498703
2018/2019,2019-01-19T17:30:00,Arsenal,Chelsea,https://www.xscores.com/soccer/match/arsenal-vs-chelsea/19-01-2019/498695
2018/2019,2019-01-20T13:30:00,Huddersfield,Manchester City,https://www.xscores.com/soccer/match/huddersfield-vs-manchester-city/20-01-2019/498698
2018/2019,2019-01-20T16:00:00,Fulham,Tottenham,https://www.xscores.com/soccer/match/fulham-vs-tottenham/20-01-2019/498697
2018/2019,2019-01-29T19:45:00,Arsenal,Cardiff,https://www.xscores.com/soccer/match/arsenal-vs-cardiff/29-01-2019/498706
2018/2019,2019-01-29T19:45:00,Fulham,Brighton,https://www.xscores.com/soccer/match/fulham-vs-brighton/29-01-2019/498710
2018/2019,2019-01-29T19:45:00,Huddersfield,Everton,https://www.xscores.com/soccer/match/huddersfield-vs-everton/29-01-2019/498712
2018/2019,2019-01-29T19:45:00,Wolverhampton,West Ham,https://www.xscores.com/soccer/match/wolverhampton-vs-west-ham/29-01-2019/498713
2018/2019,2019-01-29T20:00:00,Manchester United,Burnley,https://www.xscores.com/soccer/match/manchester-united-vs-burnley/29-01-2019/498715
2018/2019,2019-01-29T20:00:00,Newcastle,Manchester City,https://www.xscores.com/soccer/match/newcastle-vs-manchester-city/29-01-2019/498716
2018/2019,2019-01-30T19:45:00,Bournemouth,Chelsea,https://www.xscores.com/soccer/match/bournemouth-vs-chelsea/30-01-2019/498709
2018/2019,2019-01-30T19:45:00,Southampton,Crystal Palace,https://www.xscores.com/soccer/match/southampton-vs-crystal-palace/30-01-2019/498717
2018/2019,2019-01-30T20:00:00,Liverpool,Leicester,https://www.xscores.com/soccer/match/liverpool-vs-leicester/30-01-2019/498719
2018/2019,2019-01-30T20:00:00,Tottenham,Watford,https://www.xscores.com/soccer/match/tottenham-vs-watford/30-01-2019/498721
2018/2019,2019-02-02T12:30:00,Tottenham,Newcastle,https://www.xscores.com/soccer/match/tottenham-vs-newcastle/02-02-2019/498731
2018/2019,2019-02-02T15:00:00,Brighton,Watford,https://www.xscores.com/soccer/match/brighton-vs-watford/02-02-2019/498723
2018/2019,2019-02-02T15:00:00,Burnley,Southampton,https://www.xscores.com/soccer/match/burnley-vs-southampton/02-02-2019/498724
2018/2019,2019-02-02T15:00:00,Chelsea,Huddersfield,https://www.xscores.com/soccer/match/chelsea-vs-huddersfield/02-02-2019/498726
2018/2019,2019-02-02T15:00:00,Crystal Palace,Fulham,https://www.xscores.com/soccer/match/crystal-palace-vs-fulham/02-02-2019/498727
2018/2019,2019-02-02T15:00:00,Everton,Wolverhampton,https://www.xscores.com/soccer/match/everton-vs-wolverhampton/02-02-2019/498728
2018/2019,2019-02-02T17:30:00,Cardiff,Bournemouth,https://www.xscores.com/soccer/match/cardiff-vs-bournemouth/02-02-2019/498725
2018/2019,2019-02-03T14:05:00,Leicester,Manchester United,https://www.xscores.com/soccer/match/leicester-vs-manchester-united/03-02-2019/498729
2018/2019,2019-02-03T16:30:00,Manchester City,Arsenal,https://www.xscores.com/soccer/match/manchester-city-vs-arsenal/03-02-2019/498730
2018/2019,2019-02-04T20:00:00,West Ham,Liverpool,https://www.xscores.com/soccer/match/west-ham-vs-liverpool/04-02-2019/498732
2018/2019,2019-02-09T12:30:00,Fulham,Manchester United,https://www.xscores.com/soccer/match/fulham-vs-manchester-united/09-02-2019/498736
2018/2019,2019-02-09T15:00:00,Crystal Palace,West Ham,https://www.xscores.com/soccer/match/crystal-palace-vs-west-ham/09-02-2019/498734
2018/2019,2019-02-09T15:00:00,Huddersfield,Arsenal,https://www.xscores.com/soccer/match/huddersfield-vs-arsenal/09-02-2019/498737
2018/2019,2019-02-09T15:00:00,Liverpool,Bournemouth,https://www.xscores.com/soccer/match/liverpool-vs-bournemouth/09-02-2019/498739
2018/2019,2019-02-09T15:00:00,Southampton,Cardiff,https://www.xscores.com/soccer/match/southampton-vs-cardiff/09-02-2019/498743
2018/2019,2019-02-09T15:00:00,Watford,Everton,https://www.xscores.com/soccer/match/watford-vs-everton/09-02-2019/498746
2018/2019,2019-02-09T17:30:00,Brighton,Burnley,https://www.xscores.com/soccer/match/brighton-vs-burnley/09-02-2019/498733
2018/2019,2019-02-10T13:30:00,Tottenham,Leicester,https://www.xscores.com/soccer/match/tottenham-vs-leicester/10-02-2019/498745
2018/2019,2019-02-10T16:00:00,Manchester City,Chelsea,https://www.xscores.com/soccer/match/manchester-city-vs-chelsea/10-02-2019/498741
2018/2019,2019-02-11T20:00:00,Wolverhampton,Newcastle,https://www.xscores.com/soccer/match/wolverhampton-vs-newcastle/11-02-2019/498748
2018/2019,2019-02-06T19:45:00,Everton,Manchester City,https://www.xscores.com/soccer/match/everton-vs-manchester-city/06-02-2019/498760
2018/2019,2019-02-22T19:45:00,Cardiff,Watford,https://www.xscores.com/soccer/match/cardiff-vs-watford/22-02-2019/498756
2018/2019,2019-02-22T19:45:00,West Ham,Fulham,https://www.xscores.com/soccer/match/west-ham-vs-fulham/22-02-2019/498767
2018/2019,2019-02-23T12:30:00,Burnley,Tottenham,https://www.xscores.com/soccer/match/burnley-vs-tottenham/23-02-2019/498755
2018/2019,2019-02-23T15:00:00,Bournemouth,Wolverhampton,https://www.xscores.com/soccer/match/bournemouth-vs-wolverhampton/23-02-2019/498753
2018/2019,2019-02-23T15:00:00,Newcastle,Huddersfield,https://www.xscores.com/soccer/match/newcastle-vs-huddersfield/23-02-2019/498766
2018/2019,2019-02-23T17:30:00,Leicester,Crystal Palace,https://www.xscores.com/soccer/match/leicester-vs-crystal-palace/23-02-2019/498763
2018/2019,2019-02-24T14:05:00,Arsenal,Southampton,https://www.xscores.com/soccer/match/arsenal-vs-southampton/24-02-2019/498752
2018/2019,2019-02-24T14:05:00,Manchester United,Liverpool,https://www.xscores.com/soccer/match/manchester-united-vs-liverpool/24-02-2019/498764
2018/2019,2019-04-03T19:45:00,Chelsea,Brighton,https://www.xscores.com/soccer/match/chelsea-vs-brighton/03-04-2019/498758
2018/2019,2019-02-26T19:45:00,Cardiff,Everton,https://www.xscores.com/soccer/match/cardiff-vs-everton/26-02-2019/498772
2018/2019,2019-02-26T19:45:00,Huddersfield,Wolverhampton,https://www.xscores.com/soccer/match/huddersfield-vs-wolverhampton/26-02-2019/498773
2018/2019,2019-02-26T19:45:00,Leicester,Brighton,https://www.xscores.com/soccer/match/leicester-vs-brighton/26-02-2019/498774
2018/2019,2019-02-26T20:00:00,Newcastle,Burnley,https://www.xscores.com/soccer/match/newcastle-vs-burnley/26-02-2019/498777
2018/2019,2019-02-27T19:45:00,Arsenal,Bournemouth,https://www.xscores.com/soccer/match/arsenal-vs-bournemouth/27-02-2019/498770
2018/2019,2019-02-27T19:45:00,Southampton,Fulham,https://www.xscores.com/soccer/match/southampton-vs-fulham/27-02-2019/498778
2018/2019,2019-02-27T20:00:00,Chelsea,Tottenham,https://www.xscores.com/soccer/match/chelsea-vs-tottenham/27-02-2019/498776
2018/2019,2019-02-27T20:00:00,Crystal Palace,Manchester United,https://www.xscores.com/soccer/match/crystal-palace-vs-manchester-united/27-02-2019/498775
2018/2019,2019-02-27T20:00:00,Liverpool,Watford,https://www.xscores.com/soccer/match/liverpool-vs-watford/27-02-2019/498779
2018/2019,2019-02-27T20:00:00,Manchester City,West Ham,https://www.xscores.com/soccer/match/manchester-city-vs-west-ham/27-02-2019/498780
2018/2019,2019-03-02T12:30:00,Tottenham,Arsenal,https://www.xscores.com/soccer/match/tottenham-vs-arsenal/02-03-2019/498800
2018/2019,2019-03-02T15:00:00,Bournemouth,Manchester City,https://www.xscores.com/soccer/match/bournemouth-vs-manchester-city/02-03-2019/498788
2018/2019,2019-03-02T15:00:00,Brighton,Huddersfield,https://www.xscores.com/soccer/match/brighton-vs-huddersfield/02-03-2019/498789
2018/2019,2019-03-02T15:00:00,Burnley,Crystal Palace,https://www.xscores.com/soccer/match/burnley-vs-crystal-palace/02-03-2019/498790
2018/2019,2019-03-02T15:00:00,Manchester United,Southampton,https://www.xscores.com/soccer/match/manchester-united-vs-southampton/02-03-2019/498797
2018/2019,2019-03-02T15:00:00,Wolverhampton,Cardiff,https://www.xscores.com/soccer/match/wolverhampton-vs-cardiff/02-03-2019/498806
2018/2019,2019-03-02T17:30:00,West Ham,Newcastle,https://www.xscores.com/soccer/match/west-ham-vs-newcastle/02-03-2019/498803
2018/2019,2019-03-03T12:00:00,Watford,Leicester,https://www.xscores.com/soccer/match/watford-vs-leicester/03-03-2019/498801
2018/2019,2019-03-03T14:05:00,Fulham,Chelsea,https://www.xscores.com/soccer/match/fulham-vs-chelsea/03-03-2019/498795
2018/2019,2019-03-03T16:15:00,Everton,Liverpool,https://www.xscores.com/soccer/match/everton-vs-liverpool/03-03-2019/498793
2018/2019,2019-03-09T12:30:00,Crystal Palace,Brighton,https://www.xscores.com/soccer/match/crystal-palace-vs-brighton/09-03-2019/498836
2018/2019,2019-03-09T15:00:00,Cardiff,West Ham,https://www.xscores.com/soccer/match/cardiff-vs-west-ham/09-03-2019/498833
2018/2019,2019-03-09T15:00:00,Huddersfield,Bournemouth,https://www.xscores.com/soccer/match/huddersfield-vs-bournemouth/09-03-2019/498837
2018/2019,2019-03-09T15:00:00,Leicester,Fulham,https://www.xscores.com/soccer/match/leicester-vs-fulham/09-03-2019/498838
2018/2019,2019-03-09T15:00:00,Newcastle,Everton,https://www.xscores.com/soccer/match/newcastle-vs-everton/09-03-2019/498842
2018/2019,2019-03-09T15:00:00,Southampton,Tottenham,https://www.xscores.com/soccer/match/southampton-vs-tottenham/09-03-2019/498844
2018/2019,2019-03-09T17:30:00,Manchester City,Watford,https://www.xscores.com/soccer/match/manchester-city-vs-watford/09-03-2019/498841
2018/2019,2019-03-10T12:00:00,Liverpool,Burnley,https://www.xscores.com/soccer/match/liverpool-vs-burnley/10-03-2019/498839
2018/2019,2019-03-10T14:05:00,Chelsea,Wolverhampton,https://www.xscores.com/soccer/match/chelsea-vs-wolverhampton/10-03-2019/498834
2018/2019,2019-03-10T16:30:00,Arsenal,Manchester United,https://www.xscores.com/soccer/match/arsenal-vs-manchester-united/10-03-2019/498831
2018/2019,2019-03-16T15:00:00,Bournemouth,Newcastle,https://www.xscores.com/soccer/match/bournemouth-vs-newcastle/16-03-2019/498847
2018/2019,2019-03-16T15:00:00,Burnley,Leicester,https://www.xscores.com/soccer/match/burnley-vs-leicester/16-03-2019/498849
2018/2019,2019-03-16T15:00:00,West Ham,Huddersfield,https://www.xscores.com/soccer/match/west-ham-vs-huddersfield/16-03-2019/498856
2018/2019,2019-03-17T14:15:00,Fulham,Liverpool,https://www.xscores.com/soccer/match/fulham-vs-liverpool/17-03-2019/498851
2018/2019,2019-03-17T16:30:00,Everton,Chelsea,https://www.xscores.com/soccer/match/everton-vs-chelsea/17-03-2019/498850
2018/2019,2019-04-03T19:45:00,Tottenham,Crystal Palace,https://www.xscores.com/soccer/match/tottenham-vs-crystal-palace/03-04-2019/498853
2018/2019,2019-04-16T19:45:00,Brighton,Cardiff,https://www.xscores.com/soccer/match/brighton-vs-cardiff/16-04-2019/498848
2018/2019,2019-04-23T19:45:00,Watford,Southampton,https://www.xscores.com/soccer/match/watford-vs-southampton/23-04-2019/498854
2018/2019,2019-04-24T19:45:00,Wolverhampton,Arsenal,https://www.xscores.com/soccer/match/wolverhampton-vs-arsenal/24-04-2019/498857
2018/2019,2019-04-24T20:00:00,Manchester United,Manchester City,https://www.xscores.com/soccer/match/manchester-united-vs-manchester-city/24-04-2019/498852
2018/2019,2019-03-30T12:30:00,Fulham,Manchester City,https://www.xscores.com/soccer/match/fulham-vs-manchester-city/30-03-2019/498867
2018/2019,2019-03-30T15:00:00,Brighton,Southampton,https://www.xscores.com/soccer/match/brighton-vs-southampton/30-03-2019/498862
2018/2019,2019-03-30T15:00:00,Burnley,Wolverhampton,https://www.xscores.com/soccer/match/burnley-vs-wolverhampton/30-03-2019/498863
2018/2019,2019-03-30T15:00:00,Crystal Palace,Huddersfield,https://www.xscores.com/soccer/match/crystal-palace-vs-huddersfield/30-03-2019/498866
2018/2019,2019-03-30T15:00:00,Leicester,Bournemouth,https://www.xscores.com/soccer/match/leicester-vs-bournemouth/30-03-2019/498869
2018/2019,2019-03-30T15:00:00,Manchester United,Watford,https://www.xscores.com/soccer/match/manchester-united-vs-watford/30-03-2019/498874
2018/2019,2019-03-30T17:30:00,West Ham,Everton,https://www.xscores.com/soccer/match/west-ham-vs-everton/30-03-2019/498877
2018/2019,2019-03-31T14:05:00,Cardiff,Chelsea,https://www.xscores.com/soccer/match/cardiff-vs-chelsea/31-03-2019/498864
2018/2019,2019-03-31T16:30:00,Liverpool,Tottenham,https://www.xscores.com/soccer/match/liverpool-vs-tottenham/31-03-2019/498872
2018/2019,2019-04-01T20:00:00,Arsenal,Newcastle,https://www.xscores.com/soccer/match/arsenal-vs-newcastle/01-04-2019/498860
2018/2019,2019-04-02T19:45:00,Watford,Fulham,https://www.xscores.com/soccer/match/watford-vs-fulham/02-04-2019/498930
2018/2019,2019-04-02T19:45:00,Wolverhampton,Manchester United,https://www.xscores.com/soccer/match/wolverhampton-vs-manchester-united/02-04-2019/498933
2018/2019,2019-04-03T19:45:00,Manchester City,Cardiff,https://www.xscores.com/soccer/match/manchester-city-vs-cardiff/03-04-2019/498920
2018/2019,2019-04-05T20:00:00,Southampton,Liverpool,https://www.xscores.com/soccer/match/southampton-vs-liverpool/05-04-2019/498926
2018/2019,2019-04-06T15:00:00,Bournemouth,Burnley,https://www.xscores.com/soccer/match/bournemouth-vs-burnley/06-04-2019/498912
2018/2019,2019-04-06T15:00:00,Huddersfield,Leicester,https://www.xscores.com/soccer/match/huddersfield-vs-leicester/06-04-2019/498917
2018/2019,2019-04-06T15:00:00,Newcastle,Crystal Palace,https://www.xscores.com/soccer/match/newcastle-vs-crystal-palace/06-04-2019/498922
2018/2019,2019-04-07T14:05:00,Everton,Arsenal,https://www.xscores.com/soccer/match/everton-vs-arsenal/07-04-2019/498910
2018/2019,2019-04-08T20:00:00,Chelsea,West Ham,https://www.xscores.com/soccer/match/chelsea-vs-west-ham/08-04-2019/498906
2018/2019,2019-04-23T19:45:00,Tottenham,Brighton,https://www.xscores.com/soccer/match/tottenham-vs-brighton/23-04-2019/498928
2018/2019,2019-04-12T20:00:00,Leicester,Newcastle,https://www.xscores.com/soccer/match/leicester-vs-newcastle/12-04-2019/498949
2018/2019,2019-04-13T12:30:00,Tottenham,Huddersfield,https://www.xscores.com/soccer/match/tottenham-vs-huddersfield/13-04-2019/498959
2018/2019,2019-04-13T15:00:00,Brighton,Bournemouth,https://www.xscores.com/soccer/match/brighton-vs-bournemouth/13-04-2019/498941
2018/2019,2019-04-13T15:00:00,Burnley,Cardiff,https://www.xscores.com/soccer/match/burnley-vs-cardiff/13-04-2019/498944
2018/2019,2019-04-13T15:00:00,Fulham,Everton,https://www.xscores.com/soccer/match/fulham-vs-everton/13-04-2019/498947
2018/2019,2019-04-13T15:00:00,Southampton,Wolverhampton,https://www.xscores.com/soccer/match/southampton-vs-wolverhampton/13-04-2019/498955
2018/2019,2019-04-13T17:30:00,Manchester United,West Ham,https://www.xscores.com/soccer/match/manchester-united-vs-west-ham/13-04-2019/498953
2018/2019,2019-04-14T14:05:00,Crystal Palace,Manchester City,https://www.xscores.com/soccer/match/crystal-palace-vs-manchester-city/14-04-2019/498946
2018/2019,2019-04-14T16:30:00,Liverpool,Chelsea,https://www.xscores.com/soccer/match/liverpool-vs-chelsea/14-04-2019/498950
2018/2019,2019-04-15T20:00:00,Watford,Arsenal,https://www.xscores.com/soccer/match/watford-vs-arsenal/15-04-2019/498962
2018/2019,2019-04-20T12:30:00,Manchester City,Tottenham,https://www.xscores.com/soccer/match/manchester-city-vs-tottenham/20-04-2019/498977
2018/2019,2019-04-20T15:00:00,Bournemouth,Fulham,https://www.xscores.com/soccer/match/bournemouth-vs-fulham/20-04-2019/498968
2018/2019,2019-04-20T15:00:00,Huddersfield,Watford,https://www.xscores.com/soccer/match/huddersfield-vs-watford/20-04-2019/498975
2018/2019,2019-04-20T15:00:00,West Ham,Leicester,https://www.xscores.com/soccer/match/west-ham-vs-leicester/20-04-2019/498981
2018/2019,2019-04-20T15:00:00,Wolverhampton,Brighton,https://www.xscores.com/soccer/match/wolverhampton-vs-brighton/20-04-2019/498984
2018/2019,2019-04-20T17:30:00,Newcastle,Southampton,https://www.xscores.com/soccer/match/newcastle-vs-southampton/20-04-2019/498979
2018/2019,2019-04-21T13:30:00,Everton,Manchester United,https://www.xscores.com/soccer/match/everton-vs-manchester-united/21-04-2019/498974
2018/2019,2019-04-21T16:00:00,Arsenal,Crystal Palace,https://www.xscores.com/soccer/match/arsenal-vs-crystal-palace/21-04-2019/498967
2018/2019,2019-04-21T16:00:00,Cardiff,Liverpool,https://www.xscores.com/soccer/match/cardiff-vs-liverpool/21-04-2019/498970
2018/2019,2019-04-22T20:00:00,Chelsea,Burnley,https://www.xscores.com/soccer/match/chelsea-vs-burnley/22-04-2019/498972
2018/2019,2019-04-26T20:00:00,Liverpool,Huddersfield,https://www.xscores.com/soccer/match/liverpool-vs-huddersfield/26-04-2019/499006
2018/2019,2019-04-27T12:30:00,Tottenham,West Ham,https://www.xscores.com/soccer/match/tottenham-vs-west-ham/27-04-2019/499013
2018/2019,2019-04-27T15:00:00,Crystal Palace,Everton,https://www.xscores.com/soccer/match/crystal-palace-vs-everton/27-04-2019/498997
2018/2019,2019-04-27T15:00:00,Fulham,Cardiff,https://www.xscores.com/soccer/match/fulham-vs-cardiff/27-04-2019/499000
2018/2019,2019-04-27T15:00:00,Southampton,Bournemouth,https://www.xscores.com/soccer/match/southampton-vs-bournemouth/27-04-2019/499010
2018/2019,2019-04-27T15:00:00,Watford,Wolverhampton,https://www.xscores.com/soccer/match/watford-vs-wolverhampton/27-04-2019/499017
2018/2019,2019-04-27T17:30:00,Brighton,Newcastle,https://www.xscores.com/soccer/match/brighton-vs-newcastle/27-04-2019/498993
2018/2019,2019-04-28T12:00:00,Leicester,Arsenal,https://www.xscores.com/soccer/match/leicester-vs-arsenal/28-04-2019/499003
2018/2019,2019-04-28T14:05:00,Burnley,Manchester City,https://www.xscores.com/soccer/match/burnley-vs-manchester-city/28-04-2019/498995
2018/2019,2019-04-28T16:30:00,Manchester United,Chelsea,https://www.xscores.com/soccer/match/manchester-united-vs-chelsea/28-04-2019/499008
2018/2019,2019-05-03T20:00:00,Everton,Burnley,https://www.xscores.com/soccer/match/everton-vs-burnley/03-05-2019/499035
2018/2019,2019-05-04T12:30:00,Bournemouth,Tottenham,https://www.xscores.com/soccer/match/bournemouth-vs-tottenham/04-05-2019/499026
2018/2019,2019-05-04T15:00:00,West Ham,Southampton,https://www.xscores.com/soccer/match/west-ham-vs-southampton/04-05-2019/499043
2018/2019,2019-05-04T15:00:00,Wolverhampton,Fulham,https://www.xscores.com/soccer/match/wolverhampton-vs-fulham/04-05-2019/499044
2018/2019,2019-05-04T17:30:00,Cardiff,Crystal Palace,https://www.xscores.com/soccer/match/cardiff-vs-crystal-palace/04-05-2019/499029
2018/2019,2019-05-04T19:45:00,Newcastle,Liverpool,https://www.xscores.com/soccer/match/newcastle-vs-liverpool/04-05-2019/499042
2018/2019,2019-05-05T14:00:00,Chelsea,Watford,https://www.xscores.com/soccer/match/chelsea-vs-watford/05-05-2019/499032
2018/2019,2019-05-05T14:00:00,Huddersfield,Manchester United,https://www.xscores.com/soccer/match/huddersfield-vs-manchester-united/05-05-2019/499038
2018/2019,2019-05-05T16:30:00,Arsenal,Brighton,https://www.xscores.com/soccer/match/arsenal-vs-brighton/05-05-2019/499024
2018/2019,2019-05-06T20:00:00,Manchester City,Leicester,https://www.xscores.com/soccer/match/manchester-city-vs-leicester/06-05-2019/499040
2018/2019,2019-05-12T15:00:00,Brighton,Manchester City,https://www.xscores.com/soccer/match/brighton-vs-manchester-city/12-05-2019/499053
2018/2019,2019-05-12T15:00:00,Burnley,Arsenal,https://www.xscores.com/soccer/match/burnley-vs-arsenal/12-05-2019/499057
2018/2019,2019-05-12T15:00:00,Crystal Palace,Bournemouth,https://www.xscores.com/soccer/match/crystal-palace-vs-bournemouth/12-05-2019/499058
2018/2019,2019-05-12T15:00:00,Fulham,Newcastle,https://www.xscores.com/soccer/match/fulham-vs-newcastle/12-05-2019/499060
2018/2019,2019-05-12T15:00:00,Leicester,Chelsea,https://www.xscores.com/soccer/match/leicester-vs-chelsea/12-05-2019/499063
2018/2019,2019-05-12T15:00:00,Liverpool,Wolverhampton,https://www.xscores.com/soccer/match/liverpool-vs-wolverhampton/12-05-2019/499065
2018/2019,2019-05-12T15:00:00,Manchester United,Cardiff,https://www.xscores.com/soccer/match/manchester-united-vs-cardiff/12-05-2019/499068
2018/2019,2019-05-12T15:00:00,Southampton,Huddersfield,https://www.xscores.com/soccer/match/southampton-vs-huddersfield/12-05-2019/499070
2018/2019,2019-05-12T15:00:00,Tottenham,Everton,https://www.xscores.com/soccer/match/tottenham-vs-everton/12-05-2019/499071
2018/2019,2019-05-12T15:00:00,Watford,West Ham,https://www.xscores.com/soccer/match/watford-vs-west-ham/12-05-2019/499072
