season,date,home_team,away_team,url
2001/2002,2000-08-19T16:00:00,Charlton,Manchester City,https://www.xscores.com/soccer/match/charlton-vs-manchester-city/19-08-2000/871120
2001/2002,2000-08-19T16:00:00,Chelsea,West Ham,https://www.xscores.com/soccer/match/chelsea-vs-west-ham/19-08-2000/871121
2001/2002,2000-08-19T16:00:00,Coventry,Middlesbrough,https://www.xscores.com/soccer/match/coventry-vs-middlesbrough/19-08-2000/871122
2001/2002,2000-08-19T16:00:00,Derby,Southampton,https://www.xscores.com/soccer/match/derby-vs-southampton/19-08-2000/871123
2001/2002,2000-08-19T16:00:00,Leeds,Everton,https://www.xscores.com/soccer/match/leeds-vs-everton/19-08-2000/871124
2001/2002,2000-08-19T16:00:00,Leicester,Aston Villa,https://www.xscores.com/soccer/match/leicester-vs-aston-villa/19-08-2000/871125
2001/2002,2000-08-19T16:00:00,Liverpool,Bradford,https://www.xscores.com/soccer/match/liverpool-vs-bradford/19-08-2000/871126
2001/2002,2000-08-19T16:00:00,Sunderland,Arsenal,https://www.xscores.com/soccer/match/sunderland-vs-arsenal/19-08-2000/871127
2001/2002,2000-08-19T16:00:00,Tottenham,Ipswich,https://www.xscores.com/soccer/match/tottenham-vs-ipswich/19-08-2000/871128
2001/2002,2000-08-20T17:00:00,Manchester United,Newcastle,https://www.xscores.com/soccer/match/manchester-united-vs-newcastle/20-08-2000/871129
2001/2002,2000-08-21T21:00:00,Arsenal,Liverpool,https://www.xscores.com/soccer/match/arsenal-vs-liverpool/21-08-2000/871130
2001/2002,2000-08-22T20:45:00,Bradford,Chelsea,https://www.xscores.com/soccer/match/bradford-vs-chelsea/22-08-2000/871131
2001/2002,2000-08-22T20:45:00,Ipswich,Manchester United,https://www.xscores.com/soccer/match/ipswich-vs-manchester-united/22-08-2000/871132
2001/2002,2000-08-22T20:45:00,Middlesbrough,Tottenham,https://www.xscores.com/soccer/match/middlesbrough-vs-tottenham/22-08-2000/871133
2001/2002,2000-08-23T20:45:00,Manchester City,Sunderland,https://www.xscores.com/soccer/match/manchester-city-vs-sunderland/23-08-2000/871134
2001/2002,2000-08-23T20:45:00,Newcastle,Derby,https://www.xscores.com/soccer/match/newcastle-vs-derby/23-08-2000/871135
2001/2002,2000-08-23T20:45:00,Southampton,Coventry,https://www.xscores.com/soccer/match/southampton-vs-coventry/23-08-2000/871136
2001/2002,2000-08-23T20:45:00,West Ham,Leicester,https://www.xscores.com/soccer/match/west-ham-vs-leicester/23-08-2000/871137
2001/2002,2000-08-23T21:00:00,Aston Villa,Leeds,https://www.xscores.com/soccer/match/aston-villa-vs-leeds/23-08-2000/873945
2001/2002,2000-08-23T21:00:00,Everton,Charlton,https://www.xscores.com/soccer/match/everton-vs-charlton/23-08-2000/871138
2001/2002,2000-08-26T16:00:00,Arsenal,Charlton,https://www.xscores.com/soccer/match/arsenal-vs-charlton/26-08-2000/871139
2001/2002,2000-08-26T16:00:00,Bradford,Leicester,https://www.xscores.com/soccer/match/bradford-vs-leicester/26-08-2000/871140
2001/2002,2000-08-26T16:00:00,Everton,Derby,https://www.xscores.com/soccer/match/everton-vs-derby/26-08-2000/871141
2001/2002,2000-08-26T16:00:00,Ipswich,Sunderland,https://www.xscores.com/soccer/match/ipswich-vs-sunderland/26-08-2000/871142
2001/2002,2000-08-26T16:00:00,Manchester City,Coventry,https://www.xscores.com/soccer/match/manchester-city-vs-coventry/26-08-2000/871143
2001/2002,2000-08-26T16:00:00,Middlesbrough,Leeds,https://www.xscores.com/soccer/match/middlesbrough-vs-leeds/26-08-2000/871144
2001/2002,2000-08-26T16:00:00,Newcastle,Tottenham,https://www.xscores.com/soccer/match/newcastle-vs-tottenham/26-08-2000/871145
2001/2002,2000-08-26T16:00:00,Southampton,Liverpool,https://www.xscores.com/soccer/match/southampton-vs-liverpool/26-08-2000/871146
2001/2002,2000-08-26T16:00:00,West Ham,Manchester United,https://www.xscores.com/soccer/match/west-ham-vs-manchester-united/26-08-2000/871147
2001/2002,2000-08-27T17:00:00,Aston Villa,Chelsea,https://www.xscores.com/soccer/match/aston-villa-vs-chelsea/27-08-2000/871148
2001/2002,2000-09-05T20:45:00,Leeds,Manchester City,https://www.xscores.com/soccer/match/leeds-vs-manchester-city/05-09-2000/871151
2001/2002,2000-09-05T20:45:00,Sunderland,West Ham,https://www.xscores.com/soccer/match/sunderland-vs-west-ham/05-09-2000/871149
2001/2002,2000-09-05T20:45:00,Tottenham,Everton,https://www.xscores.com/soccer/match/tottenham-vs-everton/05-09-2000/871150
2001/2002,2000-09-05T21:00:00,Manchester United,Bradford,https://www.xscores.com/soccer/match/manchester-united-vs-bradford/05-09-2000/871152
2001/2002,2000-09-06T20:45:00,Coventry,Newcastle,https://www.xscores.com/soccer/match/coventry-vs-newcastle/06-09-2000/871153
2001/2002,2000-09-06T20:45:00,Derby,Middlesbrough,https://www.xscores.com/soccer/match/derby-vs-middlesbrough/06-09-2000/871154
2001/2002,2000-09-06T20:45:00,Leicester,Ipswich,https://www.xscores.com/soccer/match/leicester-vs-ipswich/06-09-2000/871155
2001/2002,2000-09-06T21:00:00,Charlton,Southampton,https://www.xscores.com/soccer/match/charlton-vs-southampton/06-09-2000/871157
2001/2002,2000-09-06T21:00:00,Chelsea,Arsenal,https://www.xscores.com/soccer/match/chelsea-vs-arsenal/06-09-2000/871158
2001/2002,2000-09-06T21:00:00,Liverpool,Aston Villa,https://www.xscores.com/soccer/match/liverpool-vs-aston-villa/06-09-2000/871156
2001/2002,2000-09-09T16:00:00,Bradford,Arsenal,https://www.xscores.com/soccer/match/bradford-vs-arsenal/09-09-2000/871159
2001/2002,2000-09-09T16:00:00,Coventry,Leeds,https://www.xscores.com/soccer/match/coventry-vs-leeds/09-09-2000/871160
2001/2002,2000-09-09T16:00:00,Ipswich,Aston Villa,https://www.xscores.com/soccer/match/ipswich-vs-aston-villa/09-09-2000/871161
2001/2002,2000-09-09T16:00:00,Leicester,Southampton,https://www.xscores.com/soccer/match/leicester-vs-southampton/09-09-2000/871162
2001/2002,2000-09-09T16:00:00,Liverpool,Manchester City,https://www.xscores.com/soccer/match/liverpool-vs-manchester-city/09-09-2000/871163
2001/2002,2000-09-09T16:00:00,Manchester United,Sunderland,https://www.xscores.com/soccer/match/manchester-united-vs-sunderland/09-09-2000/871164
2001/2002,2000-09-09T16:00:00,Middlesbrough,Everton,https://www.xscores.com/soccer/match/middlesbrough-vs-everton/09-09-2000/871165
2001/2002,2000-09-09T16:00:00,Newcastle,Chelsea,https://www.xscores.com/soccer/match/newcastle-vs-chelsea/09-09-2000/871166
2001/2002,2000-09-10T17:00:00,Derby,Charlton,https://www.xscores.com/soccer/match/derby-vs-charlton/10-09-2000/871167
2001/2002,2000-09-11T21:00:00,Tottenham,West Ham,https://www.xscores.com/soccer/match/tottenham-vs-west-ham/11-09-2000/871168
2001/2002,2000-09-16T16:00:00,Arsenal,Coventry,https://www.xscores.com/soccer/match/arsenal-vs-coventry/16-09-2000/871169
2001/2002,2000-09-16T16:00:00,Aston Villa,Bradford,https://www.xscores.com/soccer/match/aston-villa-vs-bradford/16-09-2000/871170
2001/2002,2000-09-16T16:00:00,Charlton,Tottenham,https://www.xscores.com/soccer/match/charlton-vs-tottenham/16-09-2000/871171
2001/2002,2000-09-16T16:00:00,Everton,Manchester United,https://www.xscores.com/soccer/match/everton-vs-manchester-united/16-09-2000/871172
2001/2002,2000-09-16T16:00:00,Leeds,Ipswich,https://www.xscores.com/soccer/match/leeds-vs-ipswich/16-09-2000/871173
2001/2002,2000-09-16T16:00:00,Southampton,Newcastle,https://www.xscores.com/soccer/match/southampton-vs-newcastle/16-09-2000/871174
2001/2002,2000-09-16T16:00:00,Sunderland,Derby,https://www.xscores.com/soccer/match/sunderland-vs-derby/16-09-2000/871175
2001/2002,2000-09-17T16:00:00,Chelsea,Leicester,https://www.xscores.com/soccer/match/chelsea-vs-leicester/17-09-2000/871176
2001/2002,2000-09-17T16:00:00,West Ham,Liverpool,https://www.xscores.com/soccer/match/west-ham-vs-liverpool/17-09-2000/871177
2001/2002,2000-09-17T17:00:00,Manchester City,Middlesbrough,https://www.xscores.com/soccer/match/manchester-city-vs-middlesbrough/17-09-2000/871178
2001/2002,2000-09-23T12:30:00,Manchester United,Chelsea,https://www.xscores.com/soccer/match/manchester-united-vs-chelsea/23-09-2000/871179
2001/2002,2000-09-23T16:00:00,Bradford,Southampton,https://www.xscores.com/soccer/match/bradford-vs-southampton/23-09-2000/871183
2001/2002,2000-09-23T16:00:00,Coventry,West Ham,https://www.xscores.com/soccer/match/coventry-vs-west-ham/23-09-2000/871184
2001/2002,2000-09-23T16:00:00,Derby,Leeds,https://www.xscores.com/soccer/match/derby-vs-leeds/23-09-2000/871185
2001/2002,2000-09-23T16:00:00,Ipswich,Arsenal,https://www.xscores.com/soccer/match/ipswich-vs-arsenal/23-09-2000/871186
2001/2002,2000-09-23T16:00:00,Liverpool,Sunderland,https://www.xscores.com/soccer/match/liverpool-vs-sunderland/23-09-2000/871187
2001/2002,2000-09-23T16:00:00,Middlesbrough,Aston Villa,https://www.xscores.com/soccer/match/middlesbrough-vs-aston-villa/23-09-2000/871180
2001/2002,2000-09-23T16:00:00,Newcastle,Charlton,https://www.xscores.com/soccer/match/newcastle-vs-charlton/23-09-2000/871181
2001/2002,2000-09-23T16:00:00,Tottenham,Manchester City,https://www.xscores.com/soccer/match/tottenham-vs-manchester-city/23-09-2000/871182
2001/2002,2000-09-24T17:00:00,Leicester,Everton,https://www.xscores.com/soccer/match/leicester-vs-everton/24-09-2000/871188
2001/2002,2000-09-30T16:00:00,Aston Villa,Derby,https://www.xscores.com/soccer/match/aston-villa-vs-derby/30-09-2000/871189
2001/2002,2000-09-30T16:00:00,Charlton,Coventry,https://www.xscores.com/soccer/match/charlton-vs-coventry/30-09-2000/871190
2001/2002,2000-09-30T16:00:00,Everton,Ipswich,https://www.xscores.com/soccer/match/everton-vs-ipswich/30-09-2000/871191
2001/2002,2000-09-30T16:00:00,Leeds,Tottenham,https://www.xscores.com/soccer/match/leeds-vs-tottenham/30-09-2000/871192
2001/2002,2000-09-30T16:00:00,Manchester City,Newcastle,https://www.xscores.com/soccer/match/manchester-city-vs-newcastle/30-09-2000/871193
2001/2002,2000-09-30T16:00:00,Southampton,Middlesbrough,https://www.xscores.com/soccer/match/southampton-vs-middlesbrough/30-09-2000/871194
2001/2002,2000-09-30T16:00:00,West Ham,Bradford,https://www.xscores.com/soccer/match/west-ham-vs-bradford/30-09-2000/871195
2001/2002,2000-10-01T16:00:00,Sunderland,Leicester,https://www.xscores.com/soccer/match/sunderland-vs-leicester/01-10-2000/871196
2001/2002,2000-10-01T17:00:00,Arsenal,Manchester United,https://www.xscores.com/soccer/match/arsenal-vs-manchester-united/01-10-2000/871197
2001/2002,2000-10-01T17:00:00,Chelsea,Liverpool,https://www.xscores.com/soccer/match/chelsea-vs-liverpool/01-10-2000/871198
2001/2002,2000-10-14T16:00:00,Arsenal,Aston Villa,https://www.xscores.com/soccer/match/arsenal-vs-aston-villa/14-10-2000/871199
2001/2002,2000-10-14T16:00:00,Coventry,Tottenham,https://www.xscores.com/soccer/match/coventry-vs-tottenham/14-10-2000/871200
2001/2002,2000-10-14T16:00:00,Everton,Southampton,https://www.xscores.com/soccer/match/everton-vs-southampton/14-10-2000/871201
2001/2002,2000-10-14T16:00:00,Ipswich,West Ham,https://www.xscores.com/soccer/match/ipswich-vs-west-ham/14-10-2000/871202
2001/2002,2000-10-14T16:00:00,Leeds,Charlton,https://www.xscores.com/soccer/match/leeds-vs-charlton/14-10-2000/871203
2001/2002,2000-10-14T16:00:00,Leicester,Manchester United,https://www.xscores.com/soccer/match/leicester-vs-manchester-united/14-10-2000/871204
2001/2002,2000-10-14T16:00:00,Manchester City,Bradford,https://www.xscores.com/soccer/match/manchester-city-vs-bradford/14-10-2000/871205
2001/2002,2000-10-14T16:45:00,Sunderland,Chelsea,https://www.xscores.com/soccer/match/sunderland-vs-chelsea/14-10-2000/871206
2001/2002,2000-10-15T17:00:00,Derby,Liverpool,https://www.xscores.com/soccer/match/derby-vs-liverpool/15-10-2000/871207
2001/2002,2000-10-16T21:00:00,Middlesbrough,Newcastle,https://www.xscores.com/soccer/match/middlesbrough-vs-newcastle/16-10-2000/871208
2001/2002,2000-10-21T12:30:00,Manchester United,Leeds,https://www.xscores.com/soccer/match/manchester-united-vs-leeds/21-10-2000/871209
2001/2002,2000-10-21T16:00:00,Bradford,Ipswich,https://www.xscores.com/soccer/match/bradford-vs-ipswich/21-10-2000/871213
2001/2002,2000-10-21T16:00:00,Charlton,Middlesbrough,https://www.xscores.com/soccer/match/charlton-vs-middlesbrough/21-10-2000/871214
2001/2002,2000-10-21T16:00:00,Chelsea,Coventry,https://www.xscores.com/soccer/match/chelsea-vs-coventry/21-10-2000/871215
2001/2002,2000-10-21T16:00:00,Liverpool,Leicester,https://www.xscores.com/soccer/match/liverpool-vs-leicester/21-10-2000/871216
2001/2002,2000-10-21T16:00:00,Newcastle,Everton,https://www.xscores.com/soccer/match/newcastle-vs-everton/21-10-2000/871210
2001/2002,2000-10-21T16:00:00,Tottenham,Derby,https://www.xscores.com/soccer/match/tottenham-vs-derby/21-10-2000/871211
2001/2002,2000-10-21T16:00:00,West Ham,Arsenal,https://www.xscores.com/soccer/match/west-ham-vs-arsenal/21-10-2000/871212
2001/2002,2000-10-22T17:00:00,Aston Villa,Sunderland,https://www.xscores.com/soccer/match/aston-villa-vs-sunderland/22-10-2000/871217
2001/2002,2000-10-23T21:00:00,Southampton,Manchester City,https://www.xscores.com/soccer/match/southampton-vs-manchester-city/23-10-2000/871218
2001/2002,2000-10-28T16:00:00,Arsenal,Manchester City,https://www.xscores.com/soccer/match/arsenal-vs-manchester-city/28-10-2000/871219
2001/2002,2000-10-28T16:00:00,Aston Villa,Charlton,https://www.xscores.com/soccer/match/aston-villa-vs-charlton/28-10-2000/871220
2001/2002,2000-10-28T16:00:00,Chelsea,Tottenham,https://www.xscores.com/soccer/match/chelsea-vs-tottenham/28-10-2000/871221
2001/2002,2000-10-28T16:00:00,Ipswich,Middlesbrough,https://www.xscores.com/soccer/match/ipswich-vs-middlesbrough/28-10-2000/871222
2001/2002,2000-10-28T16:00:00,Leicester,Derby,https://www.xscores.com/soccer/match/leicester-vs-derby/28-10-2000/871223
2001/2002,2000-10-28T16:00:00,Manchester United,Southampton,https://www.xscores.com/soccer/match/manchester-united-vs-southampton/28-10-2000/871224
2001/2002,2000-10-28T16:00:00,Sunderland,Coventry,https://www.xscores.com/soccer/match/sunderland-vs-coventry/28-10-2000/871225
2001/2002,2000-10-28T16:00:00,West Ham,Newcastle,https://www.xscores.com/soccer/match/west-ham-vs-newcastle/28-10-2000/871226
2001/2002,2000-10-29T15:00:00,Liverpool,Everton,https://www.xscores.com/soccer/match/liverpool-vs-everton/29-10-2000/871227
2001/2002,2000-10-29T16:00:00,Bradford,Leeds,https://www.xscores.com/soccer/match/bradford-vs-leeds/29-10-2000/871228
2001/2002,2000-11-04T11:30:00,Leeds,Liverpool,https://www.xscores.com/soccer/match/leeds-vs-liverpool/04-11-2000/871229
2001/2002,2000-11-04T15:00:00,Charlton,Bradford,https://www.xscores.com/soccer/match/charlton-vs-bradford/04-11-2000/871235
2001/2002,2000-11-04T15:00:00,Coventry,Manchester United,https://www.xscores.com/soccer/match/coventry-vs-manchester-united/04-11-2000/871236
2001/2002,2000-11-04T15:00:00,Manchester City,Leicester,https://www.xscores.com/soccer/match/manchester-city-vs-leicester/04-11-2000/871230
2001/2002,2000-11-04T15:00:00,Middlesbrough,Arsenal,https://www.xscores.com/soccer/match/middlesbrough-vs-arsenal/04-11-2000/871231
2001/2002,2000-11-04T15:00:00,Newcastle,Ipswich,https://www.xscores.com/soccer/match/newcastle-vs-ipswich/04-11-2000/871232
2001/2002,2000-11-04T15:00:00,Southampton,Chelsea,https://www.xscores.com/soccer/match/southampton-vs-chelsea/04-11-2000/871233
2001/2002,2000-11-04T15:00:00,Tottenham,Sunderland,https://www.xscores.com/soccer/match/tottenham-vs-sunderland/04-11-2000/871234
2001/2002,2000-11-05T16:00:00,Everton,Aston Villa,https://www.xscores.com/soccer/match/everton-vs-aston-villa/05-11-2000/871237
2001/2002,2000-11-06T20:00:00,Derby,West Ham,https://www.xscores.com/soccer/match/derby-vs-west-ham/06-11-2000/871238
2001/2002,2000-11-11T15:00:00,Arsenal,Derby,https://www.xscores.com/soccer/match/arsenal-vs-derby/11-11-2000/871239
2001/2002,2000-11-11T15:00:00,Aston Villa,Tottenham,https://www.xscores.com/soccer/match/aston-villa-vs-tottenham/11-11-2000/871240
2001/2002,2000-11-11T15:00:00,Bradford,Everton,https://www.xscores.com/soccer/match/bradford-vs-everton/11-11-2000/871241
2001/2002,2000-11-11T15:00:00,Ipswich,Charlton,https://www.xscores.com/soccer/match/ipswich-vs-charlton/11-11-2000/871242
2001/2002,2000-11-11T15:00:00,Leicester,Newcastle,https://www.xscores.com/soccer/match/leicester-vs-newcastle/11-11-2000/871243
2001/2002,2000-11-11T15:00:00,Manchester United,Middlesbrough,https://www.xscores.com/soccer/match/manchester-united-vs-middlesbrough/11-11-2000/871244
2001/2002,2000-11-11T15:00:00,Sunderland,Southampton,https://www.xscores.com/soccer/match/sunderland-vs-southampton/11-11-2000/871245
2001/2002,2000-11-11T15:15:00,West Ham,Manchester City,https://www.xscores.com/soccer/match/west-ham-vs-manchester-city/11-11-2000/871246
2001/2002,2000-11-12T15:00:00,Liverpool,Coventry,https://www.xscores.com/soccer/match/liverpool-vs-coventry/12-11-2000/871247
2001/2002,2000-11-12T16:00:00,Chelsea,Leeds,https://www.xscores.com/soccer/match/chelsea-vs-leeds/12-11-2000/871248
2001/2002,2000-11-18T11:30:00,Manchester City,Manchester United,https://www.xscores.com/soccer/match/manchester-city-vs-manchester-united/18-11-2000/871249
2001/2002,2000-11-18T15:00:00,Charlton,Chelsea,https://www.xscores.com/soccer/match/charlton-vs-chelsea/18-11-2000/871253
2001/2002,2000-11-18T15:00:00,Derby,Bradford,https://www.xscores.com/soccer/match/derby-vs-bradford/18-11-2000/871254
2001/2002,2000-11-18T15:00:00,Everton,Arsenal,https://www.xscores.com/soccer/match/everton-vs-arsenal/18-11-2000/871255
2001/2002,2000-11-18T15:00:00,Leeds,West Ham,https://www.xscores.com/soccer/match/leeds-vs-west-ham/18-11-2000/871256
2001/2002,2000-11-18T15:00:00,Middlesbrough,Leicester,https://www.xscores.com/soccer/match/middlesbrough-vs-leicester/18-11-2000/871250
2001/2002,2000-11-18T15:00:00,Newcastle,Sunderland,https://www.xscores.com/soccer/match/newcastle-vs-sunderland/18-11-2000/871251
2001/2002,2000-11-18T15:00:00,Southampton,Aston Villa,https://www.xscores.com/soccer/match/southampton-vs-aston-villa/18-11-2000/871252
2001/2002,2000-11-19T16:00:00,Tottenham,Liverpool,https://www.xscores.com/soccer/match/tottenham-vs-liverpool/19-11-2000/871257
2001/2002,2000-11-20T20:00:00,Coventry,Ipswich,https://www.xscores.com/soccer/match/coventry-vs-ipswich/20-11-2000/871258
2001/2002,2000-11-25T15:00:00,Charlton,Sunderland,https://www.xscores.com/soccer/match/charlton-vs-sunderland/25-11-2000/871259
2001/2002,2000-11-25T15:00:00,Coventry,Aston Villa,https://www.xscores.com/soccer/match/coventry-vs-aston-villa/25-11-2000/871260
2001/2002,2000-11-25T15:00:00,Derby,Manchester United,https://www.xscores.com/soccer/match/derby-vs-manchester-united/25-11-2000/871261
2001/2002,2000-11-25T15:00:00,Everton,Chelsea,https://www.xscores.com/soccer/match/everton-vs-chelsea/25-11-2000/871262
2001/2002,2000-11-25T15:00:00,Manchester City,Ipswich,https://www.xscores.com/soccer/match/manchester-city-vs-ipswich/25-11-2000/871263
2001/2002,2000-11-25T15:00:00,Middlesbrough,Bradford,https://www.xscores.com/soccer/match/middlesbrough-vs-bradford/25-11-2000/871264
2001/2002,2000-11-25T15:00:00,Southampton,West Ham,https://www.xscores.com/soccer/match/southampton-vs-west-ham/25-11-2000/871265
2001/2002,2000-11-25T15:00:00,Tottenham,Leicester,https://www.xscores.com/soccer/match/tottenham-vs-leicester/25-11-2000/871266
2001/2002,2000-11-26T15:00:00,Newcastle,Liverpool,https://www.xscores.com/soccer/match/newcastle-vs-liverpool/26-11-2000/871267
2001/2002,2000-11-26T16:00:00,Leeds,Arsenal,https://www.xscores.com/soccer/match/leeds-vs-arsenal/26-11-2000/871268
2001/2002,2000-12-02T15:00:00,Arsenal,Southampton,https://www.xscores.com/soccer/match/arsenal-vs-southampton/02-12-2000/871269
2001/2002,2000-12-02T15:00:00,Aston Villa,Newcastle,https://www.xscores.com/soccer/match/aston-villa-vs-newcastle/02-12-2000/871270
2001/2002,2000-12-02T15:00:00,Bradford,Coventry,https://www.xscores.com/soccer/match/bradford-vs-coventry/02-12-2000/871271
2001/2002,2000-12-02T15:00:00,Ipswich,Derby,https://www.xscores.com/soccer/match/ipswich-vs-derby/02-12-2000/871272
2001/2002,2000-12-02T15:00:00,Leicester,Leeds,https://www.xscores.com/soccer/match/leicester-vs-leeds/02-12-2000/871273
2001/2002,2000-12-02T15:00:00,Liverpool,Charlton,https://www.xscores.com/soccer/match/liverpool-vs-charlton/02-12-2000/871274
2001/2002,2000-12-02T15:00:00,Manchester United,Tottenham,https://www.xscores.com/soccer/match/manchester-united-vs-tottenham/02-12-2000/871275
2001/2002,2000-12-02T15:00:00,West Ham,Middlesbrough,https://www.xscores.com/soccer/match/west-ham-vs-middlesbrough/02-12-2000/871276
2001/2002,2000-12-03T16:00:00,Chelsea,Manchester City,https://www.xscores.com/soccer/match/chelsea-vs-manchester-city/03-12-2000/871277
2001/2002,2000-12-04T20:00:00,Sunderland,Everton,https://www.xscores.com/soccer/match/sunderland-vs-everton/04-12-2000/871278
2001/2002,2000-12-09T15:00:00,Arsenal,Newcastle,https://www.xscores.com/soccer/match/arsenal-vs-newcastle/09-12-2000/871279
2001/2002,2000-12-09T15:00:00,Bradford,Tottenham,https://www.xscores.com/soccer/match/bradford-vs-tottenham/09-12-2000/871280
2001/2002,2000-12-09T15:00:00,Charlton,Manchester United,https://www.xscores.com/soccer/match/charlton-vs-manchester-united/09-12-2000/871281
2001/2002,2000-12-09T15:00:00,Chelsea,Derby,https://www.xscores.com/soccer/match/chelsea-vs-derby/09-12-2000/871282
2001/2002,2000-12-09T15:00:00,Manchester City,Everton,https://www.xscores.com/soccer/match/manchester-city-vs-everton/09-12-2000/871283
2001/2002,2000-12-09T15:00:00,Southampton,Leeds,https://www.xscores.com/soccer/match/southampton-vs-leeds/09-12-2000/871284
2001/2002,2000-12-09T15:00:00,Sunderland,Middlesbrough,https://www.xscores.com/soccer/match/sunderland-vs-middlesbrough/09-12-2000/871285
2001/2002,2000-12-09T15:00:00,West Ham,Aston Villa,https://www.xscores.com/soccer/match/west-ham-vs-aston-villa/09-12-2000/871286
2001/2002,2000-12-10T15:00:00,Liverpool,Ipswich,https://www.xscores.com/soccer/match/liverpool-vs-ipswich/10-12-2000/871287
2001/2002,2000-12-10T16:00:00,Coventry,Leicester,https://www.xscores.com/soccer/match/coventry-vs-leicester/10-12-2000/871288
2001/2002,2000-12-16T15:00:00,Aston Villa,Manchester City,https://www.xscores.com/soccer/match/aston-villa-vs-manchester-city/16-12-2000/871289
2001/2002,2000-12-16T15:00:00,Derby,Coventry,https://www.xscores.com/soccer/match/derby-vs-coventry/16-12-2000/871290
2001/2002,2000-12-16T15:00:00,Everton,West Ham,https://www.xscores.com/soccer/match/everton-vs-west-ham/16-12-2000/871291
2001/2002,2000-12-16T15:00:00,Ipswich,Southampton,https://www.xscores.com/soccer/match/ipswich-vs-southampton/16-12-2000/871292
2001/2002,2000-12-16T15:00:00,Leeds,Sunderland,https://www.xscores.com/soccer/match/leeds-vs-sunderland/16-12-2000/871293
2001/2002,2000-12-16T15:00:00,Leicester,Charlton,https://www.xscores.com/soccer/match/leicester-vs-charlton/16-12-2000/871294
2001/2002,2000-12-16T15:00:00,Middlesbrough,Chelsea,https://www.xscores.com/soccer/match/middlesbrough-vs-chelsea/16-12-2000/871295
2001/2002,2000-12-16T15:00:00,Newcastle,Bradford,https://www.xscores.com/soccer/match/newcastle-vs-bradford/16-12-2000/871296
2001/2002,2000-12-17T12:00:00,Manchester United,Liverpool,https://www.xscores.com/soccer/match/manchester-united-vs-liverpool/17-12-2000/871297
2001/2002,2000-12-18T20:00:00,Tottenham,Arsenal,https://www.xscores.com/soccer/match/tottenham-vs-arsenal/18-12-2000/871298
2001/2002,2000-12-22T19:45:00,Coventry,Southampton,https://www.xscores.com/soccer/match/coventry-vs-southampton/22-12-2000/871299
2001/2002,2000-12-23T11:30:00,Liverpool,Arsenal,https://www.xscores.com/soccer/match/liverpool-vs-arsenal/23-12-2000/871300
2001/2002,2000-12-23T15:00:00,Charlton,Everton,https://www.xscores.com/soccer/match/charlton-vs-everton/23-12-2000/871304
2001/2002,2000-12-23T15:00:00,Chelsea,Bradford,https://www.xscores.com/soccer/match/chelsea-vs-bradford/23-12-2000/871305
2001/2002,2000-12-23T15:00:00,Derby,Newcastle,https://www.xscores.com/soccer/match/derby-vs-newcastle/23-12-2000/871306
2001/2002,2000-12-23T15:00:00,Leeds,Aston Villa,https://www.xscores.com/soccer/match/leeds-vs-aston-villa/23-12-2000/871307
2001/2002,2000-12-23T15:00:00,Leicester,West Ham,https://www.xscores.com/soccer/match/leicester-vs-west-ham/23-12-2000/871308
2001/2002,2000-12-23T15:00:00,Manchester United,Ipswich,https://www.xscores.com/soccer/match/manchester-united-vs-ipswich/23-12-2000/871301
2001/2002,2000-12-23T15:00:00,Sunderland,Manchester City,https://www.xscores.com/soccer/match/sunderland-vs-manchester-city/23-12-2000/871302
2001/2002,2000-12-23T15:00:00,Tottenham,Middlesbrough,https://www.xscores.com/soccer/match/tottenham-vs-middlesbrough/23-12-2000/871303
2001/2002,2000-12-26T12:00:00,Arsenal,Leicester,https://www.xscores.com/soccer/match/arsenal-vs-leicester/26-12-2000/871309
2001/2002,2000-12-26T12:00:00,West Ham,Charlton,https://www.xscores.com/soccer/match/west-ham-vs-charlton/26-12-2000/871310
2001/2002,2000-12-26T13:00:00,Aston Villa,Manchester United,https://www.xscores.com/soccer/match/aston-villa-vs-manchester-united/26-12-2000/871311
2001/2002,2000-12-26T15:00:00,Bradford,Sunderland,https://www.xscores.com/soccer/match/bradford-vs-sunderland/26-12-2000/871312
2001/2002,2000-12-26T15:00:00,Everton,Coventry,https://www.xscores.com/soccer/match/everton-vs-coventry/26-12-2000/871313
2001/2002,2000-12-26T15:00:00,Ipswich,Chelsea,https://www.xscores.com/soccer/match/ipswich-vs-chelsea/26-12-2000/871314
2001/2002,2000-12-26T15:00:00,Manchester City,Derby,https://www.xscores.com/soccer/match/manchester-city-vs-derby/26-12-2000/871315
2001/2002,2000-12-26T15:00:00,Middlesbrough,Liverpool,https://www.xscores.com/soccer/match/middlesbrough-vs-liverpool/26-12-2000/871316
2001/2002,2000-12-26T15:00:00,Newcastle,Leeds,https://www.xscores.com/soccer/match/newcastle-vs-leeds/26-12-2000/871317
2001/2002,2000-12-27T20:00:00,Southampton,Tottenham,https://www.xscores.com/soccer/match/southampton-vs-tottenham/27-12-2000/871318
2001/2002,2000-12-30T12:00:00,Ipswich,Tottenham,https://www.xscores.com/soccer/match/ipswich-vs-tottenham/30-12-2000/871319
2001/2002,2000-12-30T15:00:00,Arsenal,Sunderland,https://www.xscores.com/soccer/match/arsenal-vs-sunderland/30-12-2000/871324
2001/2002,2000-12-30T15:00:00,Manchester City,Charlton,https://www.xscores.com/soccer/match/manchester-city-vs-charlton/30-12-2000/871320
2001/2002,2000-12-30T15:00:00,Middlesbrough,Coventry,https://www.xscores.com/soccer/match/middlesbrough-vs-coventry/30-12-2000/871321
2001/2002,2000-12-30T15:00:00,Newcastle,Manchester United,https://www.xscores.com/soccer/match/newcastle-vs-manchester-united/30-12-2000/871322
2001/2002,2000-12-30T15:00:00,Southampton,Derby,https://www.xscores.com/soccer/match/southampton-vs-derby/30-12-2000/871323
2001/2002,2001-02-07T20:00:00,Everton,Leeds,https://www.xscores.com/soccer/match/everton-vs-leeds/07-02-2001/871325
2001/2002,2001-03-07T20:00:00,Aston Villa,Leicester,https://www.xscores.com/soccer/match/aston-villa-vs-leicester/07-03-2001/873938
2001/2002,2001-03-07T20:00:00,Bradford,Liverpool,https://www.xscores.com/soccer/match/bradford-vs-liverpool/07-03-2001/873939
2001/2002,2001-03-07T20:00:00,West Ham,Chelsea,https://www.xscores.com/soccer/match/west-ham-vs-chelsea/07-03-2001/871326
2001/2002,2001-01-01T15:00:00,Charlton,Arsenal,https://www.xscores.com/soccer/match/charlton-vs-arsenal/01-01-2001/871327
2001/2002,2001-01-01T15:00:00,Chelsea,Aston Villa,https://www.xscores.com/soccer/match/chelsea-vs-aston-villa/01-01-2001/871328
2001/2002,2001-01-01T15:00:00,Coventry,Manchester City,https://www.xscores.com/soccer/match/coventry-vs-manchester-city/01-01-2001/871329
2001/2002,2001-01-01T15:00:00,Derby,Everton,https://www.xscores.com/soccer/match/derby-vs-everton/01-01-2001/871330
2001/2002,2001-01-01T15:00:00,Leeds,Middlesbrough,https://www.xscores.com/soccer/match/leeds-vs-middlesbrough/01-01-2001/871331
2001/2002,2001-01-01T15:00:00,Leicester,Bradford,https://www.xscores.com/soccer/match/leicester-vs-bradford/01-01-2001/871332
2001/2002,2001-01-01T15:00:00,Liverpool,Southampton,https://www.xscores.com/soccer/match/liverpool-vs-southampton/01-01-2001/871333
2001/2002,2001-01-01T15:00:00,Sunderland,Ipswich,https://www.xscores.com/soccer/match/sunderland-vs-ipswich/01-01-2001/871334
2001/2002,2001-01-01T20:00:00,Manchester United,West Ham,https://www.xscores.com/soccer/match/manchester-united-vs-west-ham/01-01-2001/871335
2001/2002,2001-02-02T19:45:00,Tottenham,Newcastle,https://www.xscores.com/soccer/match/tottenham-vs-newcastle/02-02-2001/871336
2001/2002,2001-01-13T15:00:00,Arsenal,Chelsea,https://www.xscores.com/soccer/match/arsenal-vs-chelsea/13-01-2001/871337
2001/2002,2001-01-13T15:00:00,Aston Villa,Liverpool,https://www.xscores.com/soccer/match/aston-villa-vs-liverpool/13-01-2001/871338
2001/2002,2001-01-13T15:00:00,Bradford,Manchester United,https://www.xscores.com/soccer/match/bradford-vs-manchester-united/13-01-2001/871339
2001/2002,2001-01-13T15:00:00,Everton,Tottenham,https://www.xscores.com/soccer/match/everton-vs-tottenham/13-01-2001/871340
2001/2002,2001-01-13T15:00:00,Manchester City,Leeds,https://www.xscores.com/soccer/match/manchester-city-vs-leeds/13-01-2001/871341
2001/2002,2001-01-13T15:00:00,Middlesbrough,Derby,https://www.xscores.com/soccer/match/middlesbrough-vs-derby/13-01-2001/871342
2001/2002,2001-01-13T15:00:00,Newcastle,Coventry,https://www.xscores.com/soccer/match/newcastle-vs-coventry/13-01-2001/871343
2001/2002,2001-01-13T15:00:00,Southampton,Charlton,https://www.xscores.com/soccer/match/southampton-vs-charlton/13-01-2001/871344
2001/2002,2001-01-13T15:00:00,West Ham,Sunderland,https://www.xscores.com/soccer/match/west-ham-vs-sunderland/13-01-2001/871345
2001/2002,2001-01-14T16:00:00,Ipswich,Leicester,https://www.xscores.com/soccer/match/ipswich-vs-leicester/14-01-2001/871346
2001/2002,2001-01-20T15:00:00,Chelsea,Ipswich,https://www.xscores.com/soccer/match/chelsea-vs-ipswich/20-01-2001/871347
2001/2002,2001-01-20T15:00:00,Coventry,Everton,https://www.xscores.com/soccer/match/coventry-vs-everton/20-01-2001/871348
2001/2002,2001-01-20T15:00:00,Derby,Manchester City,https://www.xscores.com/soccer/match/derby-vs-manchester-city/20-01-2001/871349
2001/2002,2001-01-20T15:00:00,Leeds,Newcastle,https://www.xscores.com/soccer/match/leeds-vs-newcastle/20-01-2001/871350
2001/2002,2001-01-20T15:00:00,Leicester,Arsenal,https://www.xscores.com/soccer/match/leicester-vs-arsenal/20-01-2001/871351
2001/2002,2001-01-20T15:00:00,Liverpool,Middlesbrough,https://www.xscores.com/soccer/match/liverpool-vs-middlesbrough/20-01-2001/871352
2001/2002,2001-01-20T15:00:00,Manchester United,Aston Villa,https://www.xscores.com/soccer/match/manchester-united-vs-aston-villa/20-01-2001/871353
2001/2002,2001-01-20T15:00:00,Tottenham,Southampton,https://www.xscores.com/soccer/match/tottenham-vs-southampton/20-01-2001/871354
2001/2002,2001-01-21T16:00:00,Sunderland,Bradford,https://www.xscores.com/soccer/match/sunderland-vs-bradford/21-01-2001/871355
2001/2002,2001-01-22T20:00:00,Charlton,West Ham,https://www.xscores.com/soccer/match/charlton-vs-west-ham/22-01-2001/871356
2001/2002,2001-01-30T19:45:00,Arsenal,Bradford,https://www.xscores.com/soccer/match/arsenal-vs-bradford/30-01-2001/871357
2001/2002,2001-01-30T19:45:00,Sunderland,Manchester United,https://www.xscores.com/soccer/match/sunderland-vs-manchester-united/30-01-2001/871358
2001/2002,2001-01-30T20:00:00,Charlton,Derby,https://www.xscores.com/soccer/match/charlton-vs-derby/30-01-2001/871359
2001/2002,2001-01-31T19:45:00,Chelsea,Newcastle,https://www.xscores.com/soccer/match/chelsea-vs-newcastle/31-01-2001/871361
2001/2002,2001-01-31T19:45:00,Leeds,Coventry,https://www.xscores.com/soccer/match/leeds-vs-coventry/31-01-2001/871360
2001/2002,2001-01-31T19:45:00,Manchester City,Liverpool,https://www.xscores.com/soccer/match/manchester-city-vs-liverpool/31-01-2001/871362
2001/2002,2001-01-31T19:45:00,Southampton,Leicester,https://www.xscores.com/soccer/match/southampton-vs-leicester/31-01-2001/871363
2001/2002,2001-01-31T19:45:00,West Ham,Tottenham,https://www.xscores.com/soccer/match/west-ham-vs-tottenham/31-01-2001/871364
2001/2002,2001-01-31T20:00:00,Everton,Middlesbrough,https://www.xscores.com/soccer/match/everton-vs-middlesbrough/31-01-2001/871365
2001/2002,2001-03-10T15:00:00,Aston Villa,Ipswich,https://www.xscores.com/soccer/match/aston-villa-vs-ipswich/10-03-2001/871366
2001/2002,2001-02-03T15:00:00,Bradford,Aston Villa,https://www.xscores.com/soccer/match/bradford-vs-aston-villa/03-02-2001/871367
2001/2002,2001-02-03T15:00:00,Coventry,Arsenal,https://www.xscores.com/soccer/match/coventry-vs-arsenal/03-02-2001/871368
2001/2002,2001-02-03T15:00:00,Derby,Sunderland,https://www.xscores.com/soccer/match/derby-vs-sunderland/03-02-2001/871369
2001/2002,2001-02-03T15:00:00,Ipswich,Leeds,https://www.xscores.com/soccer/match/ipswich-vs-leeds/03-02-2001/871370
2001/2002,2001-02-03T15:00:00,Leicester,Chelsea,https://www.xscores.com/soccer/match/leicester-vs-chelsea/03-02-2001/871371
2001/2002,2001-02-03T15:00:00,Liverpool,West Ham,https://www.xscores.com/soccer/match/liverpool-vs-west-ham/03-02-2001/871372
2001/2002,2001-02-03T15:00:00,Manchester United,Everton,https://www.xscores.com/soccer/match/manchester-united-vs-everton/03-02-2001/871373
2001/2002,2001-02-03T15:00:00,Middlesbrough,Manchester City,https://www.xscores.com/soccer/match/middlesbrough-vs-manchester-city/03-02-2001/871374
2001/2002,2001-02-03T15:00:00,Newcastle,Southampton,https://www.xscores.com/soccer/match/newcastle-vs-southampton/03-02-2001/873940
2001/2002,2001-02-03T15:00:00,Tottenham,Charlton,https://www.xscores.com/soccer/match/tottenham-vs-charlton/03-02-2001/871375
2001/2002,2001-02-10T15:00:00,Arsenal,Ipswich,https://www.xscores.com/soccer/match/arsenal-vs-ipswich/10-02-2001/871382
2001/2002,2001-02-10T15:00:00,Aston Villa,Middlesbrough,https://www.xscores.com/soccer/match/aston-villa-vs-middlesbrough/10-02-2001/871383
2001/2002,2001-02-10T15:00:00,Chelsea,Manchester United,https://www.xscores.com/soccer/match/chelsea-vs-manchester-united/10-02-2001/871376
2001/2002,2001-02-10T15:00:00,Everton,Leicester,https://www.xscores.com/soccer/match/everton-vs-leicester/10-02-2001/871377
2001/2002,2001-02-10T15:00:00,Leeds,Derby,https://www.xscores.com/soccer/match/leeds-vs-derby/10-02-2001/871378
2001/2002,2001-02-10T15:00:00,Manchester City,Tottenham,https://www.xscores.com/soccer/match/manchester-city-vs-tottenham/10-02-2001/871379
2001/2002,2001-02-10T15:00:00,Southampton,Bradford,https://www.xscores.com/soccer/match/southampton-vs-bradford/10-02-2001/871380
2001/2002,2001-02-10T15:00:00,Sunderland,Liverpool,https://www.xscores.com/soccer/match/sunderland-vs-liverpool/10-02-2001/871381
2001/2002,2001-02-11T16:00:00,Charlton,Newcastle,https://www.xscores.com/soccer/match/charlton-vs-newcastle/11-02-2001/871384
2001/2002,2001-02-12T20:00:00,West Ham,Coventry,https://www.xscores.com/soccer/match/west-ham-vs-coventry/12-02-2001/871385
2001/2002,2001-02-24T15:00:00,Bradford,West Ham,https://www.xscores.com/soccer/match/bradford-vs-west-ham/24-02-2001/871386
2001/2002,2001-02-24T15:00:00,Coventry,Charlton,https://www.xscores.com/soccer/match/coventry-vs-charlton/24-02-2001/871387
2001/2002,2001-02-24T15:00:00,Derby,Aston Villa,https://www.xscores.com/soccer/match/derby-vs-aston-villa/24-02-2001/871388
2001/2002,2001-02-24T15:00:00,Ipswich,Everton,https://www.xscores.com/soccer/match/ipswich-vs-everton/24-02-2001/871389
2001/2002,2001-02-24T15:00:00,Leicester,Sunderland,https://www.xscores.com/soccer/match/leicester-vs-sunderland/24-02-2001/871390
2001/2002,2001-02-24T15:00:00,Middlesbrough,Southampton,https://www.xscores.com/soccer/match/middlesbrough-vs-southampton/24-02-2001/871391
2001/2002,2001-02-24T15:00:00,Newcastle,Manchester City,https://www.xscores.com/soccer/match/newcastle-vs-manchester-city/24-02-2001/871392
2001/2002,2001-02-24T15:00:00,Tottenham,Leeds,https://www.xscores.com/soccer/match/tottenham-vs-leeds/24-02-2001/871393
2001/2002,2001-02-25T13:00:00,Liverpool,Chelsea,https://www.xscores.com/soccer/match/liverpool-vs-chelsea/25-02-2001/873946
2001/2002,2001-02-25T13:00:00,Manchester United,Arsenal,https://www.xscores.com/soccer/match/manchester-united-vs-arsenal/25-02-2001/871394
2001/2002,2001-03-03T11:30:00,Leeds,Manchester United,https://www.xscores.com/soccer/match/leeds-vs-manchester-united/03-03-2001/871395
2001/2002,2001-03-03T15:00:00,Arsenal,West Ham,https://www.xscores.com/soccer/match/arsenal-vs-west-ham/03-03-2001/871399
2001/2002,2001-03-03T15:00:00,Coventry,Chelsea,https://www.xscores.com/soccer/match/coventry-vs-chelsea/03-03-2001/871400
2001/2002,2001-03-03T15:00:00,Derby,Tottenham,https://www.xscores.com/soccer/match/derby-vs-tottenham/03-03-2001/871401
2001/2002,2001-03-03T15:00:00,Everton,Newcastle,https://www.xscores.com/soccer/match/everton-vs-newcastle/03-03-2001/871402
2001/2002,2001-03-03T15:00:00,Leicester,Liverpool,https://www.xscores.com/soccer/match/leicester-vs-liverpool/03-03-2001/871396
2001/2002,2001-03-03T15:00:00,Manchester City,Southampton,https://www.xscores.com/soccer/match/manchester-city-vs-southampton/03-03-2001/871397
2001/2002,2001-03-03T15:00:00,Middlesbrough,Charlton,https://www.xscores.com/soccer/match/middlesbrough-vs-charlton/03-03-2001/871398
2001/2002,2001-03-04T16:00:00,Ipswich,Bradford,https://www.xscores.com/soccer/match/ipswich-vs-bradford/04-03-2001/871403
2001/2002,2001-03-05T20:00:00,Sunderland,Aston Villa,https://www.xscores.com/soccer/match/sunderland-vs-aston-villa/05-03-2001/871404
2001/2002,2001-03-17T15:00:00,Bradford,Manchester City,https://www.xscores.com/soccer/match/bradford-vs-manchester-city/17-03-2001/871405
2001/2002,2001-03-17T15:00:00,Charlton,Leeds,https://www.xscores.com/soccer/match/charlton-vs-leeds/17-03-2001/871406
2001/2002,2001-03-17T15:00:00,Chelsea,Sunderland,https://www.xscores.com/soccer/match/chelsea-vs-sunderland/17-03-2001/871407
2001/2002,2001-03-17T15:00:00,Manchester United,Leicester,https://www.xscores.com/soccer/match/manchester-united-vs-leicester/17-03-2001/871408
2001/2002,2001-03-17T15:00:00,Newcastle,Middlesbrough,https://www.xscores.com/soccer/match/newcastle-vs-middlesbrough/17-03-2001/871409
2001/2002,2001-03-17T15:00:00,Southampton,Everton,https://www.xscores.com/soccer/match/southampton-vs-everton/17-03-2001/871410
2001/2002,2001-03-17T15:00:00,Tottenham,Coventry,https://www.xscores.com/soccer/match/tottenham-vs-coventry/17-03-2001/871411
2001/2002,2001-03-17T15:00:00,West Ham,Ipswich,https://www.xscores.com/soccer/match/west-ham-vs-ipswich/17-03-2001/871412
2001/2002,2001-03-18T15:00:00,Liverpool,Derby,https://www.xscores.com/soccer/match/liverpool-vs-derby/18-03-2001/871413
2001/2002,2001-03-18T16:00:00,Aston Villa,Arsenal,https://www.xscores.com/soccer/match/aston-villa-vs-arsenal/18-03-2001/871414
2001/2002,2001-03-31T13:00:00,Liverpool,Manchester United,https://www.xscores.com/soccer/match/liverpool-vs-manchester-united/31-03-2001/871415
2001/2002,2001-03-31T16:00:00,Arsenal,Tottenham,https://www.xscores.com/soccer/match/arsenal-vs-tottenham/31-03-2001/871419
2001/2002,2001-03-31T16:00:00,Bradford,Newcastle,https://www.xscores.com/soccer/match/bradford-vs-newcastle/31-03-2001/871420
2001/2002,2001-03-31T16:00:00,Charlton,Leicester,https://www.xscores.com/soccer/match/charlton-vs-leicester/31-03-2001/873941
2001/2002,2001-03-31T16:00:00,Chelsea,Middlesbrough,https://www.xscores.com/soccer/match/chelsea-vs-middlesbrough/31-03-2001/871421
2001/2002,2001-03-31T16:00:00,Coventry,Derby,https://www.xscores.com/soccer/match/coventry-vs-derby/31-03-2001/871422
2001/2002,2001-03-31T16:00:00,Manchester City,Aston Villa,https://www.xscores.com/soccer/match/manchester-city-vs-aston-villa/31-03-2001/871416
2001/2002,2001-03-31T16:00:00,Southampton,Ipswich,https://www.xscores.com/soccer/match/southampton-vs-ipswich/31-03-2001/873942
2001/2002,2001-03-31T16:00:00,Sunderland,Leeds,https://www.xscores.com/soccer/match/sunderland-vs-leeds/31-03-2001/871417
2001/2002,2001-03-31T16:00:00,West Ham,Everton,https://www.xscores.com/soccer/match/west-ham-vs-everton/31-03-2001/871418
2001/2002,2001-04-01T17:00:00,Charlton,Leicester,https://www.xscores.com/soccer/match/charlton-vs-leicester/01-04-2001/871423
2001/2002,2001-04-02T21:00:00,Southampton,Ipswich,https://www.xscores.com/soccer/match/southampton-vs-ipswich/02-04-2001/871424
2001/2002,2001-04-04T20:45:00,Aston Villa,Leicester,https://www.xscores.com/soccer/match/aston-villa-vs-leicester/04-04-2001/871425
2001/2002,2001-04-07T16:00:00,Aston Villa,West Ham,https://www.xscores.com/soccer/match/aston-villa-vs-west-ham/07-04-2001/871426
2001/2002,2001-04-07T16:00:00,Derby,Chelsea,https://www.xscores.com/soccer/match/derby-vs-chelsea/07-04-2001/871427
2001/2002,2001-04-07T16:00:00,Leeds,Southampton,https://www.xscores.com/soccer/match/leeds-vs-southampton/07-04-2001/871428
2001/2002,2001-04-07T16:00:00,Leicester,Coventry,https://www.xscores.com/soccer/match/leicester-vs-coventry/07-04-2001/871429
2001/2002,2001-04-08T16:00:00,Everton,Manchester City,https://www.xscores.com/soccer/match/everton-vs-manchester-city/08-04-2001/871430
2001/2002,2001-04-08T16:00:00,Manchester United,Charlton,https://www.xscores.com/soccer/match/manchester-united-vs-charlton/08-04-2001/873944
2001/2002,2001-04-08T16:00:00,Middlesbrough,Sunderland,https://www.xscores.com/soccer/match/middlesbrough-vs-sunderland/08-04-2001/873943
2001/2002,2001-04-09T21:00:00,Middlesbrough,Sunderland,https://www.xscores.com/soccer/match/middlesbrough-vs-sunderland/09-04-2001/871431
2001/2002,2001-04-10T20:45:00,Ipswich,Liverpool,https://www.xscores.com/soccer/match/ipswich-vs-liverpool/10-04-2001/871432
2001/2002,2001-04-10T20:45:00,Tottenham,Bradford,https://www.xscores.com/soccer/match/tottenham-vs-bradford/10-04-2001/871433
2001/2002,2001-04-10T21:00:00,Manchester United,Charlton,https://www.xscores.com/soccer/match/manchester-united-vs-charlton/10-04-2001/871434
2001/2002,2001-04-11T20:45:00,Manchester City,Arsenal,https://www.xscores.com/soccer/match/manchester-city-vs-arsenal/11-04-2001/871435
2001/2002,2001-04-13T12:30:00,Liverpool,Leeds,https://www.xscores.com/soccer/match/liverpool-vs-leeds/13-04-2001/871436
2001/2002,2001-04-13T17:00:00,Bradford,Charlton,https://www.xscores.com/soccer/match/bradford-vs-charlton/13-04-2001/871437
2001/2002,2001-04-14T16:00:00,Arsenal,Middlesbrough,https://www.xscores.com/soccer/match/arsenal-vs-middlesbrough/14-04-2001/871438
2001/2002,2001-04-14T16:00:00,Aston Villa,Everton,https://www.xscores.com/soccer/match/aston-villa-vs-everton/14-04-2001/871439
2001/2002,2001-04-14T16:00:00,Chelsea,Southampton,https://www.xscores.com/soccer/match/chelsea-vs-southampton/14-04-2001/871440
2001/2002,2001-04-14T13:00:00,Manchester United,Coventry,https://www.xscores.com/soccer/match/manchester-united-vs-coventry/14-04-2001/871441
2001/2002,2001-04-14T16:00:00,Ipswich,Newcastle,https://www.xscores.com/soccer/match/ipswich-vs-newcastle/14-04-2001/871444
2001/2002,2001-04-14T16:00:00,Leicester,Manchester City,https://www.xscores.com/soccer/match/leicester-vs-manchester-city/14-04-2001/871445
2001/2002,2001-04-14T16:00:00,Sunderland,Tottenham,https://www.xscores.com/soccer/match/sunderland-vs-tottenham/14-04-2001/871442
2001/2002,2001-04-14T16:00:00,West Ham,Derby,https://www.xscores.com/soccer/match/west-ham-vs-derby/14-04-2001/871443
2001/2002,2001-04-16T16:00:00,Coventry,Sunderland,https://www.xscores.com/soccer/match/coventry-vs-sunderland/16-04-2001/871448
2001/2002,2001-04-16T16:00:00,Derby,Leicester,https://www.xscores.com/soccer/match/derby-vs-leicester/16-04-2001/871449
2001/2002,2001-04-16T16:00:00,Middlesbrough,Ipswich,https://www.xscores.com/soccer/match/middlesbrough-vs-ipswich/16-04-2001/871446
2001/2002,2001-04-16T16:00:00,Newcastle,West Ham,https://www.xscores.com/soccer/match/newcastle-vs-west-ham/16-04-2001/871447
2001/2002,2001-04-16T19:00:00,Everton,Liverpool,https://www.xscores.com/soccer/match/everton-vs-liverpool/16-04-2001/871450
2001/2002,2001-04-21T13:00:00,Manchester United,Manchester City,https://www.xscores.com/soccer/match/manchester-united-vs-manchester-city/21-04-2001/871451
2001/2002,2001-04-21T16:00:00,Arsenal,Everton,https://www.xscores.com/soccer/match/arsenal-vs-everton/21-04-2001/871453
2001/2002,2001-04-21T16:00:00,Aston Villa,Southampton,https://www.xscores.com/soccer/match/aston-villa-vs-southampton/21-04-2001/871454
2001/2002,2001-04-21T16:00:00,Bradford,Derby,https://www.xscores.com/soccer/match/bradford-vs-derby/21-04-2001/871455
2001/2002,2001-04-21T16:00:00,Chelsea,Charlton,https://www.xscores.com/soccer/match/chelsea-vs-charlton/21-04-2001/871456
2001/2002,2001-04-21T16:00:00,Ipswich,Coventry,https://www.xscores.com/soccer/match/ipswich-vs-coventry/21-04-2001/871457
2001/2002,2001-04-21T16:00:00,Leicester,Middlesbrough,https://www.xscores.com/soccer/match/leicester-vs-middlesbrough/21-04-2001/871458
2001/2002,2001-04-21T16:00:00,West Ham,Leeds,https://www.xscores.com/soccer/match/west-ham-vs-leeds/21-04-2001/871452
2001/2002,2001-04-21T18:15:00,Sunderland,Newcastle,https://www.xscores.com/soccer/match/sunderland-vs-newcastle/21-04-2001/871459
2001/2002,2001-04-22T16:00:00,Liverpool,Tottenham,https://www.xscores.com/soccer/match/liverpool-vs-tottenham/22-04-2001/871460
2001/2002,2001-04-28T13:00:00,Leeds,Chelsea,https://www.xscores.com/soccer/match/leeds-vs-chelsea/28-04-2001/871461
2001/2002,2001-04-28T16:00:00,Coventry,Liverpool,https://www.xscores.com/soccer/match/coventry-vs-liverpool/28-04-2001/871467
2001/2002,2001-04-28T16:00:00,Derby,Arsenal,https://www.xscores.com/soccer/match/derby-vs-arsenal/28-04-2001/871468
2001/2002,2001-04-28T16:00:00,Everton,Bradford,https://www.xscores.com/soccer/match/everton-vs-bradford/28-04-2001/871469
2001/2002,2001-04-28T16:00:00,Manchester City,West Ham,https://www.xscores.com/soccer/match/manchester-city-vs-west-ham/28-04-2001/871462
2001/2002,2001-04-28T16:00:00,Middlesbrough,Manchester United,https://www.xscores.com/soccer/match/middlesbrough-vs-manchester-united/28-04-2001/871463
2001/2002,2001-04-28T16:00:00,Newcastle,Leicester,https://www.xscores.com/soccer/match/newcastle-vs-leicester/28-04-2001/871464
2001/2002,2001-04-28T16:00:00,Southampton,Sunderland,https://www.xscores.com/soccer/match/southampton-vs-sunderland/28-04-2001/871465
2001/2002,2001-04-28T16:00:00,Tottenham,Aston Villa,https://www.xscores.com/soccer/match/tottenham-vs-aston-villa/28-04-2001/871466
2001/2002,2001-04-30T21:00:00,Charlton,Ipswich,https://www.xscores.com/soccer/match/charlton-vs-ipswich/30-04-2001/871470
2001/2002,2001-05-05T16:00:00,Arsenal,Leeds,https://www.xscores.com/soccer/match/arsenal-vs-leeds/05-05-2001/871471
2001/2002,2001-05-05T16:00:00,Aston Villa,Coventry,https://www.xscores.com/soccer/match/aston-villa-vs-coventry/05-05-2001/871472
2001/2002,2001-05-05T16:00:00,Bradford,Middlesbrough,https://www.xscores.com/soccer/match/bradford-vs-middlesbrough/05-05-2001/871473
2001/2002,2001-05-05T16:00:00,Chelsea,Everton,https://www.xscores.com/soccer/match/chelsea-vs-everton/05-05-2001/871474
2001/2002,2001-05-05T16:00:00,Leicester,Tottenham,https://www.xscores.com/soccer/match/leicester-vs-tottenham/05-05-2001/871475
2001/2002,2001-05-05T16:00:00,Liverpool,Newcastle,https://www.xscores.com/soccer/match/liverpool-vs-newcastle/05-05-2001/871476
2001/2002,2001-05-05T16:00:00,Manchester United,Derby,https://www.xscores.com/soccer/match/manchester-united-vs-derby/05-05-2001/871479
2001/2002,2001-05-05T16:00:00,Sunderland,Charlton,https://www.xscores.com/soccer/match/sunderland-vs-charlton/05-05-2001/871477
2001/2002,2001-05-05T16:00:00,West Ham,Southampton,https://www.xscores.com/soccer/match/west-ham-vs-southampton/05-05-2001/871478
2001/2002,2001-05-06T21:00:00,Ipswich,Manchester City,https://www.xscores.com/soccer/match/ipswich-vs-manchester-city/06-05-2001/871480
2001/2002,2001-05-19T16:00:00,Charlton,Liverpool,https://www.xscores.com/soccer/match/charlton-vs-liverpool/19-05-2001/871481
2001/2002,2001-05-19T16:00:00,Coventry,Bradford,https://www.xscores.com/soccer/match/coventry-vs-bradford/19-05-2001/871482
2001/2002,2001-05-19T16:00:00,Derby,Ipswich,https://www.xscores.com/soccer/match/derby-vs-ipswich/19-05-2001/871483
2001/2002,2001-05-19T16:00:00,Everton,Sunderland,https://www.xscores.com/soccer/match/everton-vs-sunderland/19-05-2001/871484
2001/2002,2001-05-19T16:00:00,Leeds,Leicester,https://www.xscores.com/soccer/match/leeds-vs-leicester/19-05-2001/871485
2001/2002,2001-05-19T16:00:00,Manchester City,Chelsea,https://www.xscores.com/soccer/match/manchester-city-vs-chelsea/19-05-2001/871486
2001/2002,2001-05-19T16:00:00,Middlesbrough,West Ham,https://www.xscores.com/soccer/match/middlesbrough-vs-west-ham/19-05-2001/871487
2001/2002,2001-05-19T16:00:00,Newcastle,Aston Villa,https://www.xscores.com/soccer/match/newcastle-vs-aston-villa/19-05-2001/871488
2001/2002,2001-05-19T16:00:00,Southampton,Arsenal,https://www.xscores.com/soccer/match/southampton-vs-arsenal/19-05-2001/871489
2001/2002,2001-05-19T16:00:00,Tottenham,Manchester United,https://www.xscores.com/soccer/match/tottenham-vs-manchester-united/19-05-2001/871490
