season,date,home_team,away_team,url
1994/1995,1994-08-20T01:00:00,Arsenal,Manchester City,https://www.xscores.com/soccer/match/arsenal-vs-manchester-city/20-08-1994/1592675
1994/1995,1994-08-20T01:00:00,Chelsea,Norwich,https://www.xscores.com/soccer/match/chelsea-vs-norwich/20-08-1994/1592676
1994/1995,1994-08-20T01:00:00,Coventry,AFC Wimbledon,https://www.xscores.com/soccer/match/coventry-vs-afc-wimbledon/20-08-1994/1592677
1994/1995,1994-08-20T01:00:00,Crystal Palace,Liverpool,https://www.xscores.com/soccer/match/crystal-palace-vs-liverpool/20-08-1994/1592678
1994/1995,1994-08-20T01:00:00,Everton,Aston Villa,https://www.xscores.com/soccer/match/everton-vs-aston-villa/20-08-1994/1592679
1994/1995,1994-08-20T01:00:00,Ipswich,Nottingham Forest,https://www.xscores.com/soccer/match/ipswich-vs-nottingham-forest/20-08-1994/1592680
1994/1995,1994-08-20T01:00:00,Manchester United,Queens Park Rangers,https://www.xscores.com/soccer/match/manchester-united-vs-queens-park-rangers/20-08-1994/1592681
1994/1995,1994-08-20T01:00:00,Sheffield Wednesday,Tottenham,https://www.xscores.com/soccer/match/sheffield-wednesday-vs-tottenham/20-08-1994/1592682
1994/1995,1994-08-20T01:00:00,Southampton,Blackburn,https://www.xscores.com/soccer/match/southampton-vs-blackburn/20-08-1994/1592683
1994/1995,1994-08-20T01:00:00,West Ham,Leeds,https://www.xscores.com/soccer/match/west-ham-vs-leeds/20-08-1994/1592684
1994/1995,1994-08-21T01:00:00,Leicester,Newcastle,https://www.xscores.com/soccer/match/leicester-vs-newcastle/21-08-1994/1592685
1994/1995,1994-08-22T01:00:00,Nottingham Forest,Manchester United,https://www.xscores.com/soccer/match/nottingham-forest-vs-manchester-united/22-08-1994/1592686
1994/1995,1994-08-23T01:00:00,AFC Wimbledon,Ipswich,https://www.xscores.com/soccer/match/afc-wimbledon-vs-ipswich/23-08-1994/1592689
1994/1995,1994-08-23T01:00:00,Blackburn,Leicester,https://www.xscores.com/soccer/match/blackburn-vs-leicester/23-08-1994/1592687
1994/1995,1994-08-23T01:00:00,Leeds,Arsenal,https://www.xscores.com/soccer/match/leeds-vs-arsenal/23-08-1994/1592688
1994/1995,1994-08-24T01:00:00,Aston Villa,Southampton,https://www.xscores.com/soccer/match/aston-villa-vs-southampton/24-08-1994/1592690
1994/1995,1994-08-24T01:00:00,Manchester City,West Ham,https://www.xscores.com/soccer/match/manchester-city-vs-west-ham/24-08-1994/1592691
1994/1995,1994-08-24T01:00:00,Newcastle,Coventry,https://www.xscores.com/soccer/match/newcastle-vs-coventry/24-08-1994/1592692
1994/1995,1994-08-24T01:00:00,Norwich,Crystal Palace,https://www.xscores.com/soccer/match/norwich-vs-crystal-palace/24-08-1994/1592693
1994/1995,1994-08-24T01:00:00,Queens Park Rangers,Sheffield Wednesday,https://www.xscores.com/soccer/match/queens-park-rangers-vs-sheffield-wednesday/24-08-1994/1592694
1994/1995,1994-08-24T01:00:00,Tottenham,Everton,https://www.xscores.com/soccer/match/tottenham-vs-everton/24-08-1994/1592695
1994/1995,1994-08-27T01:00:00,Aston Villa,Crystal Palace,https://www.xscores.com/soccer/match/aston-villa-vs-crystal-palace/27-08-1994/1592696
1994/1995,1994-08-27T01:00:00,AFC Wimbledon,Sheffield Wednesday,https://www.xscores.com/soccer/match/afc-wimbledon-vs-sheffield-wednesday/27-08-1994/1592705
1994/1995,1994-08-27T01:00:00,Blackburn,Coventry,https://www.xscores.com/soccer/match/blackburn-vs-coventry/27-08-1994/1592697
1994/1995,1994-08-27T01:00:00,Leeds,Chelsea,https://www.xscores.com/soccer/match/leeds-vs-chelsea/27-08-1994/1592698
1994/1995,1994-08-27T01:00:00,Manchester City,Everton,https://www.xscores.com/soccer/match/manchester-city-vs-everton/27-08-1994/1592699
1994/1995,1994-08-27T01:00:00,Newcastle,Southampton,https://www.xscores.com/soccer/match/newcastle-vs-southampton/27-08-1994/1592700
1994/1995,1994-08-27T01:00:00,Norwich,West Ham,https://www.xscores.com/soccer/match/norwich-vs-west-ham/27-08-1994/1592701
1994/1995,1994-08-27T01:00:00,Nottingham Forest,Leicester,https://www.xscores.com/soccer/match/nottingham-forest-vs-leicester/27-08-1994/1592702
1994/1995,1994-08-27T01:00:00,Queens Park Rangers,Ipswich,https://www.xscores.com/soccer/match/queens-park-rangers-vs-ipswich/27-08-1994/1592703
1994/1995,1994-08-27T01:00:00,Tottenham,Manchester United,https://www.xscores.com/soccer/match/tottenham-vs-manchester-united/27-08-1994/1592704
1994/1995,1994-08-28T01:00:00,Liverpool,Arsenal,https://www.xscores.com/soccer/match/liverpool-vs-arsenal/28-08-1994/1592706
1994/1995,1994-08-29T01:00:00,Coventry,Aston Villa,https://www.xscores.com/soccer/match/coventry-vs-aston-villa/29-08-1994/1592707
1994/1995,1994-08-30T01:00:00,Crystal Palace,Leeds,https://www.xscores.com/soccer/match/crystal-palace-vs-leeds/30-08-1994/1592708
1994/1995,1994-08-30T01:00:00,Everton,Nottingham Forest,https://www.xscores.com/soccer/match/everton-vs-nottingham-forest/30-08-1994/1592709
1994/1995,1994-08-30T01:00:00,Ipswich,Tottenham,https://www.xscores.com/soccer/match/ipswich-vs-tottenham/30-08-1994/1592710
1994/1995,1994-08-31T01:00:00,Arsenal,Blackburn,https://www.xscores.com/soccer/match/arsenal-vs-blackburn/31-08-1994/1592711
1994/1995,1994-08-31T01:00:00,Chelsea,Manchester City,https://www.xscores.com/soccer/match/chelsea-vs-manchester-city/31-08-1994/1592712
1994/1995,1994-08-31T01:00:00,Leicester,Queens Park Rangers,https://www.xscores.com/soccer/match/leicester-vs-queens-park-rangers/31-08-1994/1592713
1994/1995,1994-08-31T01:00:00,Manchester United,AFC Wimbledon,https://www.xscores.com/soccer/match/manchester-united-vs-afc-wimbledon/31-08-1994/1592714
1994/1995,1994-08-31T01:00:00,Sheffield Wednesday,Norwich,https://www.xscores.com/soccer/match/sheffield-wednesday-vs-norwich/31-08-1994/1592715
1994/1995,1994-08-31T01:00:00,Southampton,Liverpool,https://www.xscores.com/soccer/match/southampton-vs-liverpool/31-08-1994/1592716
1994/1995,1994-08-31T01:00:00,West Ham,Newcastle,https://www.xscores.com/soccer/match/west-ham-vs-newcastle/31-08-1994/1592717
1994/1995,1994-09-10T01:00:00,Aston Villa,Ipswich,https://www.xscores.com/soccer/match/aston-villa-vs-ipswich/10-09-1994/1592718
1994/1995,1994-09-10T01:00:00,AFC Wimbledon,Leicester,https://www.xscores.com/soccer/match/afc-wimbledon-vs-leicester/10-09-1994/1592726
1994/1995,1994-09-10T01:00:00,Blackburn,Everton,https://www.xscores.com/soccer/match/blackburn-vs-everton/10-09-1994/1592719
1994/1995,1994-09-10T01:00:00,Liverpool,West Ham,https://www.xscores.com/soccer/match/liverpool-vs-west-ham/10-09-1994/1592720
1994/1995,1994-09-10T01:00:00,Manchester City,Crystal Palace,https://www.xscores.com/soccer/match/manchester-city-vs-crystal-palace/10-09-1994/1592721
1994/1995,1994-09-10T01:00:00,Newcastle,Chelsea,https://www.xscores.com/soccer/match/newcastle-vs-chelsea/10-09-1994/1592722
1994/1995,1994-09-10T01:00:00,Norwich,Arsenal,https://www.xscores.com/soccer/match/norwich-vs-arsenal/10-09-1994/1592723
1994/1995,1994-09-10T01:00:00,Nottingham Forest,Sheffield Wednesday,https://www.xscores.com/soccer/match/nottingham-forest-vs-sheffield-wednesday/10-09-1994/1592724
1994/1995,1994-09-10T01:00:00,Queens Park Rangers,Coventry,https://www.xscores.com/soccer/match/queens-park-rangers-vs-coventry/10-09-1994/1592725
1994/1995,1994-09-11T01:00:00,Leeds,Manchester United,https://www.xscores.com/soccer/match/leeds-vs-manchester-united/11-09-1994/1592727
1994/1995,1994-09-12T01:00:00,Tottenham,Southampton,https://www.xscores.com/soccer/match/tottenham-vs-southampton/12-09-1994/1592728
1994/1995,1994-09-17T01:00:00,Coventry,Leeds,https://www.xscores.com/soccer/match/coventry-vs-leeds/17-09-1994/1592729
1994/1995,1994-09-17T01:00:00,Crystal Palace,AFC Wimbledon,https://www.xscores.com/soccer/match/crystal-palace-vs-afc-wimbledon/17-09-1994/1592730
1994/1995,1994-09-17T01:00:00,Everton,Queens Park Rangers,https://www.xscores.com/soccer/match/everton-vs-queens-park-rangers/17-09-1994/1592731
1994/1995,1994-09-17T01:00:00,Leicester,Tottenham,https://www.xscores.com/soccer/match/leicester-vs-tottenham/17-09-1994/1592732
1994/1995,1994-09-17T01:00:00,Manchester United,Liverpool,https://www.xscores.com/soccer/match/manchester-united-vs-liverpool/17-09-1994/1592733
1994/1995,1994-09-17T01:00:00,Sheffield Wednesday,Manchester City,https://www.xscores.com/soccer/match/sheffield-wednesday-vs-manchester-city/17-09-1994/1592734
1994/1995,1994-09-17T01:00:00,Southampton,Nottingham Forest,https://www.xscores.com/soccer/match/southampton-vs-nottingham-forest/17-09-1994/1592735
1994/1995,1994-09-17T01:00:00,West Ham,Aston Villa,https://www.xscores.com/soccer/match/west-ham-vs-aston-villa/17-09-1994/1592736
1994/1995,1994-09-18T01:00:00,Arsenal,Newcastle,https://www.xscores.com/soccer/match/arsenal-vs-newcastle/18-09-1994/1592737
1994/1995,1994-09-18T01:00:00,Chelsea,Blackburn,https://www.xscores.com/soccer/match/chelsea-vs-blackburn/18-09-1994/1592738
1994/1995,1994-09-19T01:00:00,Ipswich,Norwich,https://www.xscores.com/soccer/match/ipswich-vs-norwich/19-09-1994/1592739
1994/1995,1994-09-24T01:00:00,Blackburn,Aston Villa,https://www.xscores.com/soccer/match/blackburn-vs-aston-villa/24-09-1994/1592740
1994/1995,1994-09-24T01:00:00,Coventry,Southampton,https://www.xscores.com/soccer/match/coventry-vs-southampton/24-09-1994/1592741
1994/1995,1994-09-24T01:00:00,Crystal Palace,Chelsea,https://www.xscores.com/soccer/match/crystal-palace-vs-chelsea/24-09-1994/1592742
1994/1995,1994-09-24T01:00:00,Everton,Leicester,https://www.xscores.com/soccer/match/everton-vs-leicester/24-09-1994/1592743
1994/1995,1994-09-24T01:00:00,Ipswich,Manchester United,https://www.xscores.com/soccer/match/ipswich-vs-manchester-united/24-09-1994/1592744
1994/1995,1994-09-24T01:00:00,Manchester City,Norwich,https://www.xscores.com/soccer/match/manchester-city-vs-norwich/24-09-1994/1592745
1994/1995,1994-09-24T01:00:00,Newcastle,Liverpool,https://www.xscores.com/soccer/match/newcastle-vs-liverpool/24-09-1994/1592746
1994/1995,1994-09-24T01:00:00,Queens Park Rangers,AFC Wimbledon,https://www.xscores.com/soccer/match/queens-park-rangers-vs-afc-wimbledon/24-09-1994/1592747
1994/1995,1994-09-24T01:00:00,Tottenham,Nottingham Forest,https://www.xscores.com/soccer/match/tottenham-vs-nottingham-forest/24-09-1994/1592748
1994/1995,1994-09-25T01:00:00,West Ham,Arsenal,https://www.xscores.com/soccer/match/west-ham-vs-arsenal/25-09-1994/1592749
1994/1995,1994-09-26T01:00:00,Sheffield Wednesday,Leeds,https://www.xscores.com/soccer/match/sheffield-wednesday-vs-leeds/26-09-1994/1592750
1994/1995,1994-10-01T01:00:00,Arsenal,Crystal Palace,https://www.xscores.com/soccer/match/arsenal-vs-crystal-palace/01-10-1994/1592751
1994/1995,1994-10-01T01:00:00,AFC Wimbledon,Tottenham,https://www.xscores.com/soccer/match/afc-wimbledon-vs-tottenham/01-10-1994/1592758
1994/1995,1994-10-01T01:00:00,Aston Villa,Newcastle,https://www.xscores.com/soccer/match/aston-villa-vs-newcastle/01-10-1994/1592752
1994/1995,1994-10-01T01:00:00,Leeds,Manchester City,https://www.xscores.com/soccer/match/leeds-vs-manchester-city/01-10-1994/1592753
1994/1995,1994-10-01T01:00:00,Liverpool,Sheffield Wednesday,https://www.xscores.com/soccer/match/liverpool-vs-sheffield-wednesday/01-10-1994/1592754
1994/1995,1994-10-01T01:00:00,Manchester United,Everton,https://www.xscores.com/soccer/match/manchester-united-vs-everton/01-10-1994/1592755
1994/1995,1994-10-01T01:00:00,Norwich,Blackburn,https://www.xscores.com/soccer/match/norwich-vs-blackburn/01-10-1994/1592756
1994/1995,1994-10-01T01:00:00,Southampton,Ipswich,https://www.xscores.com/soccer/match/southampton-vs-ipswich/01-10-1994/1592757
1994/1995,1994-10-02T01:00:00,Chelsea,West Ham,https://www.xscores.com/soccer/match/chelsea-vs-west-ham/02-10-1994/1592759
1994/1995,1994-10-02T01:00:00,Nottingham Forest,Queens Park Rangers,https://www.xscores.com/soccer/match/nottingham-forest-vs-queens-park-rangers/02-10-1994/1592760
1994/1995,1994-10-03T01:00:00,Leicester,Coventry,https://www.xscores.com/soccer/match/leicester-vs-coventry/03-10-1994/1592761
1994/1995,1994-10-08T01:00:00,Chelsea,Leicester,https://www.xscores.com/soccer/match/chelsea-vs-leicester/08-10-1994/1592762
1994/1995,1994-10-08T01:00:00,AFC Wimbledon,Arsenal,https://www.xscores.com/soccer/match/afc-wimbledon-vs-arsenal/08-10-1994/1592770
1994/1995,1994-10-08T01:00:00,Liverpool,Aston Villa,https://www.xscores.com/soccer/match/liverpool-vs-aston-villa/08-10-1994/1592763
1994/1995,1994-10-08T01:00:00,Manchester City,Nottingham Forest,https://www.xscores.com/soccer/match/manchester-city-vs-nottingham-forest/08-10-1994/1592764
1994/1995,1994-10-08T01:00:00,Norwich,Leeds,https://www.xscores.com/soccer/match/norwich-vs-leeds/08-10-1994/1592765
1994/1995,1994-10-08T01:00:00,Sheffield Wednesday,Manchester United,https://www.xscores.com/soccer/match/sheffield-wednesday-vs-manchester-united/08-10-1994/1592766
1994/1995,1994-10-08T01:00:00,Southampton,Everton,https://www.xscores.com/soccer/match/southampton-vs-everton/08-10-1994/1592767
1994/1995,1994-10-08T01:00:00,Tottenham,Queens Park Rangers,https://www.xscores.com/soccer/match/tottenham-vs-queens-park-rangers/08-10-1994/1592768
1994/1995,1994-10-08T01:00:00,West Ham,Crystal Palace,https://www.xscores.com/soccer/match/west-ham-vs-crystal-palace/08-10-1994/1592769
1994/1995,1994-10-09T01:00:00,Newcastle,Blackburn,https://www.xscores.com/soccer/match/newcastle-vs-blackburn/09-10-1994/1592771
1994/1995,1994-10-10T01:00:00,Coventry,Ipswich,https://www.xscores.com/soccer/match/coventry-vs-ipswich/10-10-1994/1592772
1994/1995,1994-10-15T01:00:00,Arsenal,Chelsea,https://www.xscores.com/soccer/match/arsenal-vs-chelsea/15-10-1994/1592773
1994/1995,1994-10-15T01:00:00,Aston Villa,Norwich,https://www.xscores.com/soccer/match/aston-villa-vs-norwich/15-10-1994/1592774
1994/1995,1994-10-15T01:00:00,Blackburn,Liverpool,https://www.xscores.com/soccer/match/blackburn-vs-liverpool/15-10-1994/1592775
1994/1995,1994-10-15T01:00:00,Crystal Palace,Newcastle,https://www.xscores.com/soccer/match/crystal-palace-vs-newcastle/15-10-1994/1592776
1994/1995,1994-10-15T01:00:00,Everton,Coventry,https://www.xscores.com/soccer/match/everton-vs-coventry/15-10-1994/1592777
1994/1995,1994-10-15T01:00:00,Leeds,Tottenham,https://www.xscores.com/soccer/match/leeds-vs-tottenham/15-10-1994/1592778
1994/1995,1994-10-15T01:00:00,Leicester,Southampton,https://www.xscores.com/soccer/match/leicester-vs-southampton/15-10-1994/1592779
1994/1995,1994-10-15T01:00:00,Manchester United,West Ham,https://www.xscores.com/soccer/match/manchester-united-vs-west-ham/15-10-1994/1592780
1994/1995,1994-10-15T01:00:00,Queens Park Rangers,Manchester City,https://www.xscores.com/soccer/match/queens-park-rangers-vs-manchester-city/15-10-1994/1592781
1994/1995,1994-10-16T01:00:00,Ipswich,Sheffield Wednesday,https://www.xscores.com/soccer/match/ipswich-vs-sheffield-wednesday/16-10-1994/1592782
1994/1995,1994-10-17T01:00:00,Nottingham Forest,AFC Wimbledon,https://www.xscores.com/soccer/match/nottingham-forest-vs-afc-wimbledon/17-10-1994/1592783
1994/1995,1994-10-22T01:00:00,Aston Villa,Nottingham Forest,https://www.xscores.com/soccer/match/aston-villa-vs-nottingham-forest/22-10-1994/1592784
1994/1995,1994-10-22T01:00:00,Crystal Palace,Everton,https://www.xscores.com/soccer/match/crystal-palace-vs-everton/22-10-1994/1592785
1994/1995,1994-10-22T01:00:00,Liverpool,AFC Wimbledon,https://www.xscores.com/soccer/match/liverpool-vs-afc-wimbledon/22-10-1994/1592786
1994/1995,1994-10-22T01:00:00,Manchester City,Tottenham,https://www.xscores.com/soccer/match/manchester-city-vs-tottenham/22-10-1994/1592787
1994/1995,1994-10-22T01:00:00,Newcastle,Sheffield Wednesday,https://www.xscores.com/soccer/match/newcastle-vs-sheffield-wednesday/22-10-1994/1592788
1994/1995,1994-10-22T01:00:00,Norwich,Queens Park Rangers,https://www.xscores.com/soccer/match/norwich-vs-queens-park-rangers/22-10-1994/1592789
1994/1995,1994-10-22T01:00:00,West Ham,Southampton,https://www.xscores.com/soccer/match/west-ham-vs-southampton/22-10-1994/1592790
1994/1995,1994-10-23T01:00:00,Arsenal,Coventry,https://www.xscores.com/soccer/match/arsenal-vs-coventry/23-10-1994/1592791
1994/1995,1994-10-23T01:00:00,Blackburn,Manchester United,https://www.xscores.com/soccer/match/blackburn-vs-manchester-united/23-10-1994/1592792
1994/1995,1994-10-23T01:00:00,Chelsea,Ipswich,https://www.xscores.com/soccer/match/chelsea-vs-ipswich/23-10-1994/1592793
1994/1995,1994-10-24T00:00:00,Leeds,Leicester,https://www.xscores.com/soccer/match/leeds-vs-leicester/24-10-1994/1592794
1994/1995,1994-10-29T00:00:00,Coventry,Manchester City,https://www.xscores.com/soccer/match/coventry-vs-manchester-city/29-10-1994/1592795
1994/1995,1994-10-29T00:00:00,Everton,Arsenal,https://www.xscores.com/soccer/match/everton-vs-arsenal/29-10-1994/1592796
1994/1995,1994-10-29T00:00:00,Ipswich,Liverpool,https://www.xscores.com/soccer/match/ipswich-vs-liverpool/29-10-1994/1592797
1994/1995,1994-10-29T00:00:00,Leicester,Crystal Palace,https://www.xscores.com/soccer/match/leicester-vs-crystal-palace/29-10-1994/1592798
1994/1995,1994-10-29T00:00:00,Manchester United,Newcastle,https://www.xscores.com/soccer/match/manchester-united-vs-newcastle/29-10-1994/1592799
1994/1995,1994-10-29T00:00:00,Nottingham Forest,Blackburn,https://www.xscores.com/soccer/match/nottingham-forest-vs-blackburn/29-10-1994/1592800
1994/1995,1994-10-29T00:00:00,Queens Park Rangers,Aston Villa,https://www.xscores.com/soccer/match/queens-park-rangers-vs-aston-villa/29-10-1994/1592801
1994/1995,1994-10-29T00:00:00,Sheffield Wednesday,Chelsea,https://www.xscores.com/soccer/match/sheffield-wednesday-vs-chelsea/29-10-1994/1592802
1994/1995,1994-10-29T00:00:00,Southampton,Leeds,https://www.xscores.com/soccer/match/southampton-vs-leeds/29-10-1994/1592803
1994/1995,1994-10-29T00:00:00,Tottenham,West Ham,https://www.xscores.com/soccer/match/tottenham-vs-west-ham/29-10-1994/1592804
1994/1995,1994-10-30T00:00:00,AFC Wimbledon,Norwich,https://www.xscores.com/soccer/match/afc-wimbledon-vs-norwich/30-10-1994/1592805
1994/1995,1994-10-31T00:00:00,Queens Park Rangers,Liverpool,https://www.xscores.com/soccer/match/queens-park-rangers-vs-liverpool/31-10-1994/1592806
1994/1995,1994-11-01T00:00:00,Everton,West Ham,https://www.xscores.com/soccer/match/everton-vs-west-ham/01-11-1994/1592807
1994/1995,1994-11-01T00:00:00,Ipswich,Leeds,https://www.xscores.com/soccer/match/ipswich-vs-leeds/01-11-1994/1592808
1994/1995,1994-11-02T00:00:00,Coventry,Crystal Palace,https://www.xscores.com/soccer/match/coventry-vs-crystal-palace/02-11-1994/1592809
1994/1995,1994-11-02T00:00:00,Sheffield Wednesday,Blackburn,https://www.xscores.com/soccer/match/sheffield-wednesday-vs-blackburn/02-11-1994/1592810
1994/1995,1994-11-02T00:00:00,Southampton,Norwich,https://www.xscores.com/soccer/match/southampton-vs-norwich/02-11-1994/1592811
1994/1995,1994-11-05T00:00:00,Blackburn,Tottenham,https://www.xscores.com/soccer/match/blackburn-vs-tottenham/05-11-1994/1592812
1994/1995,1994-11-05T00:00:00,Crystal Palace,Ipswich,https://www.xscores.com/soccer/match/crystal-palace-vs-ipswich/05-11-1994/1592813
1994/1995,1994-11-05T00:00:00,Leeds,AFC Wimbledon,https://www.xscores.com/soccer/match/leeds-vs-afc-wimbledon/05-11-1994/1592814
1994/1995,1994-11-05T00:00:00,Liverpool,Nottingham Forest,https://www.xscores.com/soccer/match/liverpool-vs-nottingham-forest/05-11-1994/1592815
1994/1995,1994-11-05T00:00:00,Manchester City,Southampton,https://www.xscores.com/soccer/match/manchester-city-vs-southampton/05-11-1994/1592816
1994/1995,1994-11-05T00:00:00,Newcastle,Queens Park Rangers,https://www.xscores.com/soccer/match/newcastle-vs-queens-park-rangers/05-11-1994/1592817
1994/1995,1994-11-05T00:00:00,Norwich,Everton,https://www.xscores.com/soccer/match/norwich-vs-everton/05-11-1994/1592818
1994/1995,1994-11-05T00:00:00,West Ham,Leicester,https://www.xscores.com/soccer/match/west-ham-vs-leicester/05-11-1994/1592819
1994/1995,1994-11-06T00:00:00,Arsenal,Sheffield Wednesday,https://www.xscores.com/soccer/match/arsenal-vs-sheffield-wednesday/06-11-1994/1592820
1994/1995,1994-11-06T00:00:00,Aston Villa,Manchester United,https://www.xscores.com/soccer/match/aston-villa-vs-manchester-united/06-11-1994/1592821
1994/1995,1994-11-06T00:00:00,Chelsea,Coventry,https://www.xscores.com/soccer/match/chelsea-vs-coventry/06-11-1994/1592822
1994/1995,1994-11-07T00:00:00,Nottingham Forest,Newcastle,https://www.xscores.com/soccer/match/nottingham-forest-vs-newcastle/07-11-1994/1592823
1994/1995,1994-11-09T00:00:00,AFC Wimbledon,Aston Villa,https://www.xscores.com/soccer/match/afc-wimbledon-vs-aston-villa/09-11-1994/1592825
1994/1995,1994-11-09T00:00:00,Liverpool,Chelsea,https://www.xscores.com/soccer/match/liverpool-vs-chelsea/09-11-1994/1592824
1994/1995,1994-11-10T00:00:00,Manchester United,Manchester City,https://www.xscores.com/soccer/match/manchester-united-vs-manchester-city/10-11-1994/1592826
1994/1995,1994-11-19T00:00:00,Coventry,Norwich,https://www.xscores.com/soccer/match/coventry-vs-norwich/19-11-1994/1592828
1994/1995,1994-11-19T00:00:00,Southampton,Arsenal,https://www.xscores.com/soccer/match/southampton-vs-arsenal/19-11-1994/1592827
1994/1995,1994-11-19T00:00:00,AFC Wimbledon,Newcastle,https://www.xscores.com/soccer/match/afc-wimbledon-vs-newcastle/19-11-1994/1592835
1994/1995,1994-11-19T00:00:00,Ipswich,Blackburn,https://www.xscores.com/soccer/match/ipswich-vs-blackburn/19-11-1994/1592829
1994/1995,1994-11-19T00:00:00,Manchester United,Crystal Palace,https://www.xscores.com/soccer/match/manchester-united-vs-crystal-palace/19-11-1994/1592830
1994/1995,1994-11-19T00:00:00,Nottingham Forest,Chelsea,https://www.xscores.com/soccer/match/nottingham-forest-vs-chelsea/19-11-1994/1592831
1994/1995,1994-11-19T00:00:00,Queens Park Rangers,Leeds,https://www.xscores.com/soccer/match/queens-park-rangers-vs-leeds/19-11-1994/1592832
1994/1995,1994-11-19T00:00:00,Sheffield Wednesday,West Ham,https://www.xscores.com/soccer/match/sheffield-wednesday-vs-west-ham/19-11-1994/1592833
1994/1995,1994-11-19T00:00:00,Tottenham,Aston Villa,https://www.xscores.com/soccer/match/tottenham-vs-aston-villa/19-11-1994/1592834
1994/1995,1994-11-20T00:00:00,Leicester,Manchester City,https://www.xscores.com/soccer/match/leicester-vs-manchester-city/20-11-1994/1592836
1994/1995,1994-11-21T00:00:00,Everton,Liverpool,https://www.xscores.com/soccer/match/everton-vs-liverpool/21-11-1994/1592837
1994/1995,1994-11-23T00:00:00,Leicester,Arsenal,https://www.xscores.com/soccer/match/leicester-vs-arsenal/23-11-1994/1592839
1994/1995,1994-11-23T00:00:00,Tottenham,Chelsea,https://www.xscores.com/soccer/match/tottenham-vs-chelsea/23-11-1994/1592838
1994/1995,1994-11-26T00:00:00,Arsenal,Manchester United,https://www.xscores.com/soccer/match/arsenal-vs-manchester-united/26-11-1994/1592840
1994/1995,1994-11-26T00:00:00,Blackburn,Queens Park Rangers,https://www.xscores.com/soccer/match/blackburn-vs-queens-park-rangers/26-11-1994/1592841
1994/1995,1994-11-26T00:00:00,Chelsea,Everton,https://www.xscores.com/soccer/match/chelsea-vs-everton/26-11-1994/1592842
1994/1995,1994-11-26T00:00:00,Crystal Palace,Southampton,https://www.xscores.com/soccer/match/crystal-palace-vs-southampton/26-11-1994/1592843
1994/1995,1994-11-26T00:00:00,Leeds,Nottingham Forest,https://www.xscores.com/soccer/match/leeds-vs-nottingham-forest/26-11-1994/1592844
1994/1995,1994-11-26T00:00:00,Liverpool,Tottenham,https://www.xscores.com/soccer/match/liverpool-vs-tottenham/26-11-1994/1592845
1994/1995,1994-11-26T00:00:00,Manchester City,AFC Wimbledon,https://www.xscores.com/soccer/match/manchester-city-vs-afc-wimbledon/26-11-1994/1592846
1994/1995,1994-11-26T00:00:00,Newcastle,Ipswich,https://www.xscores.com/soccer/match/newcastle-vs-ipswich/26-11-1994/1592847
1994/1995,1994-11-26T00:00:00,Norwich,Leicester,https://www.xscores.com/soccer/match/norwich-vs-leicester/26-11-1994/1592848
1994/1995,1994-11-26T00:00:00,West Ham,Coventry,https://www.xscores.com/soccer/match/west-ham-vs-coventry/26-11-1994/1592849
1994/1995,1994-11-27T00:00:00,Aston Villa,Sheffield Wednesday,https://www.xscores.com/soccer/match/aston-villa-vs-sheffield-wednesday/27-11-1994/1592850
1994/1995,1994-12-03T00:00:00,AFC Wimbledon,Blackburn,https://www.xscores.com/soccer/match/afc-wimbledon-vs-blackburn/03-12-1994/1592859
1994/1995,1994-12-03T00:00:00,Coventry,Liverpool,https://www.xscores.com/soccer/match/coventry-vs-liverpool/03-12-1994/1592851
1994/1995,1994-12-03T00:00:00,Ipswich,Manchester City,https://www.xscores.com/soccer/match/ipswich-vs-manchester-city/03-12-1994/1592852
1994/1995,1994-12-03T00:00:00,Leicester,Aston Villa,https://www.xscores.com/soccer/match/leicester-vs-aston-villa/03-12-1994/1592853
1994/1995,1994-12-03T00:00:00,Manchester United,Norwich,https://www.xscores.com/soccer/match/manchester-united-vs-norwich/03-12-1994/1592854
1994/1995,1994-12-03T00:00:00,Nottingham Forest,Arsenal,https://www.xscores.com/soccer/match/nottingham-forest-vs-arsenal/03-12-1994/1592855
1994/1995,1994-12-03T00:00:00,Sheffield Wednesday,Crystal Palace,https://www.xscores.com/soccer/match/sheffield-wednesday-vs-crystal-palace/03-12-1994/1592856
1994/1995,1994-12-03T00:00:00,Southampton,Chelsea,https://www.xscores.com/soccer/match/southampton-vs-chelsea/03-12-1994/1592857
1994/1995,1994-12-03T00:00:00,Tottenham,Newcastle,https://www.xscores.com/soccer/match/tottenham-vs-newcastle/03-12-1994/1592858
1994/1995,1994-12-04T00:00:00,Everton,Leeds,https://www.xscores.com/soccer/match/everton-vs-leeds/04-12-1994/1592860
1994/1995,1994-12-04T00:00:00,Queens Park Rangers,West Ham,https://www.xscores.com/soccer/match/queens-park-rangers-vs-west-ham/04-12-1994/1592861
1994/1995,1994-12-10T00:00:00,AFC Wimbledon,Coventry,https://www.xscores.com/soccer/match/afc-wimbledon-vs-coventry/10-12-1994/1592870
1994/1995,1994-12-10T00:00:00,Aston Villa,Everton,https://www.xscores.com/soccer/match/aston-villa-vs-everton/10-12-1994/1592862
1994/1995,1994-12-10T00:00:00,Blackburn,Southampton,https://www.xscores.com/soccer/match/blackburn-vs-southampton/10-12-1994/1592863
1994/1995,1994-12-10T00:00:00,Leeds,West Ham,https://www.xscores.com/soccer/match/leeds-vs-west-ham/10-12-1994/1592864
1994/1995,1994-12-10T00:00:00,Newcastle,Leicester,https://www.xscores.com/soccer/match/newcastle-vs-leicester/10-12-1994/1592865
1994/1995,1994-12-10T00:00:00,Norwich,Chelsea,https://www.xscores.com/soccer/match/norwich-vs-chelsea/10-12-1994/1592866
1994/1995,1994-12-10T00:00:00,Nottingham Forest,Ipswich,https://www.xscores.com/soccer/match/nottingham-forest-vs-ipswich/10-12-1994/1592867
1994/1995,1994-12-10T00:00:00,Queens Park Rangers,Manchester United,https://www.xscores.com/soccer/match/queens-park-rangers-vs-manchester-united/10-12-1994/1592868
1994/1995,1994-12-10T00:00:00,Tottenham,Sheffield Wednesday,https://www.xscores.com/soccer/match/tottenham-vs-sheffield-wednesday/10-12-1994/1592869
1994/1995,1994-12-11T00:00:00,Liverpool,Crystal Palace,https://www.xscores.com/soccer/match/liverpool-vs-crystal-palace/11-12-1994/1592871
1994/1995,1994-12-12T00:00:00,Manchester City,Arsenal,https://www.xscores.com/soccer/match/manchester-city-vs-arsenal/12-12-1994/1592872
1994/1995,1994-12-16T00:00:00,Ipswich,AFC Wimbledon,https://www.xscores.com/soccer/match/ipswich-vs-afc-wimbledon/16-12-1994/1592873
1994/1995,1994-12-17T00:00:00,Arsenal,Leeds,https://www.xscores.com/soccer/match/arsenal-vs-leeds/17-12-1994/1592874
1994/1995,1994-12-17T00:00:00,Coventry,Newcastle,https://www.xscores.com/soccer/match/coventry-vs-newcastle/17-12-1994/1592875
1994/1995,1994-12-17T00:00:00,Crystal Palace,Norwich,https://www.xscores.com/soccer/match/crystal-palace-vs-norwich/17-12-1994/1592876
1994/1995,1994-12-17T00:00:00,Everton,Tottenham,https://www.xscores.com/soccer/match/everton-vs-tottenham/17-12-1994/1592877
1994/1995,1994-12-17T00:00:00,Leicester,Blackburn,https://www.xscores.com/soccer/match/leicester-vs-blackburn/17-12-1994/1592878
1994/1995,1994-12-17T00:00:00,Manchester United,Nottingham Forest,https://www.xscores.com/soccer/match/manchester-united-vs-nottingham-forest/17-12-1994/1592879
1994/1995,1994-12-17T00:00:00,Sheffield Wednesday,Queens Park Rangers,https://www.xscores.com/soccer/match/sheffield-wednesday-vs-queens-park-rangers/17-12-1994/1592880
1994/1995,1994-12-17T00:00:00,West Ham,Manchester City,https://www.xscores.com/soccer/match/west-ham-vs-manchester-city/17-12-1994/1592881
1994/1995,1994-12-18T00:00:00,Chelsea,Liverpool,https://www.xscores.com/soccer/match/chelsea-vs-liverpool/18-12-1994/1592882
1994/1995,1994-12-19T00:00:00,Southampton,Aston Villa,https://www.xscores.com/soccer/match/southampton-vs-aston-villa/19-12-1994/1592883
1994/1995,1994-12-20T00:00:00,Coventry,Nottingham Forest,https://www.xscores.com/soccer/match/coventry-vs-nottingham-forest/20-12-1994/1592884
1994/1995,1994-12-20T00:00:00,Crystal Palace,Queens Park Rangers,https://www.xscores.com/soccer/match/crystal-palace-vs-queens-park-rangers/20-12-1994/1592885
1994/1995,1994-12-20T00:00:00,Everton,Sheffield Wednesday,https://www.xscores.com/soccer/match/everton-vs-sheffield-wednesday/20-12-1994/1592886
1994/1995,1994-12-20T00:00:00,Leeds,Newcastle,https://www.xscores.com/soccer/match/leeds-vs-newcastle/20-12-1994/1592887
1994/1995,1994-12-20T00:00:00,Leicester,Liverpool,https://www.xscores.com/soccer/match/leicester-vs-liverpool/20-12-1994/1592888
1994/1995,1994-12-20T00:00:00,Manchester City,Blackburn,https://www.xscores.com/soccer/match/manchester-city-vs-blackburn/20-12-1994/1592889
1994/1995,1994-12-20T00:00:00,Norwich,Tottenham,https://www.xscores.com/soccer/match/norwich-vs-tottenham/20-12-1994/1592890
1994/1995,1994-12-20T00:00:00,Southampton,AFC Wimbledon,https://www.xscores.com/soccer/match/southampton-vs-afc-wimbledon/20-12-1994/1592891
1994/1995,1994-12-20T00:00:00,West Ham,Ipswich,https://www.xscores.com/soccer/match/west-ham-vs-ipswich/20-12-1994/1592892
1994/1995,1994-12-26T00:00:00,Arsenal,Aston Villa,https://www.xscores.com/soccer/match/arsenal-vs-aston-villa/26-12-1994/1592893
1994/1995,1994-12-26T00:00:00,Chelsea,Manchester United,https://www.xscores.com/soccer/match/chelsea-vs-manchester-united/26-12-1994/1592894
1994/1995,1994-12-27T00:00:00,Nottingham Forest,Norwich,https://www.xscores.com/soccer/match/nottingham-forest-vs-norwich/27-12-1994/1592895
1994/1995,1994-12-27T00:00:00,Tottenham,Crystal Palace,https://www.xscores.com/soccer/match/tottenham-vs-crystal-palace/27-12-1994/1592896
1994/1995,1994-12-28T00:00:00,AFC Wimbledon,West Ham,https://www.xscores.com/soccer/match/afc-wimbledon-vs-west-ham/28-12-1994/1592903
1994/1995,1994-12-28T00:00:00,Aston Villa,Chelsea,https://www.xscores.com/soccer/match/aston-villa-vs-chelsea/28-12-1994/1592897
1994/1995,1994-12-28T00:00:00,Ipswich,Arsenal,https://www.xscores.com/soccer/match/ipswich-vs-arsenal/28-12-1994/1592898
1994/1995,1994-12-28T00:00:00,Liverpool,Manchester City,https://www.xscores.com/soccer/match/liverpool-vs-manchester-city/28-12-1994/1592899
1994/1995,1994-12-28T00:00:00,Manchester United,Leicester,https://www.xscores.com/soccer/match/manchester-united-vs-leicester/28-12-1994/1592900
1994/1995,1994-12-28T00:00:00,Queens Park Rangers,Southampton,https://www.xscores.com/soccer/match/queens-park-rangers-vs-southampton/28-12-1994/1592901
1994/1995,1994-12-28T00:00:00,Sheffield Wednesday,Coventry,https://www.xscores.com/soccer/match/sheffield-wednesday-vs-coventry/28-12-1994/1592902
1994/1995,1994-12-31T00:00:00,Arsenal,Queens Park Rangers,https://www.xscores.com/soccer/match/arsenal-vs-queens-park-rangers/31-12-1994/1592904
1994/1995,1994-12-31T00:00:00,Chelsea,AFC Wimbledon,https://www.xscores.com/soccer/match/chelsea-vs-afc-wimbledon/31-12-1994/1592905
1994/1995,1994-12-31T00:00:00,Coventry,Tottenham,https://www.xscores.com/soccer/match/coventry-vs-tottenham/31-12-1994/1592906
1994/1995,1994-12-31T00:00:00,Crystal Palace,Blackburn,https://www.xscores.com/soccer/match/crystal-palace-vs-blackburn/31-12-1994/1592907
1994/1995,1994-12-31T00:00:00,Everton,Ipswich,https://www.xscores.com/soccer/match/everton-vs-ipswich/31-12-1994/1592908
1994/1995,1994-12-31T00:00:00,Leeds,Liverpool,https://www.xscores.com/soccer/match/leeds-vs-liverpool/31-12-1994/1592909
1994/1995,1994-12-31T00:00:00,Leicester,Sheffield Wednesday,https://www.xscores.com/soccer/match/leicester-vs-sheffield-wednesday/31-12-1994/1592910
1994/1995,1994-12-31T00:00:00,Manchester City,Aston Villa,https://www.xscores.com/soccer/match/manchester-city-vs-aston-villa/31-12-1994/1592911
1994/1995,1994-12-31T00:00:00,Norwich,Newcastle,https://www.xscores.com/soccer/match/norwich-vs-newcastle/31-12-1994/1592912
1994/1995,1994-12-31T00:00:00,Southampton,Manchester United,https://www.xscores.com/soccer/match/southampton-vs-manchester-united/31-12-1994/1592913
1994/1995,1994-12-31T00:00:00,West Ham,Nottingham Forest,https://www.xscores.com/soccer/match/west-ham-vs-nottingham-forest/31-12-1994/1592914
1994/1995,1995-01-02T00:00:00,Aston Villa,Leeds,https://www.xscores.com/soccer/match/aston-villa-vs-leeds/02-01-1995/1592915
1994/1995,1995-01-02T00:00:00,Blackburn,West Ham,https://www.xscores.com/soccer/match/blackburn-vs-west-ham/02-01-1995/1592916
1994/1995,1995-01-02T00:00:00,AFC Wimbledon,Everton,https://www.xscores.com/soccer/match/afc-wimbledon-vs-everton/02-01-1995/1592923
1994/1995,1995-01-02T00:00:00,Ipswich,Leicester,https://www.xscores.com/soccer/match/ipswich-vs-leicester/02-01-1995/1592917
1994/1995,1995-01-02T00:00:00,Liverpool,Norwich,https://www.xscores.com/soccer/match/liverpool-vs-norwich/02-01-1995/1592918
1994/1995,1995-01-02T00:00:00,Newcastle,Manchester City,https://www.xscores.com/soccer/match/newcastle-vs-manchester-city/02-01-1995/1592919
1994/1995,1995-01-02T00:00:00,Nottingham Forest,Crystal Palace,https://www.xscores.com/soccer/match/nottingham-forest-vs-crystal-palace/02-01-1995/1592920
1994/1995,1995-01-02T00:00:00,Sheffield Wednesday,Southampton,https://www.xscores.com/soccer/match/sheffield-wednesday-vs-southampton/02-01-1995/1592921
1994/1995,1995-01-02T00:00:00,Tottenham,Arsenal,https://www.xscores.com/soccer/match/tottenham-vs-arsenal/02-01-1995/1592922
1994/1995,1995-01-03T00:00:00,Manchester United,Coventry,https://www.xscores.com/soccer/match/manchester-united-vs-coventry/03-01-1995/1592924
1994/1995,1995-01-14T00:00:00,Arsenal,Everton,https://www.xscores.com/soccer/match/arsenal-vs-everton/14-01-1995/1592925
1994/1995,1995-01-14T00:00:00,Aston Villa,Queens Park Rangers,https://www.xscores.com/soccer/match/aston-villa-vs-queens-park-rangers/14-01-1995/1592926
1994/1995,1995-01-14T00:00:00,Blackburn,Nottingham Forest,https://www.xscores.com/soccer/match/blackburn-vs-nottingham-forest/14-01-1995/1592927
1994/1995,1995-02-14T00:00:00,Chelsea,Sheffield Wednesday,https://www.xscores.com/soccer/match/chelsea-vs-sheffield-wednesday/14-02-1995/1592928
1994/1995,1995-02-14T00:00:00,Crystal Palace,Leicester,https://www.xscores.com/soccer/match/crystal-palace-vs-leicester/14-02-1995/1592929
1994/1995,1995-02-14T00:00:00,Leeds,Southampton,https://www.xscores.com/soccer/match/leeds-vs-southampton/14-02-1995/1592930
1994/1995,1995-02-14T00:00:00,Liverpool,Ipswich,https://www.xscores.com/soccer/match/liverpool-vs-ipswich/14-02-1995/1592931
1994/1995,1995-02-14T00:00:00,Manchester City,Coventry,https://www.xscores.com/soccer/match/manchester-city-vs-coventry/14-02-1995/1592932
1994/1995,1995-02-14T00:00:00,Norwich,AFC Wimbledon,https://www.xscores.com/soccer/match/norwich-vs-afc-wimbledon/14-02-1995/1592933
1994/1995,1995-02-14T00:00:00,West Ham,Tottenham,https://www.xscores.com/soccer/match/west-ham-vs-tottenham/14-02-1995/1592934
1994/1995,1995-02-15T00:00:00,Newcastle,Manchester United,https://www.xscores.com/soccer/match/newcastle-vs-manchester-united/15-02-1995/1592935
1994/1995,1995-02-21T00:00:00,Coventry,Arsenal,https://www.xscores.com/soccer/match/coventry-vs-arsenal/21-02-1995/1592936
1994/1995,1995-02-21T00:00:00,Everton,Crystal Palace,https://www.xscores.com/soccer/match/everton-vs-crystal-palace/21-02-1995/1592937
1994/1995,1995-02-21T00:00:00,Ipswich,Chelsea,https://www.xscores.com/soccer/match/ipswich-vs-chelsea/21-02-1995/1592938
1994/1995,1995-02-21T00:00:00,Nottingham Forest,Aston Villa,https://www.xscores.com/soccer/match/nottingham-forest-vs-aston-villa/21-02-1995/1592939
1994/1995,1995-02-21T00:00:00,Sheffield Wednesday,Newcastle,https://www.xscores.com/soccer/match/sheffield-wednesday-vs-newcastle/21-02-1995/1592940
1994/1995,1995-02-22T00:00:00,Manchester United,Blackburn,https://www.xscores.com/soccer/match/manchester-united-vs-blackburn/22-02-1995/1592941
1994/1995,1995-02-23T00:00:00,West Ham,Sheffield Wednesday,https://www.xscores.com/soccer/match/west-ham-vs-sheffield-wednesday/23-02-1995/1592942
1994/1995,1995-02-24T00:00:00,Arsenal,Southampton,https://www.xscores.com/soccer/match/arsenal-vs-southampton/24-02-1995/1592943
1994/1995,1995-02-24T00:00:00,Leeds,Queens Park Rangers,https://www.xscores.com/soccer/match/leeds-vs-queens-park-rangers/24-02-1995/1592945
1994/1995,1995-02-24T00:00:00,Liverpool,Everton,https://www.xscores.com/soccer/match/liverpool-vs-everton/24-02-1995/1592944
1994/1995,1995-02-25T00:00:00,Aston Villa,Tottenham,https://www.xscores.com/soccer/match/aston-villa-vs-tottenham/25-02-1995/1592946
1994/1995,1995-02-25T00:00:00,Chelsea,Nottingham Forest,https://www.xscores.com/soccer/match/chelsea-vs-nottingham-forest/25-02-1995/1592948
1994/1995,1995-02-25T00:00:00,Crystal Palace,Manchester United,https://www.xscores.com/soccer/match/crystal-palace-vs-manchester-united/25-02-1995/1592947
1994/1995,1995-02-25T00:00:00,Manchester City,Leicester,https://www.xscores.com/soccer/match/manchester-city-vs-leicester/25-02-1995/1592949
1994/1995,1995-01-25T00:00:00,Newcastle,AFC Wimbledon,https://www.xscores.com/soccer/match/newcastle-vs-afc-wimbledon/25-01-1995/1592950
1994/1995,1995-01-25T00:00:00,Norwich,Coventry,https://www.xscores.com/soccer/match/norwich-vs-coventry/25-01-1995/1592951
1994/1995,1995-01-28T00:00:00,Blackburn,Ipswich,https://www.xscores.com/soccer/match/blackburn-vs-ipswich/28-01-1995/1592952
1994/1995,1995-02-01T00:00:00,Blackburn,Leeds,https://www.xscores.com/soccer/match/blackburn-vs-leeds/01-02-1995/1592953
1994/1995,1995-02-01T00:00:00,Newcastle,Everton,https://www.xscores.com/soccer/match/newcastle-vs-everton/01-02-1995/1592954
1994/1995,1995-02-04T00:00:00,Coventry,Chelsea,https://www.xscores.com/soccer/match/coventry-vs-chelsea/04-02-1995/1592955
1994/1995,1995-02-04T00:00:00,Everton,Norwich,https://www.xscores.com/soccer/match/everton-vs-norwich/04-02-1995/1592956
1994/1995,1995-02-04T00:00:00,Ipswich,Crystal Palace,https://www.xscores.com/soccer/match/ipswich-vs-crystal-palace/04-02-1995/1592957
1994/1995,1995-02-04T00:00:00,Leicester,West Ham,https://www.xscores.com/soccer/match/leicester-vs-west-ham/04-02-1995/1592958
1994/1995,1995-02-04T00:00:00,Manchester United,Aston Villa,https://www.xscores.com/soccer/match/manchester-united-vs-aston-villa/04-02-1995/1592959
1994/1995,1995-02-04T00:00:00,Nottingham Forest,Liverpool,https://www.xscores.com/soccer/match/nottingham-forest-vs-liverpool/04-02-1995/1592960
1994/1995,1995-02-04T00:00:00,AFC Wimbledon,Leeds,https://www.xscores.com/soccer/match/afc-wimbledon-vs-leeds/04-02-1995/1592964
1994/1995,1995-02-04T00:00:00,Queens Park Rangers,Newcastle,https://www.xscores.com/soccer/match/queens-park-rangers-vs-newcastle/04-02-1995/1592961
1994/1995,1995-02-04T00:00:00,Sheffield Wednesday,Arsenal,https://www.xscores.com/soccer/match/sheffield-wednesday-vs-arsenal/04-02-1995/1592962
1994/1995,1995-02-04T00:00:00,Southampton,Manchester City,https://www.xscores.com/soccer/match/southampton-vs-manchester-city/04-02-1995/1592963
1994/1995,1995-02-05T00:00:00,Tottenham,Blackburn,https://www.xscores.com/soccer/match/tottenham-vs-blackburn/05-02-1995/1592965
1994/1995,1995-02-11T00:00:00,Arsenal,Leicester,https://www.xscores.com/soccer/match/arsenal-vs-leicester/11-02-1995/1592966
1994/1995,1995-02-11T00:00:00,Aston Villa,AFC Wimbledon,https://www.xscores.com/soccer/match/aston-villa-vs-afc-wimbledon/11-02-1995/1592967
1994/1995,1995-02-11T00:00:00,Chelsea,Tottenham,https://www.xscores.com/soccer/match/chelsea-vs-tottenham/11-02-1995/1592968
1994/1995,1995-02-11T00:00:00,Crystal Palace,Coventry,https://www.xscores.com/soccer/match/crystal-palace-vs-coventry/11-02-1995/1592969
1994/1995,1995-02-11T00:00:00,Liverpool,Queens Park Rangers,https://www.xscores.com/soccer/match/liverpool-vs-queens-park-rangers/11-02-1995/1592970
1994/1995,1995-02-11T00:00:00,Manchester City,Manchester United,https://www.xscores.com/soccer/match/manchester-city-vs-manchester-united/11-02-1995/1592971
1994/1995,1995-02-11T00:00:00,Newcastle,Nottingham Forest,https://www.xscores.com/soccer/match/newcastle-vs-nottingham-forest/11-02-1995/1592972
1994/1995,1995-02-11T00:00:00,Norwich,Southampton,https://www.xscores.com/soccer/match/norwich-vs-southampton/11-02-1995/1592973
1994/1995,1995-02-12T00:00:00,Blackburn,Sheffield Wednesday,https://www.xscores.com/soccer/match/blackburn-vs-sheffield-wednesday/12-02-1995/1592974
1994/1995,1995-02-13T00:00:00,West Ham,Everton,https://www.xscores.com/soccer/match/west-ham-vs-everton/13-02-1995/1592975
1994/1995,1995-02-18T00:00:00,Coventry,West Ham,https://www.xscores.com/soccer/match/coventry-vs-west-ham/18-02-1995/1592976
1994/1995,1995-02-18T00:00:00,Sheffield Wednesday,Aston Villa,https://www.xscores.com/soccer/match/sheffield-wednesday-vs-aston-villa/18-02-1995/1592977
1994/1995,1995-02-21T00:00:00,Arsenal,Nottingham Forest,https://www.xscores.com/soccer/match/arsenal-vs-nottingham-forest/21-02-1995/1592978
1994/1995,1995-02-22T00:00:00,Aston Villa,Leicester,https://www.xscores.com/soccer/match/aston-villa-vs-leicester/22-02-1995/1592979
1994/1995,1995-02-22T00:00:00,Blackburn,AFC Wimbledon,https://www.xscores.com/soccer/match/blackburn-vs-afc-wimbledon/22-02-1995/1592980
1994/1995,1995-02-22T00:00:00,Leeds,Everton,https://www.xscores.com/soccer/match/leeds-vs-everton/22-02-1995/1592981
1994/1995,1995-02-22T00:00:00,Manchester City,Ipswich,https://www.xscores.com/soccer/match/manchester-city-vs-ipswich/22-02-1995/1592982
1994/1995,1995-02-22T00:00:00,Norwich,Manchester United,https://www.xscores.com/soccer/match/norwich-vs-manchester-united/22-02-1995/1592983
1994/1995,1995-02-25T00:00:00,Blackburn,Norwich,https://www.xscores.com/soccer/match/blackburn-vs-norwich/25-02-1995/1592984
1994/1995,1995-02-25T00:00:00,Coventry,Leicester,https://www.xscores.com/soccer/match/coventry-vs-leicester/25-02-1995/1592985
1994/1995,1995-02-25T00:00:00,Crystal Palace,Arsenal,https://www.xscores.com/soccer/match/crystal-palace-vs-arsenal/25-02-1995/1592986
1994/1995,1995-02-25T00:00:00,Everton,Manchester United,https://www.xscores.com/soccer/match/everton-vs-manchester-united/25-02-1995/1592987
1994/1995,1995-02-25T00:00:00,Ipswich,Southampton,https://www.xscores.com/soccer/match/ipswich-vs-southampton/25-02-1995/1592988
1994/1995,1995-02-25T00:00:00,Manchester City,Leeds,https://www.xscores.com/soccer/match/manchester-city-vs-leeds/25-02-1995/1592989
1994/1995,1995-02-25T00:00:00,Newcastle,Aston Villa,https://www.xscores.com/soccer/match/newcastle-vs-aston-villa/25-02-1995/1592990
1994/1995,1995-02-25T00:00:00,Sheffield Wednesday,Liverpool,https://www.xscores.com/soccer/match/sheffield-wednesday-vs-liverpool/25-02-1995/1592991
1994/1995,1995-02-25T00:00:00,Tottenham,AFC Wimbledon,https://www.xscores.com/soccer/match/tottenham-vs-afc-wimbledon/25-02-1995/1592992
1994/1995,1995-02-25T00:00:00,West Ham,Chelsea,https://www.xscores.com/soccer/match/west-ham-vs-chelsea/25-02-1995/1592993
1994/1995,1995-02-26T00:00:00,Queens Park Rangers,Nottingham Forest,https://www.xscores.com/soccer/match/queens-park-rangers-vs-nottingham-forest/26-02-1995/1592994
1994/1995,1995-02-28T00:00:00,Ipswich,Newcastle,https://www.xscores.com/soccer/match/ipswich-vs-newcastle/28-02-1995/1592995
1994/1995,1995-03-04T00:00:00,AFC Wimbledon,Queens Park Rangers,https://www.xscores.com/soccer/match/afc-wimbledon-vs-queens-park-rangers/04-03-1995/1593004
1994/1995,1995-03-04T00:00:00,Aston Villa,Blackburn,https://www.xscores.com/soccer/match/aston-villa-vs-blackburn/04-03-1995/1592996
1994/1995,1995-03-04T00:00:00,Leeds,Sheffield Wednesday,https://www.xscores.com/soccer/match/leeds-vs-sheffield-wednesday/04-03-1995/1592997
1994/1995,1995-03-04T00:00:00,Leicester,Everton,https://www.xscores.com/soccer/match/leicester-vs-everton/04-03-1995/1592998
1994/1995,1995-03-04T00:00:00,Liverpool,Newcastle,https://www.xscores.com/soccer/match/liverpool-vs-newcastle/04-03-1995/1592999
1994/1995,1995-03-04T00:00:00,Manchester United,Ipswich,https://www.xscores.com/soccer/match/manchester-united-vs-ipswich/04-03-1995/1593000
1994/1995,1995-03-04T00:00:00,Norwich,Manchester City,https://www.xscores.com/soccer/match/norwich-vs-manchester-city/04-03-1995/1593001
1994/1995,1995-03-04T00:00:00,Nottingham Forest,Tottenham,https://www.xscores.com/soccer/match/nottingham-forest-vs-tottenham/04-03-1995/1593002
1994/1995,1995-03-04T00:00:00,Southampton,Coventry,https://www.xscores.com/soccer/match/southampton-vs-coventry/04-03-1995/1593003
1994/1995,1995-03-05T00:00:00,Arsenal,West Ham,https://www.xscores.com/soccer/match/arsenal-vs-west-ham/05-03-1995/1593005
1994/1995,1995-03-05T00:00:00,Chelsea,Crystal Palace,https://www.xscores.com/soccer/match/chelsea-vs-crystal-palace/05-03-1995/1593006
1994/1995,1995-03-06T00:00:00,Aston Villa,Coventry,https://www.xscores.com/soccer/match/aston-villa-vs-coventry/06-03-1995/1593007
1994/1995,1995-03-07T00:00:00,AFC Wimbledon,Manchester United,https://www.xscores.com/soccer/match/afc-wimbledon-vs-manchester-united/07-03-1995/1593008
1994/1995,1995-03-08T00:00:00,Blackburn,Arsenal,https://www.xscores.com/soccer/match/blackburn-vs-arsenal/08-03-1995/1593009
1994/1995,1995-03-08T00:00:00,Manchester City,Chelsea,https://www.xscores.com/soccer/match/manchester-city-vs-chelsea/08-03-1995/1593010
1994/1995,1995-03-08T00:00:00,Newcastle,West Ham,https://www.xscores.com/soccer/match/newcastle-vs-west-ham/08-03-1995/1593011
1994/1995,1995-03-08T00:00:00,Norwich,Sheffield Wednesday,https://www.xscores.com/soccer/match/norwich-vs-sheffield-wednesday/08-03-1995/1593012
1994/1995,1995-03-08T00:00:00,Nottingham Forest,Everton,https://www.xscores.com/soccer/match/nottingham-forest-vs-everton/08-03-1995/1593013
1994/1995,1995-03-08T00:00:00,Queens Park Rangers,Leicester,https://www.xscores.com/soccer/match/queens-park-rangers-vs-leicester/08-03-1995/1593014
1994/1995,1995-03-08T00:00:00,Tottenham,Ipswich,https://www.xscores.com/soccer/match/tottenham-vs-ipswich/08-03-1995/1593015
1994/1995,1995-03-11T00:00:00,Chelsea,Leeds,https://www.xscores.com/soccer/match/chelsea-vs-leeds/11-03-1995/1593016
1994/1995,1995-03-11T00:00:00,Coventry,Blackburn,https://www.xscores.com/soccer/match/coventry-vs-blackburn/11-03-1995/1593017
1994/1995,1995-03-11T00:00:00,Leicester,Nottingham Forest,https://www.xscores.com/soccer/match/leicester-vs-nottingham-forest/11-03-1995/1593018
1994/1995,1995-03-11T00:00:00,Sheffield Wednesday,AFC Wimbledon,https://www.xscores.com/soccer/match/sheffield-wednesday-vs-afc-wimbledon/11-03-1995/1593020
1994/1995,1995-03-11T00:00:00,West Ham,Norwich,https://www.xscores.com/soccer/match/west-ham-vs-norwich/11-03-1995/1593019
1994/1995,1995-03-14T00:00:00,Crystal Palace,Sheffield Wednesday,https://www.xscores.com/soccer/match/crystal-palace-vs-sheffield-wednesday/14-03-1995/1593021
1994/1995,1995-03-14T00:00:00,Liverpool,Coventry,https://www.xscores.com/soccer/match/liverpool-vs-coventry/14-03-1995/1593022
1994/1995,1995-03-15T00:00:00,Everton,Manchester City,https://www.xscores.com/soccer/match/everton-vs-manchester-city/15-03-1995/1593023
1994/1995,1995-03-15T00:00:00,Leicester,Leeds,https://www.xscores.com/soccer/match/leicester-vs-leeds/15-03-1995/1593024
1994/1995,1995-03-15T00:00:00,Manchester United,Tottenham,https://www.xscores.com/soccer/match/manchester-united-vs-tottenham/15-03-1995/1593025
1994/1995,1995-03-15T00:00:00,Queens Park Rangers,Norwich,https://www.xscores.com/soccer/match/queens-park-rangers-vs-norwich/15-03-1995/1593026
1994/1995,1995-03-15T00:00:00,Southampton,West Ham,https://www.xscores.com/soccer/match/southampton-vs-west-ham/15-03-1995/1593027
1994/1995,1995-03-18T00:00:00,AFC Wimbledon,Crystal Palace,https://www.xscores.com/soccer/match/afc-wimbledon-vs-crystal-palace/18-03-1995/1593035
1994/1995,1995-03-18T00:00:00,Aston Villa,West Ham,https://www.xscores.com/soccer/match/aston-villa-vs-west-ham/18-03-1995/1593028
1994/1995,1995-03-18T00:00:00,Blackburn,Chelsea,https://www.xscores.com/soccer/match/blackburn-vs-chelsea/18-03-1995/1593029
1994/1995,1995-03-18T00:00:00,Leeds,Coventry,https://www.xscores.com/soccer/match/leeds-vs-coventry/18-03-1995/1593030
1994/1995,1995-03-18T00:00:00,Manchester City,Sheffield Wednesday,https://www.xscores.com/soccer/match/manchester-city-vs-sheffield-wednesday/18-03-1995/1593031
1994/1995,1995-03-18T00:00:00,Nottingham Forest,Southampton,https://www.xscores.com/soccer/match/nottingham-forest-vs-southampton/18-03-1995/1593032
1994/1995,1995-03-18T00:00:00,Queens Park Rangers,Everton,https://www.xscores.com/soccer/match/queens-park-rangers-vs-everton/18-03-1995/1593033
1994/1995,1995-03-18T00:00:00,Tottenham,Leicester,https://www.xscores.com/soccer/match/tottenham-vs-leicester/18-03-1995/1593034
1994/1995,1995-03-19T00:00:00,Liverpool,Manchester United,https://www.xscores.com/soccer/match/liverpool-vs-manchester-united/19-03-1995/1593036
1994/1995,1995-03-19T00:00:00,Newcastle,Arsenal,https://www.xscores.com/soccer/match/newcastle-vs-arsenal/19-03-1995/1593037
1994/1995,1995-03-20T00:00:00,Norwich,Ipswich,https://www.xscores.com/soccer/match/norwich-vs-ipswich/20-03-1995/1593038
1994/1995,1995-03-21T00:00:00,AFC Wimbledon,Manchester City,https://www.xscores.com/soccer/match/afc-wimbledon-vs-manchester-city/21-03-1995/1593039
1994/1995,1995-03-22T00:00:00,Manchester United,Arsenal,https://www.xscores.com/soccer/match/manchester-united-vs-arsenal/22-03-1995/1593041
1994/1995,1995-03-22T00:00:00,Nottingham Forest,Leeds,https://www.xscores.com/soccer/match/nottingham-forest-vs-leeds/22-03-1995/1593042
1994/1995,1995-03-22T00:00:00,Queens Park Rangers,Chelsea,https://www.xscores.com/soccer/match/queens-park-rangers-vs-chelsea/22-03-1995/1593040
1994/1995,1995-03-22T00:00:00,Southampton,Newcastle,https://www.xscores.com/soccer/match/southampton-vs-newcastle/22-03-1995/1593044
1994/1995,1995-03-22T00:00:00,Tottenham,Liverpool,https://www.xscores.com/soccer/match/tottenham-vs-liverpool/22-03-1995/1593043
1994/1995,1995-04-01T01:00:00,Arsenal,Norwich,https://www.xscores.com/soccer/match/arsenal-vs-norwich/01-04-1995/1593045
1994/1995,1995-04-01T01:00:00,Chelsea,Newcastle,https://www.xscores.com/soccer/match/chelsea-vs-newcastle/01-04-1995/1593046
1994/1995,1995-04-01T01:00:00,Coventry,Queens Park Rangers,https://www.xscores.com/soccer/match/coventry-vs-queens-park-rangers/01-04-1995/1593047
1994/1995,1995-04-01T01:00:00,Crystal Palace,Manchester City,https://www.xscores.com/soccer/match/crystal-palace-vs-manchester-city/01-04-1995/1593048
1994/1995,1995-04-01T01:00:00,Everton,Blackburn,https://www.xscores.com/soccer/match/everton-vs-blackburn/01-04-1995/1593049
1994/1995,1995-04-01T01:00:00,Ipswich,Aston Villa,https://www.xscores.com/soccer/match/ipswich-vs-aston-villa/01-04-1995/1593050
1994/1995,1995-04-01T01:00:00,Leicester,AFC Wimbledon,https://www.xscores.com/soccer/match/leicester-vs-afc-wimbledon/01-04-1995/1593051
1994/1995,1995-04-01T01:00:00,Sheffield Wednesday,Nottingham Forest,https://www.xscores.com/soccer/match/sheffield-wednesday-vs-nottingham-forest/01-04-1995/1593052
1994/1995,1995-04-02T01:00:00,Manchester United,Leeds,https://www.xscores.com/soccer/match/manchester-united-vs-leeds/02-04-1995/1593053
1994/1995,1995-04-02T01:00:00,Southampton,Tottenham,https://www.xscores.com/soccer/match/southampton-vs-tottenham/02-04-1995/1593054
1994/1995,1995-04-04T01:00:00,Crystal Palace,Aston Villa,https://www.xscores.com/soccer/match/crystal-palace-vs-aston-villa/04-04-1995/1593055
1994/1995,1995-04-04T01:00:00,Queens Park Rangers,Blackburn,https://www.xscores.com/soccer/match/queens-park-rangers-vs-blackburn/04-04-1995/1593056
1994/1995,1995-04-05T01:00:00,Leeds,Ipswich,https://www.xscores.com/soccer/match/leeds-vs-ipswich/05-04-1995/1593057
1994/1995,1995-04-05T01:00:00,Leicester,Norwich,https://www.xscores.com/soccer/match/leicester-vs-norwich/05-04-1995/1593058
1994/1995,1995-04-05T01:00:00,Liverpool,Southampton,https://www.xscores.com/soccer/match/liverpool-vs-southampton/05-04-1995/1593059
1994/1995,1995-04-08T01:00:00,Newcastle,Norwich,https://www.xscores.com/soccer/match/newcastle-vs-norwich/08-04-1995/1593060
1994/1995,1995-04-08T01:00:00,Nottingham Forest,West Ham,https://www.xscores.com/soccer/match/nottingham-forest-vs-west-ham/08-04-1995/1593061
1994/1995,1995-04-08T01:00:00,Queens Park Rangers,Arsenal,https://www.xscores.com/soccer/match/queens-park-rangers-vs-arsenal/08-04-1995/1593062
1994/1995,1995-04-08T01:00:00,Sheffield Wednesday,Leicester,https://www.xscores.com/soccer/match/sheffield-wednesday-vs-leicester/08-04-1995/1593063
1994/1995,1995-04-09T01:00:00,Liverpool,Leeds,https://www.xscores.com/soccer/match/liverpool-vs-leeds/09-04-1995/1593064
1994/1995,1995-04-10T01:00:00,AFC Wimbledon,Chelsea,https://www.xscores.com/soccer/match/afc-wimbledon-vs-chelsea/10-04-1995/1593065
1994/1995,1995-04-11T01:00:00,Arsenal,Liverpool,https://www.xscores.com/soccer/match/arsenal-vs-liverpool/11-04-1995/1593068
1994/1995,1995-04-11T01:00:00,Chelsea,Southampton,https://www.xscores.com/soccer/match/chelsea-vs-southampton/11-04-1995/1593069
1994/1995,1995-04-11T01:00:00,Ipswich,Queens Park Rangers,https://www.xscores.com/soccer/match/ipswich-vs-queens-park-rangers/11-04-1995/1593066
1994/1995,1995-04-11T01:00:00,Norwich,Nottingham Forest,https://www.xscores.com/soccer/match/norwich-vs-nottingham-forest/11-04-1995/1593070
1994/1995,1995-04-11T01:00:00,Tottenham,Manchester City,https://www.xscores.com/soccer/match/tottenham-vs-manchester-city/11-04-1995/1593067
1994/1995,1995-04-13T01:00:00,West Ham,AFC Wimbledon,https://www.xscores.com/soccer/match/west-ham-vs-afc-wimbledon/13-04-1995/1593071
1994/1995,1995-04-14T01:00:00,Crystal Palace,Tottenham,https://www.xscores.com/soccer/match/crystal-palace-vs-tottenham/14-04-1995/1593072
1994/1995,1995-04-14T01:00:00,Everton,Newcastle,https://www.xscores.com/soccer/match/everton-vs-newcastle/14-04-1995/1593073
1994/1995,1995-04-14T01:00:00,Manchester City,Liverpool,https://www.xscores.com/soccer/match/manchester-city-vs-liverpool/14-04-1995/1593074
1994/1995,1995-04-15T01:00:00,Arsenal,Ipswich,https://www.xscores.com/soccer/match/arsenal-vs-ipswich/15-04-1995/1593075
1994/1995,1995-04-15T01:00:00,Chelsea,Aston Villa,https://www.xscores.com/soccer/match/chelsea-vs-aston-villa/15-04-1995/1593076
1994/1995,1995-04-15T01:00:00,Coventry,Sheffield Wednesday,https://www.xscores.com/soccer/match/coventry-vs-sheffield-wednesday/15-04-1995/1593077
1994/1995,1995-04-15T01:00:00,Leeds,Blackburn,https://www.xscores.com/soccer/match/leeds-vs-blackburn/15-04-1995/1593078
1994/1995,1995-04-15T01:00:00,Leicester,Manchester United,https://www.xscores.com/soccer/match/leicester-vs-manchester-united/15-04-1995/1593079
1994/1995,1995-04-15T01:00:00,Southampton,Queens Park Rangers,https://www.xscores.com/soccer/match/southampton-vs-queens-park-rangers/15-04-1995/1593080
1994/1995,1995-04-17T01:00:00,Aston Villa,Arsenal,https://www.xscores.com/soccer/match/aston-villa-vs-arsenal/17-04-1995/1593081
1994/1995,1995-04-17T01:00:00,AFC Wimbledon,Southampton,https://www.xscores.com/soccer/match/afc-wimbledon-vs-southampton/17-04-1995/1593091
1994/1995,1995-04-17T01:00:00,Blackburn,Manchester City,https://www.xscores.com/soccer/match/blackburn-vs-manchester-city/17-04-1995/1593082
1994/1995,1995-04-17T01:00:00,Ipswich,West Ham,https://www.xscores.com/soccer/match/ipswich-vs-west-ham/17-04-1995/1593083
1994/1995,1995-04-17T01:00:00,Liverpool,Leicester,https://www.xscores.com/soccer/match/liverpool-vs-leicester/17-04-1995/1593084
1994/1995,1995-04-17T01:00:00,Manchester United,Chelsea,https://www.xscores.com/soccer/match/manchester-united-vs-chelsea/17-04-1995/1593085
1994/1995,1995-04-17T01:00:00,Newcastle,Leeds,https://www.xscores.com/soccer/match/newcastle-vs-leeds/17-04-1995/1593086
1994/1995,1995-04-17T01:00:00,Nottingham Forest,Coventry,https://www.xscores.com/soccer/match/nottingham-forest-vs-coventry/17-04-1995/1593087
1994/1995,1995-04-17T01:00:00,Queens Park Rangers,Crystal Palace,https://www.xscores.com/soccer/match/queens-park-rangers-vs-crystal-palace/17-04-1995/1593088
1994/1995,1995-04-17T01:00:00,Sheffield Wednesday,Everton,https://www.xscores.com/soccer/match/sheffield-wednesday-vs-everton/17-04-1995/1593089
1994/1995,1995-04-17T01:00:00,Tottenham,Norwich,https://www.xscores.com/soccer/match/tottenham-vs-norwich/17-04-1995/1593090
1994/1995,1995-04-19T01:00:00,Blackburn,Crystal Palace,https://www.xscores.com/soccer/match/blackburn-vs-crystal-palace/19-04-1995/1593092
