season,date,home_team,away_team,url
2002/2003,2002-08-17T16:00:00,Blackburn,Sunderland,https://www.xscores.com/soccer/match/blackburn-vs-sunderland/17-08-2002/1520308
2002/2003,2002-08-17T16:00:00,Charlton,Chelsea,https://www.xscores.com/soccer/match/charlton-vs-chelsea/17-08-2002/1520309
2002/2003,2002-08-17T16:00:00,Everton,Tottenham,https://www.xscores.com/soccer/match/everton-vs-tottenham/17-08-2002/1520310
2002/2003,2002-08-17T16:00:00,Fulham,Bolton,https://www.xscores.com/soccer/match/fulham-vs-bolton/17-08-2002/1520311
2002/2003,2002-08-17T16:00:00,Leeds,Manchester City,https://www.xscores.com/soccer/match/leeds-vs-manchester-city/17-08-2002/1520312
2002/2003,2002-08-17T16:00:00,Manchester United,West Bromwich,https://www.xscores.com/soccer/match/manchester-united-vs-west-bromwich/17-08-2002/1520313
2002/2003,2002-08-17T16:00:00,Southampton,Middlesbrough,https://www.xscores.com/soccer/match/southampton-vs-middlesbrough/17-08-2002/1520314
2002/2003,2002-08-18T15:00:00,Aston Villa,Liverpool,https://www.xscores.com/soccer/match/aston-villa-vs-liverpool/18-08-2002/1520315
2002/2003,2002-08-18T17:05:00,Arsenal,Birmingham,https://www.xscores.com/soccer/match/arsenal-vs-birmingham/18-08-2002/1520316
2002/2003,2002-08-19T21:00:00,Newcastle,West Ham,https://www.xscores.com/soccer/match/newcastle-vs-west-ham/19-08-2002/1520317
2002/2003,2002-08-23T21:00:00,Chelsea,Manchester United,https://www.xscores.com/soccer/match/chelsea-vs-manchester-united/23-08-2002/1520318
2002/2003,2002-08-24T13:15:00,Manchester City,Newcastle,https://www.xscores.com/soccer/match/manchester-city-vs-newcastle/24-08-2002/1520319
2002/2003,2002-08-24T16:00:00,Birmingham,Blackburn,https://www.xscores.com/soccer/match/birmingham-vs-blackburn/24-08-2002/1520324
2002/2003,2002-08-24T16:00:00,Bolton,Charlton,https://www.xscores.com/soccer/match/bolton-vs-charlton/24-08-2002/1520325
2002/2003,2002-08-24T16:00:00,Liverpool,Southampton,https://www.xscores.com/soccer/match/liverpool-vs-southampton/24-08-2002/1520323
2002/2003,2002-08-24T16:00:00,Middlesbrough,Fulham,https://www.xscores.com/soccer/match/middlesbrough-vs-fulham/24-08-2002/1520320
2002/2003,2002-08-24T16:00:00,Sunderland,Everton,https://www.xscores.com/soccer/match/sunderland-vs-everton/24-08-2002/1520321
2002/2003,2002-08-24T16:00:00,Tottenham,Aston Villa,https://www.xscores.com/soccer/match/tottenham-vs-aston-villa/24-08-2002/1520322
2002/2003,2002-08-24T16:00:00,West Ham,Arsenal,https://www.xscores.com/soccer/match/west-ham-vs-arsenal/24-08-2002/1520326
2002/2003,2002-08-24T18:30:00,West Bromwich,Leeds,https://www.xscores.com/soccer/match/west-bromwich-vs-leeds/24-08-2002/1520327
2002/2003,2002-08-27T20:45:00,Charlton,Tottenham,https://www.xscores.com/soccer/match/charlton-vs-tottenham/27-08-2002/1520328
2002/2003,2002-08-27T21:00:00,Arsenal,West Bromwich,https://www.xscores.com/soccer/match/arsenal-vs-west-bromwich/27-08-2002/1520329
2002/2003,2002-08-28T20:45:00,Aston Villa,Manchester City,https://www.xscores.com/soccer/match/aston-villa-vs-manchester-city/28-08-2002/1520332
2002/2003,2002-08-28T20:45:00,Leeds,Sunderland,https://www.xscores.com/soccer/match/leeds-vs-sunderland/28-08-2002/1520331
2002/2003,2002-08-28T20:45:00,Southampton,Chelsea,https://www.xscores.com/soccer/match/southampton-vs-chelsea/28-08-2002/1520330
2002/2003,2002-08-28T21:00:00,Blackburn,Liverpool,https://www.xscores.com/soccer/match/blackburn-vs-liverpool/28-08-2002/1520333
2002/2003,2002-08-28T21:00:00,Everton,Birmingham,https://www.xscores.com/soccer/match/everton-vs-birmingham/28-08-2002/1520334
2002/2003,2002-09-03T21:00:00,Manchester United,Middlesbrough,https://www.xscores.com/soccer/match/manchester-united-vs-middlesbrough/03-09-2002/1520335
2002/2003,2002-10-23T20:45:00,Fulham,West Ham,https://www.xscores.com/soccer/match/fulham-vs-west-ham/23-10-2002/1520336
2002/2003,2003-01-22T19:45:00,Newcastle,Bolton,https://www.xscores.com/soccer/match/newcastle-vs-bolton/22-01-2003/1520337
2002/2003,2002-08-31T13:00:00,Birmingham,Leeds,https://www.xscores.com/soccer/match/birmingham-vs-leeds/31-08-2002/1520338
2002/2003,2002-08-31T16:00:00,Manchester City,Everton,https://www.xscores.com/soccer/match/manchester-city-vs-everton/31-08-2002/1520339
2002/2003,2002-08-31T16:00:00,Middlesbrough,Blackburn,https://www.xscores.com/soccer/match/middlesbrough-vs-blackburn/31-08-2002/1520340
2002/2003,2002-08-31T16:00:00,Sunderland,Manchester United,https://www.xscores.com/soccer/match/sunderland-vs-manchester-united/31-08-2002/1520341
2002/2003,2002-08-31T16:00:00,Tottenham,Southampton,https://www.xscores.com/soccer/match/tottenham-vs-southampton/31-08-2002/1520342
2002/2003,2002-08-31T16:00:00,West Bromwich,Fulham,https://www.xscores.com/soccer/match/west-bromwich-vs-fulham/31-08-2002/1520343
2002/2003,2002-08-31T16:00:00,West Ham,Charlton,https://www.xscores.com/soccer/match/west-ham-vs-charlton/31-08-2002/1520344
2002/2003,2002-09-01T15:00:00,Bolton,Aston Villa,https://www.xscores.com/soccer/match/bolton-vs-aston-villa/01-09-2002/1520345
2002/2003,2002-09-01T17:05:00,Chelsea,Arsenal,https://www.xscores.com/soccer/match/chelsea-vs-arsenal/01-09-2002/1520346
2002/2003,2002-09-02T21:00:00,Liverpool,Newcastle,https://www.xscores.com/soccer/match/liverpool-vs-newcastle/02-09-2002/1520347
2002/2003,2002-09-10T20:45:00,Middlesbrough,Sunderland,https://www.xscores.com/soccer/match/middlesbrough-vs-sunderland/10-09-2002/1520348
2002/2003,2002-09-10T21:00:00,Arsenal,Manchester City,https://www.xscores.com/soccer/match/arsenal-vs-manchester-city/10-09-2002/1520349
2002/2003,2002-09-11T20:45:00,Aston Villa,Charlton,https://www.xscores.com/soccer/match/aston-villa-vs-charlton/11-09-2002/1520350
2002/2003,2002-09-11T20:45:00,Fulham,Tottenham,https://www.xscores.com/soccer/match/fulham-vs-tottenham/11-09-2002/1520353
2002/2003,2002-09-11T20:45:00,Southampton,Everton,https://www.xscores.com/soccer/match/southampton-vs-everton/11-09-2002/1520351
2002/2003,2002-09-11T20:45:00,West Ham,West Bromwich,https://www.xscores.com/soccer/match/west-ham-vs-west-bromwich/11-09-2002/1520352
2002/2003,2002-09-11T21:00:00,Blackburn,Chelsea,https://www.xscores.com/soccer/match/blackburn-vs-chelsea/11-09-2002/1520357
2002/2003,2002-09-11T21:00:00,Liverpool,Birmingham,https://www.xscores.com/soccer/match/liverpool-vs-birmingham/11-09-2002/1520354
2002/2003,2002-09-11T21:00:00,Manchester United,Bolton,https://www.xscores.com/soccer/match/manchester-united-vs-bolton/11-09-2002/1520355
2002/2003,2002-09-11T21:00:00,Newcastle,Leeds,https://www.xscores.com/soccer/match/newcastle-vs-leeds/11-09-2002/1520356
2002/2003,2002-09-14T13:00:00,Leeds,Manchester United,https://www.xscores.com/soccer/match/leeds-vs-manchester-united/14-09-2002/1520358
2002/2003,2002-09-14T16:00:00,Bolton,Liverpool,https://www.xscores.com/soccer/match/bolton-vs-liverpool/14-09-2002/1520360
2002/2003,2002-09-14T16:00:00,Charlton,Arsenal,https://www.xscores.com/soccer/match/charlton-vs-arsenal/14-09-2002/1520361
2002/2003,2002-09-14T16:00:00,Chelsea,Newcastle,https://www.xscores.com/soccer/match/chelsea-vs-newcastle/14-09-2002/1520362
2002/2003,2002-09-14T16:00:00,Everton,Middlesbrough,https://www.xscores.com/soccer/match/everton-vs-middlesbrough/14-09-2002/1520363
2002/2003,2002-09-14T16:00:00,Sunderland,Fulham,https://www.xscores.com/soccer/match/sunderland-vs-fulham/14-09-2002/1520359
2002/2003,2002-09-14T16:00:00,West Bromwich,Southampton,https://www.xscores.com/soccer/match/west-bromwich-vs-southampton/14-09-2002/1520364
2002/2003,2002-09-15T15:00:00,Manchester City,Blackburn,https://www.xscores.com/soccer/match/manchester-city-vs-blackburn/15-09-2002/1520365
2002/2003,2002-09-15T17:05:00,Tottenham,West Ham,https://www.xscores.com/soccer/match/tottenham-vs-west-ham/15-09-2002/1520366
2002/2003,2002-09-16T21:00:00,Birmingham,Aston Villa,https://www.xscores.com/soccer/match/birmingham-vs-aston-villa/16-09-2002/1520367
2002/2003,2002-09-21T13:15:00,Newcastle,Sunderland,https://www.xscores.com/soccer/match/newcastle-vs-sunderland/21-09-2002/1520368
2002/2003,2002-09-21T16:00:00,Arsenal,Bolton,https://www.xscores.com/soccer/match/arsenal-vs-bolton/21-09-2002/1520374
2002/2003,2002-09-21T16:00:00,Liverpool,West Bromwich,https://www.xscores.com/soccer/match/liverpool-vs-west-bromwich/21-09-2002/1520371
2002/2003,2002-09-21T16:00:00,Manchester United,Tottenham,https://www.xscores.com/soccer/match/manchester-united-vs-tottenham/21-09-2002/1520372
2002/2003,2002-09-21T16:00:00,Middlesbrough,Birmingham,https://www.xscores.com/soccer/match/middlesbrough-vs-birmingham/21-09-2002/1520373
2002/2003,2002-09-21T16:00:00,Southampton,Charlton,https://www.xscores.com/soccer/match/southampton-vs-charlton/21-09-2002/1520369
2002/2003,2002-09-21T16:00:00,West Ham,Manchester City,https://www.xscores.com/soccer/match/west-ham-vs-manchester-city/21-09-2002/1520370
2002/2003,2002-09-22T15:00:00,Aston Villa,Everton,https://www.xscores.com/soccer/match/aston-villa-vs-everton/22-09-2002/1520375
2002/2003,2002-09-22T16:00:00,Blackburn,Leeds,https://www.xscores.com/soccer/match/blackburn-vs-leeds/22-09-2002/1520376
2002/2003,2002-09-23T21:00:00,Fulham,Chelsea,https://www.xscores.com/soccer/match/fulham-vs-chelsea/23-09-2002/1520377
2002/2003,2002-09-28T13:00:00,Leeds,Arsenal,https://www.xscores.com/soccer/match/leeds-vs-arsenal/28-09-2002/1520378
2002/2003,2002-09-28T16:00:00,Bolton,Southampton,https://www.xscores.com/soccer/match/bolton-vs-southampton/28-09-2002/1520382
2002/2003,2002-09-28T16:00:00,Charlton,Manchester United,https://www.xscores.com/soccer/match/charlton-vs-manchester-united/28-09-2002/1520383
2002/2003,2002-09-28T16:00:00,Chelsea,West Ham,https://www.xscores.com/soccer/match/chelsea-vs-west-ham/28-09-2002/1520384
2002/2003,2002-09-28T16:00:00,Everton,Fulham,https://www.xscores.com/soccer/match/everton-vs-fulham/28-09-2002/1520385
2002/2003,2002-09-28T16:00:00,Manchester City,Liverpool,https://www.xscores.com/soccer/match/manchester-city-vs-liverpool/28-09-2002/1520379
2002/2003,2002-09-28T16:00:00,Sunderland,Aston Villa,https://www.xscores.com/soccer/match/sunderland-vs-aston-villa/28-09-2002/1520380
2002/2003,2002-09-28T16:00:00,Tottenham,Middlesbrough,https://www.xscores.com/soccer/match/tottenham-vs-middlesbrough/28-09-2002/1520381
2002/2003,2002-09-28T18:30:00,Birmingham,Newcastle,https://www.xscores.com/soccer/match/birmingham-vs-newcastle/28-09-2002/1520386
2002/2003,2002-09-30T21:00:00,West Bromwich,Blackburn,https://www.xscores.com/soccer/match/west-bromwich-vs-blackburn/30-09-2002/1520387
2002/2003,2002-10-05T16:00:00,Middlesbrough,Bolton,https://www.xscores.com/soccer/match/middlesbrough-vs-bolton/05-10-2002/1520388
2002/2003,2002-10-05T16:00:00,Newcastle,West Bromwich,https://www.xscores.com/soccer/match/newcastle-vs-west-bromwich/05-10-2002/1520389
2002/2003,2002-10-05T16:00:00,Southampton,Manchester City,https://www.xscores.com/soccer/match/southampton-vs-manchester-city/05-10-2002/1520390
2002/2003,2002-10-05T16:00:00,West Ham,Birmingham,https://www.xscores.com/soccer/match/west-ham-vs-birmingham/05-10-2002/1520391
2002/2003,2002-10-06T14:00:00,Fulham,Charlton,https://www.xscores.com/soccer/match/fulham-vs-charlton/06-10-2002/1520392
2002/2003,2002-10-06T15:00:00,Arsenal,Sunderland,https://www.xscores.com/soccer/match/arsenal-vs-sunderland/06-10-2002/1520393
2002/2003,2002-10-06T16:00:00,Aston Villa,Leeds,https://www.xscores.com/soccer/match/aston-villa-vs-leeds/06-10-2002/1520394
2002/2003,2002-10-06T16:00:00,Blackburn,Tottenham,https://www.xscores.com/soccer/match/blackburn-vs-tottenham/06-10-2002/1520395
2002/2003,2002-10-06T17:05:00,Liverpool,Chelsea,https://www.xscores.com/soccer/match/liverpool-vs-chelsea/06-10-2002/1520396
2002/2003,2002-10-07T21:00:00,Manchester United,Everton,https://www.xscores.com/soccer/match/manchester-united-vs-everton/07-10-2002/1520397
2002/2003,2002-10-19T13:00:00,Leeds,Liverpool,https://www.xscores.com/soccer/match/leeds-vs-liverpool/19-10-2002/1520398
2002/2003,2002-10-19T16:00:00,Blackburn,Newcastle,https://www.xscores.com/soccer/match/blackburn-vs-newcastle/19-10-2002/1520401
2002/2003,2002-10-19T16:00:00,Everton,Arsenal,https://www.xscores.com/soccer/match/everton-vs-arsenal/19-10-2002/1520402
2002/2003,2002-10-19T16:00:00,Fulham,Manchester United,https://www.xscores.com/soccer/match/fulham-vs-manchester-united/19-10-2002/1520403
2002/2003,2002-10-19T16:00:00,Manchester City,Chelsea,https://www.xscores.com/soccer/match/manchester-city-vs-chelsea/19-10-2002/1520399
2002/2003,2002-10-19T16:00:00,Sunderland,West Ham,https://www.xscores.com/soccer/match/sunderland-vs-west-ham/19-10-2002/1520400
2002/2003,2002-10-19T16:00:00,West Bromwich,Birmingham,https://www.xscores.com/soccer/match/west-bromwich-vs-birmingham/19-10-2002/1520404
2002/2003,2002-10-20T17:05:00,Charlton,Middlesbrough,https://www.xscores.com/soccer/match/charlton-vs-middlesbrough/20-10-2002/1520405
2002/2003,2002-10-20T17:05:00,Tottenham,Bolton,https://www.xscores.com/soccer/match/tottenham-vs-bolton/20-10-2002/1520406
2002/2003,2002-10-21T21:00:00,Aston Villa,Southampton,https://www.xscores.com/soccer/match/aston-villa-vs-southampton/21-10-2002/1520407
2002/2003,2002-10-26T16:00:00,Arsenal,Blackburn,https://www.xscores.com/soccer/match/arsenal-vs-blackburn/26-10-2002/1520413
2002/2003,2002-10-26T16:00:00,Birmingham,Manchester City,https://www.xscores.com/soccer/match/birmingham-vs-manchester-city/26-10-2002/1520414
2002/2003,2002-10-26T16:00:00,Chelsea,West Bromwich,https://www.xscores.com/soccer/match/chelsea-vs-west-bromwich/26-10-2002/1520408
2002/2003,2002-10-26T16:00:00,Liverpool,Tottenham,https://www.xscores.com/soccer/match/liverpool-vs-tottenham/26-10-2002/1520409
2002/2003,2002-10-26T16:00:00,Manchester United,Aston Villa,https://www.xscores.com/soccer/match/manchester-united-vs-aston-villa/26-10-2002/1520410
2002/2003,2002-10-26T16:00:00,Middlesbrough,Leeds,https://www.xscores.com/soccer/match/middlesbrough-vs-leeds/26-10-2002/1520411
2002/2003,2002-10-26T16:00:00,Newcastle,Charlton,https://www.xscores.com/soccer/match/newcastle-vs-charlton/26-10-2002/1520412
2002/2003,2002-10-27T14:00:00,Southampton,Fulham,https://www.xscores.com/soccer/match/southampton-vs-fulham/27-10-2002/1520415
2002/2003,2002-10-27T16:05:00,West Ham,Everton,https://www.xscores.com/soccer/match/west-ham-vs-everton/27-10-2002/1520416
2002/2003,2002-10-28T20:00:00,Bolton,Sunderland,https://www.xscores.com/soccer/match/bolton-vs-sunderland/28-10-2002/1520417
2002/2003,2002-11-02T15:00:00,Birmingham,Bolton,https://www.xscores.com/soccer/match/birmingham-vs-bolton/02-11-2002/1520418
2002/2003,2002-11-02T15:00:00,Liverpool,West Ham,https://www.xscores.com/soccer/match/liverpool-vs-west-ham/02-11-2002/1520419
2002/2003,2002-11-02T15:00:00,Manchester United,Southampton,https://www.xscores.com/soccer/match/manchester-united-vs-southampton/02-11-2002/1520420
2002/2003,2002-11-02T15:00:00,West Bromwich,Manchester City,https://www.xscores.com/soccer/match/west-bromwich-vs-manchester-city/02-11-2002/1520421
2002/2003,2002-11-03T14:00:00,Fulham,Arsenal,https://www.xscores.com/soccer/match/fulham-vs-arsenal/03-11-2002/1520423
2002/2003,2002-11-03T14:00:00,Tottenham,Chelsea,https://www.xscores.com/soccer/match/tottenham-vs-chelsea/03-11-2002/1520422
2002/2003,2002-11-03T15:00:00,Blackburn,Aston Villa,https://www.xscores.com/soccer/match/blackburn-vs-aston-villa/03-11-2002/1520425
2002/2003,2002-11-03T15:00:00,Leeds,Everton,https://www.xscores.com/soccer/match/leeds-vs-everton/03-11-2002/1520424
2002/2003,2002-11-03T16:05:00,Charlton,Sunderland,https://www.xscores.com/soccer/match/charlton-vs-sunderland/03-11-2002/1520426
2002/2003,2002-11-04T20:00:00,Newcastle,Middlesbrough,https://www.xscores.com/soccer/match/newcastle-vs-middlesbrough/04-11-2002/1520427
2002/2003,2002-11-09T12:15:00,Manchester City,Manchester United,https://www.xscores.com/soccer/match/manchester-city-vs-manchester-united/09-11-2002/1520428
2002/2003,2002-11-09T15:00:00,Arsenal,Newcastle,https://www.xscores.com/soccer/match/arsenal-vs-newcastle/09-11-2002/1520431
2002/2003,2002-11-09T15:00:00,Aston Villa,Fulham,https://www.xscores.com/soccer/match/aston-villa-vs-fulham/09-11-2002/1520432
2002/2003,2002-11-09T15:00:00,Bolton,West Bromwich,https://www.xscores.com/soccer/match/bolton-vs-west-bromwich/09-11-2002/1520433
2002/2003,2002-11-09T15:00:00,Chelsea,Birmingham,https://www.xscores.com/soccer/match/chelsea-vs-birmingham/09-11-2002/1520434
2002/2003,2002-11-09T15:00:00,Everton,Charlton,https://www.xscores.com/soccer/match/everton-vs-charlton/09-11-2002/1520435
2002/2003,2002-11-09T15:00:00,Middlesbrough,Liverpool,https://www.xscores.com/soccer/match/middlesbrough-vs-liverpool/09-11-2002/1520429
2002/2003,2002-11-09T15:00:00,Southampton,Blackburn,https://www.xscores.com/soccer/match/southampton-vs-blackburn/09-11-2002/1520430
2002/2003,2002-11-10T14:00:00,West Ham,Leeds,https://www.xscores.com/soccer/match/west-ham-vs-leeds/10-11-2002/1520436
2002/2003,2002-11-10T16:05:00,Sunderland,Tottenham,https://www.xscores.com/soccer/match/sunderland-vs-tottenham/10-11-2002/1520437
2002/2003,2002-11-16T15:00:00,Arsenal,Tottenham,https://www.xscores.com/soccer/match/arsenal-vs-tottenham/16-11-2002/1520438
2002/2003,2002-11-16T15:00:00,Chelsea,Middlesbrough,https://www.xscores.com/soccer/match/chelsea-vs-middlesbrough/16-11-2002/1520439
2002/2003,2002-11-16T15:00:00,Manchester City,Charlton,https://www.xscores.com/soccer/match/manchester-city-vs-charlton/16-11-2002/1520440
2002/2003,2002-11-16T15:00:00,Newcastle,Southampton,https://www.xscores.com/soccer/match/newcastle-vs-southampton/16-11-2002/1520441
2002/2003,2002-11-16T15:00:00,West Bromwich,Aston Villa,https://www.xscores.com/soccer/match/west-bromwich-vs-aston-villa/16-11-2002/1520442
2002/2003,2002-11-17T14:00:00,Liverpool,Sunderland,https://www.xscores.com/soccer/match/liverpool-vs-sunderland/17-11-2002/1520443
2002/2003,2002-11-17T15:00:00,Birmingham,Fulham,https://www.xscores.com/soccer/match/birmingham-vs-fulham/17-11-2002/1520445
2002/2003,2002-11-17T15:00:00,Blackburn,Everton,https://www.xscores.com/soccer/match/blackburn-vs-everton/17-11-2002/1520446
2002/2003,2002-11-17T15:00:00,Leeds,Bolton,https://www.xscores.com/soccer/match/leeds-vs-bolton/17-11-2002/1520444
2002/2003,2002-11-17T16:05:00,West Ham,Manchester United,https://www.xscores.com/soccer/match/west-ham-vs-manchester-united/17-11-2002/1520447
2002/2003,2002-11-23T12:15:00,Manchester United,Newcastle,https://www.xscores.com/soccer/match/manchester-united-vs-newcastle/23-11-2002/1520448
2002/2003,2002-11-23T15:00:00,Aston Villa,West Ham,https://www.xscores.com/soccer/match/aston-villa-vs-west-ham/23-11-2002/1520452
2002/2003,2002-11-23T15:00:00,Bolton,Chelsea,https://www.xscores.com/soccer/match/bolton-vs-chelsea/23-11-2002/1520453
2002/2003,2002-11-23T15:00:00,Everton,West Bromwich,https://www.xscores.com/soccer/match/everton-vs-west-bromwich/23-11-2002/1520454
2002/2003,2002-11-23T15:00:00,Fulham,Liverpool,https://www.xscores.com/soccer/match/fulham-vs-liverpool/23-11-2002/1520455
2002/2003,2002-11-23T15:00:00,Middlesbrough,Manchester City,https://www.xscores.com/soccer/match/middlesbrough-vs-manchester-city/23-11-2002/1520449
2002/2003,2002-11-23T15:00:00,Southampton,Arsenal,https://www.xscores.com/soccer/match/southampton-vs-arsenal/23-11-2002/1520450
2002/2003,2002-11-23T15:00:00,Sunderland,Birmingham,https://www.xscores.com/soccer/match/sunderland-vs-birmingham/23-11-2002/1520451
2002/2003,2002-11-24T14:00:00,Tottenham,Leeds,https://www.xscores.com/soccer/match/tottenham-vs-leeds/24-11-2002/1520456
2002/2003,2002-11-24T16:05:00,Charlton,Blackburn,https://www.xscores.com/soccer/match/charlton-vs-blackburn/24-11-2002/1520457
2002/2003,2002-11-30T15:00:00,Arsenal,Aston Villa,https://www.xscores.com/soccer/match/arsenal-vs-aston-villa/30-11-2002/1520458
2002/2003,2002-11-30T15:00:00,Birmingham,Tottenham,https://www.xscores.com/soccer/match/birmingham-vs-tottenham/30-11-2002/1520459
2002/2003,2002-11-30T15:00:00,Blackburn,Fulham,https://www.xscores.com/soccer/match/blackburn-vs-fulham/30-11-2002/1520460
2002/2003,2002-11-30T15:00:00,Chelsea,Sunderland,https://www.xscores.com/soccer/match/chelsea-vs-sunderland/30-11-2002/1520461
2002/2003,2002-11-30T15:00:00,Manchester City,Bolton,https://www.xscores.com/soccer/match/manchester-city-vs-bolton/30-11-2002/1520462
2002/2003,2002-11-30T15:00:00,West Bromwich,Middlesbrough,https://www.xscores.com/soccer/match/west-bromwich-vs-middlesbrough/30-11-2002/1520463
2002/2003,2002-12-01T12:15:00,Liverpool,Manchester United,https://www.xscores.com/soccer/match/liverpool-vs-manchester-united/01-12-2002/1520464
2002/2003,2002-12-01T14:15:00,Newcastle,Everton,https://www.xscores.com/soccer/match/newcastle-vs-everton/01-12-2002/1520465
2002/2003,2002-12-01T15:00:00,Leeds,Charlton,https://www.xscores.com/soccer/match/leeds-vs-charlton/01-12-2002/1520466
2002/2003,2002-12-02T20:00:00,West Ham,Southampton,https://www.xscores.com/soccer/match/west-ham-vs-southampton/02-12-2002/1520467
2002/2003,2002-12-07T12:15:00,Manchester United,Arsenal,https://www.xscores.com/soccer/match/manchester-united-vs-arsenal/07-12-2002/1520468
2002/2003,2002-12-07T15:00:00,Aston Villa,Newcastle,https://www.xscores.com/soccer/match/aston-villa-vs-newcastle/07-12-2002/1520471
2002/2003,2002-12-07T15:00:00,Bolton,Blackburn,https://www.xscores.com/soccer/match/bolton-vs-blackburn/07-12-2002/1520472
2002/2003,2002-12-07T15:00:00,Charlton,Liverpool,https://www.xscores.com/soccer/match/charlton-vs-liverpool/07-12-2002/1520473
2002/2003,2002-12-07T15:00:00,Everton,Chelsea,https://www.xscores.com/soccer/match/everton-vs-chelsea/07-12-2002/1520474
2002/2003,2002-12-07T15:00:00,Fulham,Leeds,https://www.xscores.com/soccer/match/fulham-vs-leeds/07-12-2002/1520475
2002/2003,2002-12-07T15:00:00,Middlesbrough,West Ham,https://www.xscores.com/soccer/match/middlesbrough-vs-west-ham/07-12-2002/1520469
2002/2003,2002-12-07T15:00:00,Southampton,Birmingham,https://www.xscores.com/soccer/match/southampton-vs-birmingham/07-12-2002/1520470
2002/2003,2002-12-08T16:05:00,Tottenham,West Bromwich,https://www.xscores.com/soccer/match/tottenham-vs-west-bromwich/08-12-2002/1520476
2002/2003,2002-12-09T20:00:00,Sunderland,Manchester City,https://www.xscores.com/soccer/match/sunderland-vs-manchester-city/09-12-2002/1520477
2002/2003,2002-12-14T12:15:00,Manchester United,West Ham,https://www.xscores.com/soccer/match/manchester-united-vs-west-ham/14-12-2002/1520478
2002/2003,2002-12-14T15:00:00,Aston Villa,West Bromwich,https://www.xscores.com/soccer/match/aston-villa-vs-west-bromwich/14-12-2002/1520481
2002/2003,2002-12-14T15:00:00,Charlton,Manchester City,https://www.xscores.com/soccer/match/charlton-vs-manchester-city/14-12-2002/1520482
2002/2003,2002-12-14T15:00:00,Everton,Blackburn,https://www.xscores.com/soccer/match/everton-vs-blackburn/14-12-2002/1520483
2002/2003,2002-12-14T15:00:00,Middlesbrough,Chelsea,https://www.xscores.com/soccer/match/middlesbrough-vs-chelsea/14-12-2002/1520479
2002/2003,2002-12-14T15:00:00,Southampton,Newcastle,https://www.xscores.com/soccer/match/southampton-vs-newcastle/14-12-2002/1520480
2002/2003,2002-12-15T14:00:00,Fulham,Birmingham,https://www.xscores.com/soccer/match/fulham-vs-birmingham/15-12-2002/1520484
2002/2003,2002-12-15T14:00:00,Tottenham,Arsenal,https://www.xscores.com/soccer/match/tottenham-vs-arsenal/15-12-2002/1520485
2002/2003,2002-12-15T16:05:00,Sunderland,Liverpool,https://www.xscores.com/soccer/match/sunderland-vs-liverpool/15-12-2002/1520486
2002/2003,2002-12-16T20:00:00,Bolton,Leeds,https://www.xscores.com/soccer/match/bolton-vs-leeds/16-12-2002/1520487
2002/2003,2002-12-21T15:00:00,Arsenal,Middlesbrough,https://www.xscores.com/soccer/match/arsenal-vs-middlesbrough/21-12-2002/1520490
2002/2003,2002-12-21T15:00:00,Birmingham,Charlton,https://www.xscores.com/soccer/match/birmingham-vs-charlton/21-12-2002/1520491
2002/2003,2002-12-21T15:00:00,Chelsea,Aston Villa,https://www.xscores.com/soccer/match/chelsea-vs-aston-villa/21-12-2002/1520488
2002/2003,2002-12-21T15:00:00,Leeds,Southampton,https://www.xscores.com/soccer/match/leeds-vs-southampton/21-12-2002/1520489
2002/2003,2002-12-21T15:00:00,Newcastle,Fulham,https://www.xscores.com/soccer/match/newcastle-vs-fulham/21-12-2002/1520492
2002/2003,2002-12-21T15:00:00,West Bromwich,Sunderland,https://www.xscores.com/soccer/match/west-bromwich-vs-sunderland/21-12-2002/1520493
2002/2003,2002-12-21T15:00:00,West Ham,Bolton,https://www.xscores.com/soccer/match/west-ham-vs-bolton/21-12-2002/1520494
2002/2003,2002-12-22T14:00:00,Blackburn,Manchester United,https://www.xscores.com/soccer/match/blackburn-vs-manchester-united/22-12-2002/1520495
2002/2003,2002-12-22T16:05:00,Liverpool,Everton,https://www.xscores.com/soccer/match/liverpool-vs-everton/22-12-2002/1520496
2002/2003,2002-12-23T20:00:00,Manchester City,Tottenham,https://www.xscores.com/soccer/match/manchester-city-vs-tottenham/23-12-2002/1520497
2002/2003,2002-12-26T12:00:00,Chelsea,Southampton,https://www.xscores.com/soccer/match/chelsea-vs-southampton/26-12-2002/1520498
2002/2003,2002-12-26T12:00:00,Tottenham,Charlton,https://www.xscores.com/soccer/match/tottenham-vs-charlton/26-12-2002/1520499
2002/2003,2002-12-26T12:00:00,West Ham,Fulham,https://www.xscores.com/soccer/match/west-ham-vs-fulham/26-12-2002/1520500
2002/2003,2002-12-26T13:00:00,Bolton,Newcastle,https://www.xscores.com/soccer/match/bolton-vs-newcastle/26-12-2002/1520501
2002/2003,2002-12-26T14:00:00,West Bromwich,Arsenal,https://www.xscores.com/soccer/match/west-bromwich-vs-arsenal/26-12-2002/1520502
2002/2003,2002-12-26T15:00:00,Birmingham,Everton,https://www.xscores.com/soccer/match/birmingham-vs-everton/26-12-2002/1520503
2002/2003,2002-12-26T15:00:00,Liverpool,Blackburn,https://www.xscores.com/soccer/match/liverpool-vs-blackburn/26-12-2002/1520504
2002/2003,2002-12-26T15:00:00,Manchester City,Aston Villa,https://www.xscores.com/soccer/match/manchester-city-vs-aston-villa/26-12-2002/1520505
2002/2003,2002-12-26T15:00:00,Sunderland,Leeds,https://www.xscores.com/soccer/match/sunderland-vs-leeds/26-12-2002/1520506
2002/2003,2002-12-26T16:00:00,Middlesbrough,Manchester United,https://www.xscores.com/soccer/match/middlesbrough-vs-manchester-united/26-12-2002/1520507
2002/2003,2002-12-28T15:00:00,Aston Villa,Middlesbrough,https://www.xscores.com/soccer/match/aston-villa-vs-middlesbrough/28-12-2002/1520508
2002/2003,2002-12-28T15:00:00,Blackburn,West Ham,https://www.xscores.com/soccer/match/blackburn-vs-west-ham/28-12-2002/1520509
2002/2003,2002-12-28T15:00:00,Charlton,West Bromwich,https://www.xscores.com/soccer/match/charlton-vs-west-bromwich/28-12-2002/1520510
2002/2003,2002-12-28T15:00:00,Everton,Bolton,https://www.xscores.com/soccer/match/everton-vs-bolton/28-12-2002/1520511
2002/2003,2002-12-28T15:00:00,Fulham,Manchester City,https://www.xscores.com/soccer/match/fulham-vs-manchester-city/28-12-2002/1520512
2002/2003,2002-12-28T15:00:00,Leeds,Chelsea,https://www.xscores.com/soccer/match/leeds-vs-chelsea/28-12-2002/1520513
2002/2003,2002-12-28T15:00:00,Manchester United,Birmingham,https://www.xscores.com/soccer/match/manchester-united-vs-birmingham/28-12-2002/1520514
2002/2003,2002-12-28T15:00:00,Southampton,Sunderland,https://www.xscores.com/soccer/match/southampton-vs-sunderland/28-12-2002/1520515
2002/2003,2002-12-29T14:00:00,Newcastle,Tottenham,https://www.xscores.com/soccer/match/newcastle-vs-tottenham/29-12-2002/1520516
2002/2003,2002-12-29T16:05:00,Arsenal,Liverpool,https://www.xscores.com/soccer/match/arsenal-vs-liverpool/29-12-2002/1520517
2002/2003,2003-01-01T14:00:00,Manchester United,Sunderland,https://www.xscores.com/soccer/match/manchester-united-vs-sunderland/01-01-2003/1520518
2002/2003,2003-01-01T15:00:00,Arsenal,Chelsea,https://www.xscores.com/soccer/match/arsenal-vs-chelsea/01-01-2003/1520520
2002/2003,2003-01-01T15:00:00,Aston Villa,Bolton,https://www.xscores.com/soccer/match/aston-villa-vs-bolton/01-01-2003/1520521
2002/2003,2003-01-01T15:00:00,Blackburn,Middlesbrough,https://www.xscores.com/soccer/match/blackburn-vs-middlesbrough/01-01-2003/1520522
2002/2003,2003-01-01T15:00:00,Everton,Manchester City,https://www.xscores.com/soccer/match/everton-vs-manchester-city/01-01-2003/1520519
2002/2003,2003-01-01T15:00:00,Leeds,Birmingham,https://www.xscores.com/soccer/match/leeds-vs-birmingham/01-01-2003/1520523
2002/2003,2003-01-01T15:00:00,Southampton,Tottenham,https://www.xscores.com/soccer/match/southampton-vs-tottenham/01-01-2003/1520524
2002/2003,2003-01-01T19:45:00,Newcastle,Liverpool,https://www.xscores.com/soccer/match/newcastle-vs-liverpool/01-01-2003/1520525
2002/2003,2003-01-22T20:00:00,Charlton,West Ham,https://www.xscores.com/soccer/match/charlton-vs-west-ham/22-01-2003/1520526
2002/2003,2003-02-19T19:45:00,Fulham,West Bromwich,https://www.xscores.com/soccer/match/fulham-vs-west-bromwich/19-02-2003/1520527
2002/2003,2003-01-11T15:00:00,Bolton,Fulham,https://www.xscores.com/soccer/match/bolton-vs-fulham/11-01-2003/1520528
2002/2003,2003-01-11T15:00:00,Chelsea,Charlton,https://www.xscores.com/soccer/match/chelsea-vs-charlton/11-01-2003/1520529
2002/2003,2003-01-11T15:00:00,Liverpool,Aston Villa,https://www.xscores.com/soccer/match/liverpool-vs-aston-villa/11-01-2003/1520530
2002/2003,2003-01-11T15:00:00,Manchester City,Leeds,https://www.xscores.com/soccer/match/manchester-city-vs-leeds/11-01-2003/1520531
2002/2003,2003-01-11T15:00:00,Middlesbrough,Southampton,https://www.xscores.com/soccer/match/middlesbrough-vs-southampton/11-01-2003/1520532
2002/2003,2003-01-11T15:00:00,Sunderland,Blackburn,https://www.xscores.com/soccer/match/sunderland-vs-blackburn/11-01-2003/1520533
2002/2003,2003-01-11T15:00:00,West Bromwich,Manchester United,https://www.xscores.com/soccer/match/west-bromwich-vs-manchester-united/11-01-2003/1520534
2002/2003,2003-01-11T15:00:00,West Ham,Newcastle,https://www.xscores.com/soccer/match/west-ham-vs-newcastle/11-01-2003/1520535
2002/2003,2003-01-12T14:00:00,Tottenham,Everton,https://www.xscores.com/soccer/match/tottenham-vs-everton/12-01-2003/1520536
2002/2003,2003-01-12T16:35:00,Birmingham,Arsenal,https://www.xscores.com/soccer/match/birmingham-vs-arsenal/12-01-2003/1520537
2002/2003,2003-01-18T12:30:00,Manchester United,Chelsea,https://www.xscores.com/soccer/match/manchester-united-vs-chelsea/18-01-2003/1520538
2002/2003,2003-01-18T15:00:00,Aston Villa,Tottenham,https://www.xscores.com/soccer/match/aston-villa-vs-tottenham/18-01-2003/1520541
2002/2003,2003-01-18T15:00:00,Blackburn,Birmingham,https://www.xscores.com/soccer/match/blackburn-vs-birmingham/18-01-2003/1520542
2002/2003,2003-01-18T15:00:00,Charlton,Bolton,https://www.xscores.com/soccer/match/charlton-vs-bolton/18-01-2003/1520543
2002/2003,2003-01-18T15:00:00,Everton,Sunderland,https://www.xscores.com/soccer/match/everton-vs-sunderland/18-01-2003/1520544
2002/2003,2003-01-18T15:00:00,Leeds,West Bromwich,https://www.xscores.com/soccer/match/leeds-vs-west-bromwich/18-01-2003/1520540
2002/2003,2003-01-18T15:00:00,Newcastle,Manchester City,https://www.xscores.com/soccer/match/newcastle-vs-manchester-city/18-01-2003/1520539
2002/2003,2003-01-18T17:35:00,Southampton,Liverpool,https://www.xscores.com/soccer/match/southampton-vs-liverpool/18-01-2003/1520545
2002/2003,2003-01-19T14:00:00,Arsenal,West Ham,https://www.xscores.com/soccer/match/arsenal-vs-west-ham/19-01-2003/1520546
2002/2003,2003-01-19T16:05:00,Fulham,Middlesbrough,https://www.xscores.com/soccer/match/fulham-vs-middlesbrough/19-01-2003/1520547
2002/2003,2003-01-28T19:45:00,Middlesbrough,Aston Villa,https://www.xscores.com/soccer/match/middlesbrough-vs-aston-villa/28-01-2003/1520548
2002/2003,2003-01-28T20:00:00,Bolton,Everton,https://www.xscores.com/soccer/match/bolton-vs-everton/28-01-2003/1520550
2002/2003,2003-01-28T20:00:00,Chelsea,Leeds,https://www.xscores.com/soccer/match/chelsea-vs-leeds/28-01-2003/1520551
2002/2003,2003-01-28T20:00:00,Sunderland,Southampton,https://www.xscores.com/soccer/match/sunderland-vs-southampton/28-01-2003/1520549
2002/2003,2003-01-29T19:45:00,Manchester City,Fulham,https://www.xscores.com/soccer/match/manchester-city-vs-fulham/29-01-2003/1520552
2002/2003,2003-01-29T19:45:00,Tottenham,Newcastle,https://www.xscores.com/soccer/match/tottenham-vs-newcastle/29-01-2003/1520553
2002/2003,2003-01-29T19:45:00,West Bromwich,Charlton,https://www.xscores.com/soccer/match/west-bromwich-vs-charlton/29-01-2003/1520555
2002/2003,2003-01-29T19:45:00,West Ham,Blackburn,https://www.xscores.com/soccer/match/west-ham-vs-blackburn/29-01-2003/1520554
2002/2003,2003-01-29T20:00:00,Liverpool,Arsenal,https://www.xscores.com/soccer/match/liverpool-vs-arsenal/29-01-2003/1520556
2002/2003,2003-02-04T19:45:00,Birmingham,Manchester United,https://www.xscores.com/soccer/match/birmingham-vs-manchester-united/04-02-2003/1520557
2002/2003,2003-02-01T15:00:00,Arsenal,Fulham,https://www.xscores.com/soccer/match/arsenal-vs-fulham/01-02-2003/1520562
2002/2003,2003-02-01T15:00:00,Bolton,Birmingham,https://www.xscores.com/soccer/match/bolton-vs-birmingham/01-02-2003/1520558
2002/2003,2003-02-01T15:00:00,Chelsea,Tottenham,https://www.xscores.com/soccer/match/chelsea-vs-tottenham/01-02-2003/1520559
2002/2003,2003-02-01T15:00:00,Everton,Leeds,https://www.xscores.com/soccer/match/everton-vs-leeds/01-02-2003/1520560
2002/2003,2003-02-01T15:00:00,Manchester City,West Bromwich,https://www.xscores.com/soccer/match/manchester-city-vs-west-bromwich/01-02-2003/1520561
2002/2003,2003-02-01T15:00:00,Southampton,Manchester United,https://www.xscores.com/soccer/match/southampton-vs-manchester-united/01-02-2003/1520563
2002/2003,2003-02-01T15:00:00,Sunderland,Charlton,https://www.xscores.com/soccer/match/sunderland-vs-charlton/01-02-2003/1520564
2002/2003,2003-02-02T14:00:00,West Ham,Liverpool,https://www.xscores.com/soccer/match/west-ham-vs-liverpool/02-02-2003/1520565
2002/2003,2003-02-02T16:05:00,Aston Villa,Blackburn,https://www.xscores.com/soccer/match/aston-villa-vs-blackburn/02-02-2003/1520566
2002/2003,2003-03-05T19:45:00,Middlesbrough,Newcastle,https://www.xscores.com/soccer/match/middlesbrough-vs-newcastle/05-03-2003/1520567
2002/2003,2003-02-08T12:30:00,Liverpool,Middlesbrough,https://www.xscores.com/soccer/match/liverpool-vs-middlesbrough/08-02-2003/1520568
2002/2003,2003-02-08T15:00:00,Birmingham,Chelsea,https://www.xscores.com/soccer/match/birmingham-vs-chelsea/08-02-2003/1520571
2002/2003,2003-02-08T15:00:00,Blackburn,Southampton,https://www.xscores.com/soccer/match/blackburn-vs-southampton/08-02-2003/1520572
2002/2003,2003-02-08T15:00:00,Charlton,Everton,https://www.xscores.com/soccer/match/charlton-vs-everton/08-02-2003/1520573
2002/2003,2003-02-08T15:00:00,Fulham,Aston Villa,https://www.xscores.com/soccer/match/fulham-vs-aston-villa/08-02-2003/1520574
2002/2003,2003-02-08T15:00:00,Leeds,West Ham,https://www.xscores.com/soccer/match/leeds-vs-west-ham/08-02-2003/1520575
2002/2003,2003-02-08T15:00:00,Tottenham,Sunderland,https://www.xscores.com/soccer/match/tottenham-vs-sunderland/08-02-2003/1520569
2002/2003,2003-02-08T15:00:00,West Bromwich,Bolton,https://www.xscores.com/soccer/match/west-bromwich-vs-bolton/08-02-2003/1520570
2002/2003,2003-02-09T12:30:00,Manchester United,Manchester City,https://www.xscores.com/soccer/match/manchester-united-vs-manchester-city/09-02-2003/1520576
2002/2003,2003-02-09T16:05:00,Newcastle,Arsenal,https://www.xscores.com/soccer/match/newcastle-vs-arsenal/09-02-2003/1520577
2002/2003,2003-02-22T12:00:00,Bolton,Manchester United,https://www.xscores.com/soccer/match/bolton-vs-manchester-united/22-02-2003/1520578
2002/2003,2003-02-22T12:30:00,Everton,Southampton,https://www.xscores.com/soccer/match/everton-vs-southampton/22-02-2003/1520579
2002/2003,2003-02-22T15:00:00,Charlton,Aston Villa,https://www.xscores.com/soccer/match/charlton-vs-aston-villa/22-02-2003/1520583
2002/2003,2003-02-22T15:00:00,Chelsea,Blackburn,https://www.xscores.com/soccer/match/chelsea-vs-blackburn/22-02-2003/1520584
2002/2003,2003-02-22T15:00:00,Leeds,Newcastle,https://www.xscores.com/soccer/match/leeds-vs-newcastle/22-02-2003/1520580
2002/2003,2003-02-22T15:00:00,Manchester City,Arsenal,https://www.xscores.com/soccer/match/manchester-city-vs-arsenal/22-02-2003/1520581
2002/2003,2003-02-22T15:00:00,Sunderland,Middlesbrough,https://www.xscores.com/soccer/match/sunderland-vs-middlesbrough/22-02-2003/1520582
2002/2003,2003-02-23T14:00:00,West Bromwich,West Ham,https://www.xscores.com/soccer/match/west-bromwich-vs-west-ham/23-02-2003/1520585
2002/2003,2003-02-23T16:05:00,Birmingham,Liverpool,https://www.xscores.com/soccer/match/birmingham-vs-liverpool/23-02-2003/1520586
2002/2003,2003-02-24T20:00:00,Tottenham,Fulham,https://www.xscores.com/soccer/match/tottenham-vs-fulham/24-02-2003/1520587
2002/2003,2003-03-01T12:30:00,Newcastle,Chelsea,https://www.xscores.com/soccer/match/newcastle-vs-chelsea/01-03-2003/1520588
2002/2003,2003-03-01T15:00:00,Blackburn,Manchester City,https://www.xscores.com/soccer/match/blackburn-vs-manchester-city/01-03-2003/1520592
2002/2003,2003-03-01T15:00:00,Fulham,Sunderland,https://www.xscores.com/soccer/match/fulham-vs-sunderland/01-03-2003/1520593
2002/2003,2003-03-01T15:00:00,Middlesbrough,Everton,https://www.xscores.com/soccer/match/middlesbrough-vs-everton/01-03-2003/1520591
2002/2003,2003-03-01T15:00:00,Southampton,West Bromwich,https://www.xscores.com/soccer/match/southampton-vs-west-bromwich/01-03-2003/1520589
2002/2003,2003-03-01T15:00:00,West Ham,Tottenham,https://www.xscores.com/soccer/match/west-ham-vs-tottenham/01-03-2003/1520590
2002/2003,2003-03-02T12:00:00,Arsenal,Charlton,https://www.xscores.com/soccer/match/arsenal-vs-charlton/02-03-2003/1520594
2002/2003,2003-03-03T20:00:00,Aston Villa,Birmingham,https://www.xscores.com/soccer/match/aston-villa-vs-birmingham/03-03-2003/1520595
2002/2003,2003-03-05T20:00:00,Manchester United,Leeds,https://www.xscores.com/soccer/match/manchester-united-vs-leeds/05-03-2003/1520596
2002/2003,2003-03-08T15:00:00,Liverpool,Bolton,https://www.xscores.com/soccer/match/liverpool-vs-bolton/08-03-2003/1520597
2002/2003,2003-03-15T12:30:00,Aston Villa,Manchester United,https://www.xscores.com/soccer/match/aston-villa-vs-manchester-united/15-03-2003/1520598
2002/2003,2003-03-15T15:00:00,Blackburn,Arsenal,https://www.xscores.com/soccer/match/blackburn-vs-arsenal/15-03-2003/1520599
2002/2003,2003-03-15T15:00:00,Charlton,Newcastle,https://www.xscores.com/soccer/match/charlton-vs-newcastle/15-03-2003/1520600
2002/2003,2003-03-15T15:00:00,Everton,West Ham,https://www.xscores.com/soccer/match/everton-vs-west-ham/15-03-2003/1520601
2002/2003,2003-03-15T15:00:00,Fulham,Southampton,https://www.xscores.com/soccer/match/fulham-vs-southampton/15-03-2003/1520602
2002/2003,2003-03-15T15:00:00,Leeds,Middlesbrough,https://www.xscores.com/soccer/match/leeds-vs-middlesbrough/15-03-2003/1520603
2002/2003,2003-03-15T15:00:00,Sunderland,Bolton,https://www.xscores.com/soccer/match/sunderland-vs-bolton/15-03-2003/1520604
2002/2003,2003-03-16T14:00:00,Manchester City,Birmingham,https://www.xscores.com/soccer/match/manchester-city-vs-birmingham/16-03-2003/1520605
2002/2003,2003-03-16T15:00:00,Tottenham,Liverpool,https://www.xscores.com/soccer/match/tottenham-vs-liverpool/16-03-2003/1520606
2002/2003,2003-03-16T16:05:00,West Bromwich,Chelsea,https://www.xscores.com/soccer/match/west-bromwich-vs-chelsea/16-03-2003/1520607
2002/2003,2003-03-22T12:00:00,Birmingham,West Bromwich,https://www.xscores.com/soccer/match/birmingham-vs-west-bromwich/22-03-2003/1520608
2002/2003,2003-03-22T12:30:00,Manchester United,Fulham,https://www.xscores.com/soccer/match/manchester-united-vs-fulham/22-03-2003/1520609
2002/2003,2003-03-22T15:00:00,Chelsea,Manchester City,https://www.xscores.com/soccer/match/chelsea-vs-manchester-city/22-03-2003/1520614
2002/2003,2003-03-22T15:00:00,Middlesbrough,Charlton,https://www.xscores.com/soccer/match/middlesbrough-vs-charlton/22-03-2003/1520610
2002/2003,2003-03-22T15:00:00,Newcastle,Blackburn,https://www.xscores.com/soccer/match/newcastle-vs-blackburn/22-03-2003/1520611
2002/2003,2003-03-22T15:00:00,Southampton,Aston Villa,https://www.xscores.com/soccer/match/southampton-vs-aston-villa/22-03-2003/1520612
2002/2003,2003-03-22T15:00:00,West Ham,Sunderland,https://www.xscores.com/soccer/match/west-ham-vs-sunderland/22-03-2003/1520613
2002/2003,2003-03-23T14:00:00,Liverpool,Leeds,https://www.xscores.com/soccer/match/liverpool-vs-leeds/23-03-2003/1520615
2002/2003,2003-03-23T16:05:00,Arsenal,Everton,https://www.xscores.com/soccer/match/arsenal-vs-everton/23-03-2003/1520616
2002/2003,2003-03-24T20:00:00,Bolton,Tottenham,https://www.xscores.com/soccer/match/bolton-vs-tottenham/24-03-2003/1520617
2002/2003,2003-04-05T13:00:00,Bolton,Manchester City,https://www.xscores.com/soccer/match/bolton-vs-manchester-city/05-04-2003/1520618
2002/2003,2003-04-05T13:30:00,Manchester United,Liverpool,https://www.xscores.com/soccer/match/manchester-united-vs-liverpool/05-04-2003/1520619
2002/2003,2003-04-05T16:00:00,Aston Villa,Arsenal,https://www.xscores.com/soccer/match/aston-villa-vs-arsenal/05-04-2003/1520624
2002/2003,2003-04-05T16:00:00,Middlesbrough,West Bromwich,https://www.xscores.com/soccer/match/middlesbrough-vs-west-bromwich/05-04-2003/1520620
2002/2003,2003-04-05T16:00:00,Southampton,West Ham,https://www.xscores.com/soccer/match/southampton-vs-west-ham/05-04-2003/1520621
2002/2003,2003-04-05T16:00:00,Sunderland,Chelsea,https://www.xscores.com/soccer/match/sunderland-vs-chelsea/05-04-2003/1520622
2002/2003,2003-04-05T16:00:00,Tottenham,Birmingham,https://www.xscores.com/soccer/match/tottenham-vs-birmingham/05-04-2003/1520623
2002/2003,2003-04-05T16:10:00,Charlton,Leeds,https://www.xscores.com/soccer/match/charlton-vs-leeds/05-04-2003/1520625
2002/2003,2003-04-06T17:00:00,Everton,Newcastle,https://www.xscores.com/soccer/match/everton-vs-newcastle/06-04-2003/1520626
2002/2003,2003-04-07T21:00:00,Fulham,Blackburn,https://www.xscores.com/soccer/match/fulham-vs-blackburn/07-04-2003/1520627
2002/2003,2003-04-12T13:30:00,Newcastle,Manchester United,https://www.xscores.com/soccer/match/newcastle-vs-manchester-united/12-04-2003/1520628
2002/2003,2003-04-12T16:00:00,Birmingham,Sunderland,https://www.xscores.com/soccer/match/birmingham-vs-sunderland/12-04-2003/1520631
2002/2003,2003-04-12T16:00:00,Blackburn,Charlton,https://www.xscores.com/soccer/match/blackburn-vs-charlton/12-04-2003/1520632
2002/2003,2003-04-12T16:00:00,Chelsea,Bolton,https://www.xscores.com/soccer/match/chelsea-vs-bolton/12-04-2003/1520633
2002/2003,2003-04-12T16:00:00,Leeds,Tottenham,https://www.xscores.com/soccer/match/leeds-vs-tottenham/12-04-2003/1520634
2002/2003,2003-04-12T16:00:00,Liverpool,Fulham,https://www.xscores.com/soccer/match/liverpool-vs-fulham/12-04-2003/1520635
2002/2003,2003-04-12T16:00:00,Manchester City,Middlesbrough,https://www.xscores.com/soccer/match/manchester-city-vs-middlesbrough/12-04-2003/1520636
2002/2003,2003-04-12T16:00:00,West Bromwich,Everton,https://www.xscores.com/soccer/match/west-bromwich-vs-everton/12-04-2003/1520629
2002/2003,2003-04-12T16:00:00,West Ham,Aston Villa,https://www.xscores.com/soccer/match/west-ham-vs-aston-villa/12-04-2003/1520630
2002/2003,2003-05-07T20:45:00,Arsenal,Southampton,https://www.xscores.com/soccer/match/arsenal-vs-southampton/07-05-2003/1520637
2002/2003,2003-04-18T16:00:00,Tottenham,Manchester City,https://www.xscores.com/soccer/match/tottenham-vs-manchester-city/18-04-2003/1520638
2002/2003,2003-04-19T16:00:00,Aston Villa,Chelsea,https://www.xscores.com/soccer/match/aston-villa-vs-chelsea/19-04-2003/1520639
2002/2003,2003-04-19T16:00:00,Bolton,West Ham,https://www.xscores.com/soccer/match/bolton-vs-west-ham/19-04-2003/1520640
2002/2003,2003-04-19T16:00:00,Charlton,Birmingham,https://www.xscores.com/soccer/match/charlton-vs-birmingham/19-04-2003/1520641
2002/2003,2003-04-19T16:00:00,Everton,Liverpool,https://www.xscores.com/soccer/match/everton-vs-liverpool/19-04-2003/1520642
2002/2003,2003-04-19T16:00:00,Fulham,Newcastle,https://www.xscores.com/soccer/match/fulham-vs-newcastle/19-04-2003/1520643
2002/2003,2003-04-19T16:00:00,Manchester United,Blackburn,https://www.xscores.com/soccer/match/manchester-united-vs-blackburn/19-04-2003/1520644
2002/2003,2003-04-19T16:00:00,Middlesbrough,Arsenal,https://www.xscores.com/soccer/match/middlesbrough-vs-arsenal/19-04-2003/1520645
2002/2003,2003-04-19T16:00:00,Southampton,Leeds,https://www.xscores.com/soccer/match/southampton-vs-leeds/19-04-2003/1520646
2002/2003,2003-04-19T16:00:00,Sunderland,West Bromwich,https://www.xscores.com/soccer/match/sunderland-vs-west-bromwich/19-04-2003/1520647
2002/2003,2003-04-16T21:00:00,Arsenal,Manchester United,https://www.xscores.com/soccer/match/arsenal-vs-manchester-united/16-04-2003/1520648
2002/2003,2003-04-21T16:00:00,Birmingham,Southampton,https://www.xscores.com/soccer/match/birmingham-vs-southampton/21-04-2003/1520649
2002/2003,2003-04-21T16:00:00,Blackburn,Bolton,https://www.xscores.com/soccer/match/blackburn-vs-bolton/21-04-2003/1520650
2002/2003,2003-04-21T16:00:00,Chelsea,Everton,https://www.xscores.com/soccer/match/chelsea-vs-everton/21-04-2003/1520651
2002/2003,2003-04-21T16:00:00,Liverpool,Charlton,https://www.xscores.com/soccer/match/liverpool-vs-charlton/21-04-2003/1520652
2002/2003,2003-04-21T16:00:00,Manchester City,Sunderland,https://www.xscores.com/soccer/match/manchester-city-vs-sunderland/21-04-2003/1520653
2002/2003,2003-04-21T16:00:00,Newcastle,Aston Villa,https://www.xscores.com/soccer/match/newcastle-vs-aston-villa/21-04-2003/1520654
2002/2003,2003-04-21T16:00:00,West Bromwich,Tottenham,https://www.xscores.com/soccer/match/west-bromwich-vs-tottenham/21-04-2003/1520655
2002/2003,2003-04-21T16:00:00,West Ham,Middlesbrough,https://www.xscores.com/soccer/match/west-ham-vs-middlesbrough/21-04-2003/1520656
2002/2003,2003-04-22T20:45:00,Leeds,Fulham,https://www.xscores.com/soccer/match/leeds-vs-fulham/22-04-2003/1520657
2002/2003,2003-04-26T13:30:00,Bolton,Arsenal,https://www.xscores.com/soccer/match/bolton-vs-arsenal/26-04-2003/1520658
2002/2003,2003-04-26T16:00:00,Birmingham,Middlesbrough,https://www.xscores.com/soccer/match/birmingham-vs-middlesbrough/26-04-2003/1520664
2002/2003,2003-04-26T16:00:00,Charlton,Southampton,https://www.xscores.com/soccer/match/charlton-vs-southampton/26-04-2003/1520659
2002/2003,2003-04-26T16:00:00,Chelsea,Fulham,https://www.xscores.com/soccer/match/chelsea-vs-fulham/26-04-2003/1520660
2002/2003,2003-04-26T16:00:00,Everton,Aston Villa,https://www.xscores.com/soccer/match/everton-vs-aston-villa/26-04-2003/1520661
2002/2003,2003-04-26T16:00:00,Leeds,Blackburn,https://www.xscores.com/soccer/match/leeds-vs-blackburn/26-04-2003/1520662
2002/2003,2003-04-26T16:00:00,Sunderland,Newcastle,https://www.xscores.com/soccer/match/sunderland-vs-newcastle/26-04-2003/1520663
2002/2003,2003-04-26T16:00:00,West Bromwich,Liverpool,https://www.xscores.com/soccer/match/west-bromwich-vs-liverpool/26-04-2003/1520665
2002/2003,2003-04-27T15:00:00,Manchester City,West Ham,https://www.xscores.com/soccer/match/manchester-city-vs-west-ham/27-04-2003/1520666
2002/2003,2003-04-27T17:05:00,Tottenham,Manchester United,https://www.xscores.com/soccer/match/tottenham-vs-manchester-united/27-04-2003/1520667
2002/2003,2003-05-03T13:30:00,Manchester United,Charlton,https://www.xscores.com/soccer/match/manchester-united-vs-charlton/03-05-2003/1520668
2002/2003,2003-05-03T16:00:00,Aston Villa,Sunderland,https://www.xscores.com/soccer/match/aston-villa-vs-sunderland/03-05-2003/1520671
2002/2003,2003-05-03T16:00:00,Blackburn,West Bromwich,https://www.xscores.com/soccer/match/blackburn-vs-west-bromwich/03-05-2003/1520672
2002/2003,2003-05-03T16:00:00,Fulham,Everton,https://www.xscores.com/soccer/match/fulham-vs-everton/03-05-2003/1520673
2002/2003,2003-05-03T16:00:00,Liverpool,Manchester City,https://www.xscores.com/soccer/match/liverpool-vs-manchester-city/03-05-2003/1520674
2002/2003,2003-05-03T16:00:00,Middlesbrough,Tottenham,https://www.xscores.com/soccer/match/middlesbrough-vs-tottenham/03-05-2003/1520669
2002/2003,2003-05-03T16:00:00,Newcastle,Birmingham,https://www.xscores.com/soccer/match/newcastle-vs-birmingham/03-05-2003/1520670
2002/2003,2003-05-03T16:00:00,West Ham,Chelsea,https://www.xscores.com/soccer/match/west-ham-vs-chelsea/03-05-2003/1520675
2002/2003,2003-05-03T18:30:00,Southampton,Bolton,https://www.xscores.com/soccer/match/southampton-vs-bolton/03-05-2003/1520676
2002/2003,2003-05-04T17:05:00,Arsenal,Leeds,https://www.xscores.com/soccer/match/arsenal-vs-leeds/04-05-2003/1520677
2002/2003,2003-05-11T16:00:00,Birmingham,West Ham,https://www.xscores.com/soccer/match/birmingham-vs-west-ham/11-05-2003/1520678
2002/2003,2003-05-11T16:00:00,Bolton,Middlesbrough,https://www.xscores.com/soccer/match/bolton-vs-middlesbrough/11-05-2003/1520679
2002/2003,2003-05-11T16:00:00,Charlton,Fulham,https://www.xscores.com/soccer/match/charlton-vs-fulham/11-05-2003/1520680
2002/2003,2003-05-11T16:00:00,Chelsea,Liverpool,https://www.xscores.com/soccer/match/chelsea-vs-liverpool/11-05-2003/1520681
2002/2003,2003-05-11T16:00:00,Everton,Manchester United,https://www.xscores.com/soccer/match/everton-vs-manchester-united/11-05-2003/1520682
2002/2003,2003-05-11T16:00:00,Leeds,Aston Villa,https://www.xscores.com/soccer/match/leeds-vs-aston-villa/11-05-2003/1520683
2002/2003,2003-05-11T16:00:00,Manchester City,Southampton,https://www.xscores.com/soccer/match/manchester-city-vs-southampton/11-05-2003/1520684
2002/2003,2003-05-11T16:00:00,Sunderland,Arsenal,https://www.xscores.com/soccer/match/sunderland-vs-arsenal/11-05-2003/1520685
2002/2003,2003-05-11T16:00:00,Tottenham,Blackburn,https://www.xscores.com/soccer/match/tottenham-vs-blackburn/11-05-2003/1520686
2002/2003,2003-05-11T16:00:00,West Bromwich,Newcastle,https://www.xscores.com/soccer/match/west-bromwich-vs-newcastle/11-05-2003/1520687
