season,date,home_team,away_team,url
1999/2000,1999-08-07T16:00:00,Arsenal,Leicester,https://www.xscores.com/soccer/match/arsenal-vs-leicester/07-08-1999/475632
1999/2000,1999-08-07T16:00:00,Chelsea,Sunderland,https://www.xscores.com/soccer/match/chelsea-vs-sunderland/07-08-1999/475633
1999/2000,1999-08-07T16:00:00,Coventry,Southampton,https://www.xscores.com/soccer/match/coventry-vs-southampton/07-08-1999/475634
1999/2000,1999-08-07T16:00:00,Leeds,Derby,https://www.xscores.com/soccer/match/leeds-vs-derby/07-08-1999/475635
1999/2000,1999-08-07T16:00:00,Middlesbrough,Bradford,https://www.xscores.com/soccer/match/middlesbrough-vs-bradford/07-08-1999/475636
1999/2000,1999-08-07T16:00:00,Newcastle,Aston Villa,https://www.xscores.com/soccer/match/newcastle-vs-aston-villa/07-08-1999/475637
1999/2000,1999-08-07T16:00:00,Sheffield Wednesday,Liverpool,https://www.xscores.com/soccer/match/sheffield-wednesday-vs-liverpool/07-08-1999/475638
1999/2000,1999-08-07T16:00:00,Watford,AFC Wimbledon,https://www.xscores.com/soccer/match/watford-vs-afc-wimbledon/07-08-1999/482969
1999/2000,1999-08-07T16:00:00,West Ham,Tottenham,https://www.xscores.com/soccer/match/west-ham-vs-tottenham/07-08-1999/475639
1999/2000,1999-08-08T17:00:00,Everton,Manchester United,https://www.xscores.com/soccer/match/everton-vs-manchester-united/08-08-1999/475640
1999/2000,1999-08-09T21:00:00,Tottenham,Newcastle,https://www.xscores.com/soccer/match/tottenham-vs-newcastle/09-08-1999/475641
1999/2000,1999-08-10T20:45:00,AFC Wimbledon,Middlesbrough,https://www.xscores.com/soccer/match/afc-wimbledon-vs-middlesbrough/10-08-1999/482970
1999/2000,1999-08-10T20:45:00,Sunderland,Watford,https://www.xscores.com/soccer/match/sunderland-vs-watford/10-08-1999/475642
1999/2000,1999-08-10T21:00:00,Derby,Arsenal,https://www.xscores.com/soccer/match/derby-vs-arsenal/10-08-1999/475643
1999/2000,1999-08-11T20:45:00,Aston Villa,Everton,https://www.xscores.com/soccer/match/aston-villa-vs-everton/11-08-1999/475644
1999/2000,1999-08-11T20:45:00,Leicester,Coventry,https://www.xscores.com/soccer/match/leicester-vs-coventry/11-08-1999/475645
1999/2000,1999-08-11T20:45:00,Southampton,Leeds,https://www.xscores.com/soccer/match/southampton-vs-leeds/11-08-1999/475646
1999/2000,1999-08-11T21:00:00,Manchester United,Sheffield Wednesday,https://www.xscores.com/soccer/match/manchester-united-vs-sheffield-wednesday/11-08-1999/475647
1999/2000,1999-08-14T13:00:00,Manchester United,Leeds,https://www.xscores.com/soccer/match/manchester-united-vs-leeds/14-08-1999/475648
1999/2000,1999-08-14T16:00:00,Bradford,Sheffield Wednesday,https://www.xscores.com/soccer/match/bradford-vs-sheffield-wednesday/14-08-1999/475649
1999/2000,1999-08-14T16:00:00,AFC Wimbledon,Coventry,https://www.xscores.com/soccer/match/afc-wimbledon-vs-coventry/14-08-1999/482971
1999/2000,1999-08-14T16:00:00,Derby,Middlesbrough,https://www.xscores.com/soccer/match/derby-vs-middlesbrough/14-08-1999/475650
1999/2000,1999-08-14T16:00:00,Leicester,Chelsea,https://www.xscores.com/soccer/match/leicester-vs-chelsea/14-08-1999/475651
1999/2000,1999-08-14T16:00:00,Liverpool,Watford,https://www.xscores.com/soccer/match/liverpool-vs-watford/14-08-1999/475652
1999/2000,1999-08-14T16:00:00,Sunderland,Arsenal,https://www.xscores.com/soccer/match/sunderland-vs-arsenal/14-08-1999/475653
1999/2000,1999-08-14T16:00:00,Tottenham,Everton,https://www.xscores.com/soccer/match/tottenham-vs-everton/14-08-1999/475654
1999/2000,1999-08-15T17:00:00,Southampton,Newcastle,https://www.xscores.com/soccer/match/southampton-vs-newcastle/15-08-1999/475655
1999/2000,1999-08-16T21:00:00,Aston Villa,West Ham,https://www.xscores.com/soccer/match/aston-villa-vs-west-ham/16-08-1999/475656
1999/2000,1999-08-21T16:00:00,Chelsea,Aston Villa,https://www.xscores.com/soccer/match/chelsea-vs-aston-villa/21-08-1999/475657
1999/2000,1999-08-21T16:00:00,Coventry,Derby,https://www.xscores.com/soccer/match/coventry-vs-derby/21-08-1999/475658
1999/2000,1999-08-21T16:00:00,Everton,Southampton,https://www.xscores.com/soccer/match/everton-vs-southampton/21-08-1999/475659
1999/2000,1999-08-21T16:00:00,Leeds,Sunderland,https://www.xscores.com/soccer/match/leeds-vs-sunderland/21-08-1999/475660
1999/2000,1999-08-21T16:00:00,Middlesbrough,Liverpool,https://www.xscores.com/soccer/match/middlesbrough-vs-liverpool/21-08-1999/475661
1999/2000,1999-08-21T16:00:00,Newcastle,AFC Wimbledon,https://www.xscores.com/soccer/match/newcastle-vs-afc-wimbledon/21-08-1999/482972
1999/2000,1999-08-21T16:00:00,Sheffield Wednesday,Tottenham,https://www.xscores.com/soccer/match/sheffield-wednesday-vs-tottenham/21-08-1999/475662
1999/2000,1999-08-21T16:00:00,Watford,Bradford,https://www.xscores.com/soccer/match/watford-vs-bradford/21-08-1999/475663
1999/2000,1999-08-21T16:00:00,West Ham,Leicester,https://www.xscores.com/soccer/match/west-ham-vs-leicester/21-08-1999/475664
1999/2000,1999-08-22T17:00:00,Arsenal,Manchester United,https://www.xscores.com/soccer/match/arsenal-vs-manchester-united/22-08-1999/475665
1999/2000,1999-08-23T21:00:00,Leeds,Liverpool,https://www.xscores.com/soccer/match/leeds-vs-liverpool/23-08-1999/475666
1999/2000,1999-08-24T20:45:00,Middlesbrough,Leicester,https://www.xscores.com/soccer/match/middlesbrough-vs-leicester/24-08-1999/475667
1999/2000,1999-08-24T20:45:00,Watford,Aston Villa,https://www.xscores.com/soccer/match/watford-vs-aston-villa/24-08-1999/475668
1999/2000,1999-08-25T20:45:00,Arsenal,Bradford,https://www.xscores.com/soccer/match/arsenal-vs-bradford/25-08-1999/475669
1999/2000,1999-08-25T20:45:00,Coventry,Manchester United,https://www.xscores.com/soccer/match/coventry-vs-manchester-united/25-08-1999/475670
1999/2000,1999-08-25T20:45:00,Newcastle,Sunderland,https://www.xscores.com/soccer/match/newcastle-vs-sunderland/25-08-1999/475671
1999/2000,1999-08-25T20:45:00,Sheffield Wednesday,Derby,https://www.xscores.com/soccer/match/sheffield-wednesday-vs-derby/25-08-1999/475672
1999/2000,1999-08-25T21:00:00,Everton,AFC Wimbledon,https://www.xscores.com/soccer/match/everton-vs-afc-wimbledon/25-08-1999/482973
1999/2000,1999-08-28T16:00:00,Aston Villa,Middlesbrough,https://www.xscores.com/soccer/match/aston-villa-vs-middlesbrough/28-08-1999/475673
1999/2000,1999-08-28T16:00:00,Bradford,West Ham,https://www.xscores.com/soccer/match/bradford-vs-west-ham/28-08-1999/475674
1999/2000,1999-08-28T16:00:00,Derby,Everton,https://www.xscores.com/soccer/match/derby-vs-everton/28-08-1999/475675
1999/2000,1999-08-28T16:00:00,Liverpool,Arsenal,https://www.xscores.com/soccer/match/liverpool-vs-arsenal/28-08-1999/475676
1999/2000,1999-08-28T16:00:00,AFC Wimbledon,Chelsea,https://www.xscores.com/soccer/match/afc-wimbledon-vs-chelsea/28-08-1999/482974
1999/2000,1999-08-28T16:00:00,Southampton,Sheffield Wednesday,https://www.xscores.com/soccer/match/southampton-vs-sheffield-wednesday/28-08-1999/475677
1999/2000,1999-08-28T16:00:00,Tottenham,Leeds,https://www.xscores.com/soccer/match/tottenham-vs-leeds/28-08-1999/475678
1999/2000,1999-08-29T17:00:00,Sunderland,Coventry,https://www.xscores.com/soccer/match/sunderland-vs-coventry/29-08-1999/475679
1999/2000,1999-08-30T13:00:00,Manchester United,Newcastle,https://www.xscores.com/soccer/match/manchester-united-vs-newcastle/30-08-1999/475680
1999/2000,1999-08-30T21:00:00,Leicester,Watford,https://www.xscores.com/soccer/match/leicester-vs-watford/30-08-1999/475681
1999/2000,1999-09-11T12:30:00,Liverpool,Manchester United,https://www.xscores.com/soccer/match/liverpool-vs-manchester-united/11-09-1999/475682
1999/2000,1999-09-11T16:00:00,Arsenal,Aston Villa,https://www.xscores.com/soccer/match/arsenal-vs-aston-villa/11-09-1999/475683
1999/2000,1999-09-11T16:00:00,Chelsea,Newcastle,https://www.xscores.com/soccer/match/chelsea-vs-newcastle/11-09-1999/475684
1999/2000,1999-09-11T16:00:00,Coventry,Leeds,https://www.xscores.com/soccer/match/coventry-vs-leeds/11-09-1999/475685
1999/2000,1999-09-11T16:00:00,AFC Wimbledon,Derby,https://www.xscores.com/soccer/match/afc-wimbledon-vs-derby/11-09-1999/482975
1999/2000,1999-09-11T16:00:00,Middlesbrough,Southampton,https://www.xscores.com/soccer/match/middlesbrough-vs-southampton/11-09-1999/475686
1999/2000,1999-09-11T16:00:00,Sheffield Wednesday,Everton,https://www.xscores.com/soccer/match/sheffield-wednesday-vs-everton/11-09-1999/475687
1999/2000,1999-09-11T16:00:00,Sunderland,Leicester,https://www.xscores.com/soccer/match/sunderland-vs-leicester/11-09-1999/475688
1999/2000,1999-09-11T16:00:00,West Ham,Watford,https://www.xscores.com/soccer/match/west-ham-vs-watford/11-09-1999/475689
1999/2000,1999-09-12T17:00:00,Bradford,Tottenham,https://www.xscores.com/soccer/match/bradford-vs-tottenham/12-09-1999/475690
1999/2000,1999-09-18T16:00:00,Aston Villa,Bradford,https://www.xscores.com/soccer/match/aston-villa-vs-bradford/18-09-1999/475691
1999/2000,1999-09-18T16:00:00,Derby,Sunderland,https://www.xscores.com/soccer/match/derby-vs-sunderland/18-09-1999/475692
1999/2000,1999-09-18T16:00:00,Leicester,Liverpool,https://www.xscores.com/soccer/match/leicester-vs-liverpool/18-09-1999/475693
1999/2000,1999-09-18T16:00:00,Manchester United,AFC Wimbledon,https://www.xscores.com/soccer/match/manchester-united-vs-afc-wimbledon/18-09-1999/482976
1999/2000,1999-09-18T16:00:00,Southampton,Arsenal,https://www.xscores.com/soccer/match/southampton-vs-arsenal/18-09-1999/475694
1999/2000,1999-09-18T16:00:00,Watford,Chelsea,https://www.xscores.com/soccer/match/watford-vs-chelsea/18-09-1999/475695
1999/2000,1999-09-19T16:00:00,Everton,West Ham,https://www.xscores.com/soccer/match/everton-vs-west-ham/19-09-1999/475696
1999/2000,1999-09-19T16:00:00,Newcastle,Sheffield Wednesday,https://www.xscores.com/soccer/match/newcastle-vs-sheffield-wednesday/19-09-1999/475697
1999/2000,1999-09-19T16:00:00,Tottenham,Coventry,https://www.xscores.com/soccer/match/tottenham-vs-coventry/19-09-1999/475698
1999/2000,1999-09-19T17:00:00,Leeds,Middlesbrough,https://www.xscores.com/soccer/match/leeds-vs-middlesbrough/19-09-1999/475699
1999/2000,1999-09-25T16:00:00,Arsenal,Watford,https://www.xscores.com/soccer/match/arsenal-vs-watford/25-09-1999/475700
1999/2000,1999-09-25T16:00:00,Coventry,West Ham,https://www.xscores.com/soccer/match/coventry-vs-west-ham/25-09-1999/475701
1999/2000,1999-09-25T16:00:00,Derby,Bradford,https://www.xscores.com/soccer/match/derby-vs-bradford/25-09-1999/475702
1999/2000,1999-09-25T16:00:00,Leeds,Newcastle,https://www.xscores.com/soccer/match/leeds-vs-newcastle/25-09-1999/475703
1999/2000,1999-09-25T16:00:00,Leicester,Aston Villa,https://www.xscores.com/soccer/match/leicester-vs-aston-villa/25-09-1999/475704
1999/2000,1999-09-25T16:00:00,Manchester United,Southampton,https://www.xscores.com/soccer/match/manchester-united-vs-southampton/25-09-1999/475705
1999/2000,1999-09-25T16:00:00,Middlesbrough,Chelsea,https://www.xscores.com/soccer/match/middlesbrough-vs-chelsea/25-09-1999/475706
1999/2000,1999-09-25T16:00:00,Sunderland,Sheffield Wednesday,https://www.xscores.com/soccer/match/sunderland-vs-sheffield-wednesday/25-09-1999/475707
1999/2000,1999-09-26T17:00:00,AFC Wimbledon,Tottenham,https://www.xscores.com/soccer/match/afc-wimbledon-vs-tottenham/26-09-1999/482977
1999/2000,1999-09-27T21:00:00,Liverpool,Everton,https://www.xscores.com/soccer/match/liverpool-vs-everton/27-09-1999/475708
1999/2000,1999-10-02T16:00:00,Aston Villa,Liverpool,https://www.xscores.com/soccer/match/aston-villa-vs-liverpool/02-10-1999/475709
1999/2000,1999-10-02T16:00:00,Bradford,Sunderland,https://www.xscores.com/soccer/match/bradford-vs-sunderland/02-10-1999/475710
1999/2000,1999-10-02T16:00:00,Everton,Coventry,https://www.xscores.com/soccer/match/everton-vs-coventry/02-10-1999/475711
1999/2000,1999-10-02T16:00:00,Sheffield Wednesday,AFC Wimbledon,https://www.xscores.com/soccer/match/sheffield-wednesday-vs-afc-wimbledon/02-10-1999/482978
1999/2000,1999-10-03T16:00:00,Chelsea,Manchester United,https://www.xscores.com/soccer/match/chelsea-vs-manchester-united/03-10-1999/475712
1999/2000,1999-10-03T16:00:00,Newcastle,Middlesbrough,https://www.xscores.com/soccer/match/newcastle-vs-middlesbrough/03-10-1999/475713
1999/2000,1999-10-03T16:00:00,Tottenham,Leicester,https://www.xscores.com/soccer/match/tottenham-vs-leicester/03-10-1999/475714
1999/2000,1999-10-03T16:00:00,Watford,Leeds,https://www.xscores.com/soccer/match/watford-vs-leeds/03-10-1999/475715
1999/2000,1999-10-03T16:00:00,West Ham,Arsenal,https://www.xscores.com/soccer/match/west-ham-vs-arsenal/03-10-1999/475716
1999/2000,1999-10-04T21:00:00,Southampton,Derby,https://www.xscores.com/soccer/match/southampton-vs-derby/04-10-1999/475717
1999/2000,1999-10-16T16:00:00,Arsenal,Everton,https://www.xscores.com/soccer/match/arsenal-vs-everton/16-10-1999/475718
1999/2000,1999-10-16T16:00:00,Coventry,Newcastle,https://www.xscores.com/soccer/match/coventry-vs-newcastle/16-10-1999/475719
1999/2000,1999-10-16T16:00:00,Derby,Tottenham,https://www.xscores.com/soccer/match/derby-vs-tottenham/16-10-1999/475720
1999/2000,1999-10-16T16:00:00,Leeds,Sheffield Wednesday,https://www.xscores.com/soccer/match/leeds-vs-sheffield-wednesday/16-10-1999/475721
1999/2000,1999-10-16T16:00:00,AFC Wimbledon,Bradford,https://www.xscores.com/soccer/match/afc-wimbledon-vs-bradford/16-10-1999/482979
1999/2000,1999-10-16T16:00:00,Leicester,Southampton,https://www.xscores.com/soccer/match/leicester-vs-southampton/16-10-1999/475722
1999/2000,1999-10-16T16:00:00,Liverpool,Chelsea,https://www.xscores.com/soccer/match/liverpool-vs-chelsea/16-10-1999/475723
1999/2000,1999-10-16T16:00:00,Manchester United,Watford,https://www.xscores.com/soccer/match/manchester-united-vs-watford/16-10-1999/475724
1999/2000,1999-10-17T17:00:00,Middlesbrough,West Ham,https://www.xscores.com/soccer/match/middlesbrough-vs-west-ham/17-10-1999/475725
1999/2000,1999-10-18T21:00:00,Sunderland,Aston Villa,https://www.xscores.com/soccer/match/sunderland-vs-aston-villa/18-10-1999/475726
1999/2000,1999-10-23T16:00:00,Aston Villa,AFC Wimbledon,https://www.xscores.com/soccer/match/aston-villa-vs-afc-wimbledon/23-10-1999/482980
1999/2000,1999-10-23T16:00:00,Bradford,Leicester,https://www.xscores.com/soccer/match/bradford-vs-leicester/23-10-1999/475727
1999/2000,1999-10-23T16:00:00,Chelsea,Arsenal,https://www.xscores.com/soccer/match/chelsea-vs-arsenal/23-10-1999/475728
1999/2000,1999-10-23T16:00:00,Sheffield Wednesday,Coventry,https://www.xscores.com/soccer/match/sheffield-wednesday-vs-coventry/23-10-1999/475729
1999/2000,1999-10-23T16:00:00,Southampton,Liverpool,https://www.xscores.com/soccer/match/southampton-vs-liverpool/23-10-1999/475730
1999/2000,1999-10-23T16:00:00,Tottenham,Manchester United,https://www.xscores.com/soccer/match/tottenham-vs-manchester-united/23-10-1999/475731
1999/2000,1999-10-24T16:00:00,Everton,Leeds,https://www.xscores.com/soccer/match/everton-vs-leeds/24-10-1999/475732
1999/2000,1999-10-24T16:00:00,West Ham,Sunderland,https://www.xscores.com/soccer/match/west-ham-vs-sunderland/24-10-1999/475733
1999/2000,1999-10-24T17:00:00,Watford,Middlesbrough,https://www.xscores.com/soccer/match/watford-vs-middlesbrough/24-10-1999/475734
1999/2000,1999-10-25T21:00:00,Newcastle,Derby,https://www.xscores.com/soccer/match/newcastle-vs-derby/25-10-1999/475735
1999/2000,1999-10-27T20:45:00,Liverpool,West Ham,https://www.xscores.com/soccer/match/liverpool-vs-west-ham/27-10-1999/475736
1999/2000,1999-10-30T16:00:00,Arsenal,Newcastle,https://www.xscores.com/soccer/match/arsenal-vs-newcastle/30-10-1999/475737
1999/2000,1999-10-30T16:00:00,Derby,Chelsea,https://www.xscores.com/soccer/match/derby-vs-chelsea/30-10-1999/475738
1999/2000,1999-10-30T16:00:00,Leeds,West Ham,https://www.xscores.com/soccer/match/leeds-vs-west-ham/30-10-1999/475739
1999/2000,1999-10-30T16:00:00,AFC Wimbledon,Southampton,https://www.xscores.com/soccer/match/afc-wimbledon-vs-southampton/30-10-1999/482981
1999/2000,1999-10-30T16:00:00,Leicester,Sheffield Wednesday,https://www.xscores.com/soccer/match/leicester-vs-sheffield-wednesday/30-10-1999/475740
1999/2000,1999-10-30T16:00:00,Manchester United,Aston Villa,https://www.xscores.com/soccer/match/manchester-united-vs-aston-villa/30-10-1999/475741
1999/2000,1999-10-30T16:00:00,Middlesbrough,Everton,https://www.xscores.com/soccer/match/middlesbrough-vs-everton/30-10-1999/475742
1999/2000,1999-10-31T15:00:00,Sunderland,Tottenham,https://www.xscores.com/soccer/match/sunderland-vs-tottenham/31-10-1999/475743
1999/2000,1999-10-31T16:00:00,Coventry,Watford,https://www.xscores.com/soccer/match/coventry-vs-watford/31-10-1999/475744
1999/2000,1999-11-01T20:00:00,Liverpool,Bradford,https://www.xscores.com/soccer/match/liverpool-vs-bradford/01-11-1999/475745
1999/2000,1999-11-06T15:00:00,Aston Villa,Southampton,https://www.xscores.com/soccer/match/aston-villa-vs-southampton/06-11-1999/475746
1999/2000,1999-11-06T15:00:00,Bradford,Coventry,https://www.xscores.com/soccer/match/bradford-vs-coventry/06-11-1999/475747
1999/2000,1999-11-06T15:00:00,Liverpool,Derby,https://www.xscores.com/soccer/match/liverpool-vs-derby/06-11-1999/475748
1999/2000,1999-11-06T15:00:00,Manchester United,Leicester,https://www.xscores.com/soccer/match/manchester-united-vs-leicester/06-11-1999/475749
1999/2000,1999-11-06T15:00:00,Middlesbrough,Sunderland,https://www.xscores.com/soccer/match/middlesbrough-vs-sunderland/06-11-1999/475750
1999/2000,1999-11-06T15:00:00,Sheffield Wednesday,Watford,https://www.xscores.com/soccer/match/sheffield-wednesday-vs-watford/06-11-1999/475751
1999/2000,1999-11-07T15:00:00,Newcastle,Everton,https://www.xscores.com/soccer/match/newcastle-vs-everton/07-11-1999/475752
1999/2000,1999-11-07T16:00:00,AFC Wimbledon,Leeds,https://www.xscores.com/soccer/match/afc-wimbledon-vs-leeds/07-11-1999/482982
1999/2000,1999-11-07T16:00:00,Chelsea,West Ham,https://www.xscores.com/soccer/match/chelsea-vs-west-ham/07-11-1999/475753
1999/2000,1999-11-07T16:00:00,Tottenham,Arsenal,https://www.xscores.com/soccer/match/tottenham-vs-arsenal/07-11-1999/475754
1999/2000,1999-11-20T15:00:00,Arsenal,Middlesbrough,https://www.xscores.com/soccer/match/arsenal-vs-middlesbrough/20-11-1999/475755
1999/2000,1999-11-20T15:00:00,Derby,Manchester United,https://www.xscores.com/soccer/match/derby-vs-manchester-united/20-11-1999/475756
1999/2000,1999-11-20T15:00:00,Everton,Chelsea,https://www.xscores.com/soccer/match/everton-vs-chelsea/20-11-1999/475757
1999/2000,1999-11-20T15:00:00,Leeds,Bradford,https://www.xscores.com/soccer/match/leeds-vs-bradford/20-11-1999/475758
1999/2000,1999-11-20T15:00:00,Leicester,AFC Wimbledon,https://www.xscores.com/soccer/match/leicester-vs-afc-wimbledon/20-11-1999/482983
1999/2000,1999-11-20T15:00:00,Southampton,Tottenham,https://www.xscores.com/soccer/match/southampton-vs-tottenham/20-11-1999/475759
1999/2000,1999-11-20T15:00:00,Sunderland,Liverpool,https://www.xscores.com/soccer/match/sunderland-vs-liverpool/20-11-1999/475760
1999/2000,1999-11-20T15:00:00,Watford,Newcastle,https://www.xscores.com/soccer/match/watford-vs-newcastle/20-11-1999/475761
1999/2000,1999-11-21T16:00:00,West Ham,Sheffield Wednesday,https://www.xscores.com/soccer/match/west-ham-vs-sheffield-wednesday/21-11-1999/475762
1999/2000,1999-11-22T20:00:00,Coventry,Aston Villa,https://www.xscores.com/soccer/match/coventry-vs-aston-villa/22-11-1999/475763
1999/2000,1999-11-27T15:00:00,Coventry,Leicester,https://www.xscores.com/soccer/match/coventry-vs-leicester/27-11-1999/475764
1999/2000,1999-11-27T15:00:00,Everton,Aston Villa,https://www.xscores.com/soccer/match/everton-vs-aston-villa/27-11-1999/475765
1999/2000,1999-11-27T15:00:00,Middlesbrough,AFC Wimbledon,https://www.xscores.com/soccer/match/middlesbrough-vs-afc-wimbledon/27-11-1999/482984
1999/2000,1999-11-27T15:00:00,Watford,Sunderland,https://www.xscores.com/soccer/match/watford-vs-sunderland/27-11-1999/475766
1999/2000,1999-11-27T15:00:00,West Ham,Liverpool,https://www.xscores.com/soccer/match/west-ham-vs-liverpool/27-11-1999/475767
1999/2000,1999-11-28T15:00:00,Leeds,Southampton,https://www.xscores.com/soccer/match/leeds-vs-southampton/28-11-1999/475768
1999/2000,1999-11-28T15:00:00,Newcastle,Tottenham,https://www.xscores.com/soccer/match/newcastle-vs-tottenham/28-11-1999/475769
1999/2000,1999-11-28T16:00:00,Chelsea,Bradford,https://www.xscores.com/soccer/match/chelsea-vs-bradford/28-11-1999/475770
1999/2000,1999-11-29T15:00:00,Arsenal,Derby,https://www.xscores.com/soccer/match/arsenal-vs-derby/29-11-1999/475771
1999/2000,1999-12-04T11:30:00,Leicester,Arsenal,https://www.xscores.com/soccer/match/leicester-vs-arsenal/04-12-1999/475772
1999/2000,1999-12-04T15:00:00,Aston Villa,Newcastle,https://www.xscores.com/soccer/match/aston-villa-vs-newcastle/04-12-1999/475773
1999/2000,1999-12-04T15:00:00,Bradford,Middlesbrough,https://www.xscores.com/soccer/match/bradford-vs-middlesbrough/04-12-1999/475774
1999/2000,1999-12-04T15:00:00,Manchester United,Everton,https://www.xscores.com/soccer/match/manchester-united-vs-everton/04-12-1999/475775
1999/2000,1999-12-04T15:00:00,AFC Wimbledon,Watford,https://www.xscores.com/soccer/match/afc-wimbledon-vs-watford/04-12-1999/482985
1999/2000,1999-12-04T15:00:00,Southampton,Coventry,https://www.xscores.com/soccer/match/southampton-vs-coventry/04-12-1999/475776
1999/2000,1999-12-04T15:00:00,Sunderland,Chelsea,https://www.xscores.com/soccer/match/sunderland-vs-chelsea/04-12-1999/475777
1999/2000,1999-12-05T15:00:00,Derby,Leeds,https://www.xscores.com/soccer/match/derby-vs-leeds/05-12-1999/475778
1999/2000,1999-12-05T16:00:00,Liverpool,Sheffield Wednesday,https://www.xscores.com/soccer/match/liverpool-vs-sheffield-wednesday/05-12-1999/475779
1999/2000,1999-12-06T20:00:00,Tottenham,West Ham,https://www.xscores.com/soccer/match/tottenham-vs-west-ham/06-12-1999/475780
1999/2000,1999-12-18T15:00:00,Arsenal,AFC Wimbledon,https://www.xscores.com/soccer/match/arsenal-vs-afc-wimbledon/18-12-1999/482986
1999/2000,1999-12-18T15:00:00,Aston Villa,Sheffield Wednesday,https://www.xscores.com/soccer/match/aston-villa-vs-sheffield-wednesday/18-12-1999/475781
1999/2000,1999-12-18T15:00:00,Bradford,Newcastle,https://www.xscores.com/soccer/match/bradford-vs-newcastle/18-12-1999/475782
1999/2000,1999-12-18T15:00:00,Leicester,Derby,https://www.xscores.com/soccer/match/leicester-vs-derby/18-12-1999/475783
1999/2000,1999-12-18T15:00:00,Liverpool,Coventry,https://www.xscores.com/soccer/match/liverpool-vs-coventry/18-12-1999/475784
1999/2000,1999-12-18T15:00:00,Middlesbrough,Tottenham,https://www.xscores.com/soccer/match/middlesbrough-vs-tottenham/18-12-1999/475785
1999/2000,1999-12-18T15:00:00,Sunderland,Southampton,https://www.xscores.com/soccer/match/sunderland-vs-southampton/18-12-1999/475786
1999/2000,1999-12-18T15:00:00,Watford,Everton,https://www.xscores.com/soccer/match/watford-vs-everton/18-12-1999/475787
1999/2000,1999-12-18T15:00:00,West Ham,Manchester United,https://www.xscores.com/soccer/match/west-ham-vs-manchester-united/18-12-1999/475788
1999/2000,1999-12-19T16:00:00,Chelsea,Leeds,https://www.xscores.com/soccer/match/chelsea-vs-leeds/19-12-1999/475789
1999/2000,1999-12-26T12:00:00,AFC Wimbledon,West Ham,https://www.xscores.com/soccer/match/afc-wimbledon-vs-west-ham/26-12-1999/482987
1999/2000,1999-12-26T12:00:00,Southampton,Chelsea,https://www.xscores.com/soccer/match/southampton-vs-chelsea/26-12-1999/475790
1999/2000,1999-12-26T12:00:00,Tottenham,Watford,https://www.xscores.com/soccer/match/tottenham-vs-watford/26-12-1999/475791
1999/2000,1999-12-26T15:00:00,Derby,Aston Villa,https://www.xscores.com/soccer/match/derby-vs-aston-villa/26-12-1999/475792
1999/2000,1999-12-26T15:00:00,Everton,Sunderland,https://www.xscores.com/soccer/match/everton-vs-sunderland/26-12-1999/475793
1999/2000,1999-12-26T15:00:00,Leeds,Leicester,https://www.xscores.com/soccer/match/leeds-vs-leicester/26-12-1999/475794
1999/2000,1999-12-26T15:00:00,Manchester United,Bradford,https://www.xscores.com/soccer/match/manchester-united-vs-bradford/26-12-1999/475795
1999/2000,1999-12-26T15:00:00,Newcastle,Liverpool,https://www.xscores.com/soccer/match/newcastle-vs-liverpool/26-12-1999/475796
1999/2000,1999-12-26T15:00:00,Sheffield Wednesday,Middlesbrough,https://www.xscores.com/soccer/match/sheffield-wednesday-vs-middlesbrough/26-12-1999/475797
1999/2000,1999-12-26T17:00:00,Coventry,Arsenal,https://www.xscores.com/soccer/match/coventry-vs-arsenal/26-12-1999/475798
1999/2000,1999-12-28T15:00:00,Arsenal,Leeds,https://www.xscores.com/soccer/match/arsenal-vs-leeds/28-12-1999/475799
1999/2000,1999-12-28T15:00:00,Bradford,Everton,https://www.xscores.com/soccer/match/bradford-vs-everton/28-12-1999/475800
1999/2000,1999-12-28T15:00:00,Leicester,Newcastle,https://www.xscores.com/soccer/match/leicester-vs-newcastle/28-12-1999/475801
1999/2000,1999-12-28T15:00:00,Liverpool,AFC Wimbledon,https://www.xscores.com/soccer/match/liverpool-vs-afc-wimbledon/28-12-1999/482988
1999/2000,1999-12-28T15:00:00,Watford,Southampton,https://www.xscores.com/soccer/match/watford-vs-southampton/28-12-1999/475802
1999/2000,1999-12-28T15:00:00,West Ham,Derby,https://www.xscores.com/soccer/match/west-ham-vs-derby/28-12-1999/475803
1999/2000,1999-12-28T20:00:00,Sunderland,Manchester United,https://www.xscores.com/soccer/match/sunderland-vs-manchester-united/28-12-1999/475804
1999/2000,1999-12-29T19:45:00,Aston Villa,Tottenham,https://www.xscores.com/soccer/match/aston-villa-vs-tottenham/29-12-1999/475805
1999/2000,1999-12-29T20:00:00,Chelsea,Sheffield Wednesday,https://www.xscores.com/soccer/match/chelsea-vs-sheffield-wednesday/29-12-1999/475806
1999/2000,2000-01-03T15:00:00,Derby,Watford,https://www.xscores.com/soccer/match/derby-vs-watford/03-01-2000/475807
1999/2000,2000-01-03T15:00:00,Everton,Leicester,https://www.xscores.com/soccer/match/everton-vs-leicester/03-01-2000/475808
1999/2000,2000-01-03T15:00:00,Leeds,Aston Villa,https://www.xscores.com/soccer/match/leeds-vs-aston-villa/03-01-2000/475809
1999/2000,2000-01-03T15:00:00,Newcastle,West Ham,https://www.xscores.com/soccer/match/newcastle-vs-west-ham/03-01-2000/475810
1999/2000,2000-01-03T15:00:00,Sheffield Wednesday,Arsenal,https://www.xscores.com/soccer/match/sheffield-wednesday-vs-arsenal/03-01-2000/475811
1999/2000,2000-01-03T15:00:00,AFC Wimbledon,Sunderland,https://www.xscores.com/soccer/match/afc-wimbledon-vs-sunderland/03-01-2000/482989
1999/2000,2000-01-03T15:00:00,Southampton,Bradford,https://www.xscores.com/soccer/match/southampton-vs-bradford/03-01-2000/475812
1999/2000,2000-01-03T15:00:00,Tottenham,Liverpool,https://www.xscores.com/soccer/match/tottenham-vs-liverpool/03-01-2000/475813
1999/2000,2000-01-04T20:00:00,Coventry,Chelsea,https://www.xscores.com/soccer/match/coventry-vs-chelsea/04-01-2000/475814
1999/2000,2000-01-08T15:00:00,Bradford,Chelsea,https://www.xscores.com/soccer/match/bradford-vs-chelsea/08-01-2000/475815
1999/2000,2000-01-12T19:45:00,Chelsea,Tottenham,https://www.xscores.com/soccer/match/chelsea-vs-tottenham/12-01-2000/475816
1999/2000,2000-01-15T15:00:00,Arsenal,Sunderland,https://www.xscores.com/soccer/match/arsenal-vs-sunderland/15-01-2000/475817
1999/2000,2000-01-15T15:00:00,Chelsea,Leicester,https://www.xscores.com/soccer/match/chelsea-vs-leicester/15-01-2000/475818
1999/2000,2000-01-15T15:00:00,Coventry,AFC Wimbledon,https://www.xscores.com/soccer/match/coventry-vs-afc-wimbledon/15-01-2000/482990
1999/2000,2000-01-15T15:00:00,Everton,Tottenham,https://www.xscores.com/soccer/match/everton-vs-tottenham/15-01-2000/475819
1999/2000,2000-01-15T15:00:00,Middlesbrough,Derby,https://www.xscores.com/soccer/match/middlesbrough-vs-derby/15-01-2000/475820
1999/2000,2000-01-15T15:00:00,Sheffield Wednesday,Bradford,https://www.xscores.com/soccer/match/sheffield-wednesday-vs-bradford/15-01-2000/475821
1999/2000,2000-01-15T15:00:00,Watford,Liverpool,https://www.xscores.com/soccer/match/watford-vs-liverpool/15-01-2000/475822
1999/2000,2000-01-15T15:00:00,West Ham,Aston Villa,https://www.xscores.com/soccer/match/west-ham-vs-aston-villa/15-01-2000/475823
1999/2000,2000-01-16T16:00:00,Newcastle,Southampton,https://www.xscores.com/soccer/match/newcastle-vs-southampton/16-01-2000/475824
1999/2000,2000-01-22T15:00:00,Aston Villa,Chelsea,https://www.xscores.com/soccer/match/aston-villa-vs-chelsea/22-01-2000/475825
1999/2000,2000-01-22T15:00:00,Bradford,Watford,https://www.xscores.com/soccer/match/bradford-vs-watford/22-01-2000/475826
1999/2000,2000-01-22T15:00:00,Derby,Coventry,https://www.xscores.com/soccer/match/derby-vs-coventry/22-01-2000/475827
1999/2000,2000-01-22T15:00:00,Leicester,West Ham,https://www.xscores.com/soccer/match/leicester-vs-west-ham/22-01-2000/475828
1999/2000,2000-01-22T15:00:00,Liverpool,Middlesbrough,https://www.xscores.com/soccer/match/liverpool-vs-middlesbrough/22-01-2000/475829
1999/2000,2000-01-22T15:00:00,AFC Wimbledon,Newcastle,https://www.xscores.com/soccer/match/afc-wimbledon-vs-newcastle/22-01-2000/482991
1999/2000,2000-01-22T15:00:00,Southampton,Everton,https://www.xscores.com/soccer/match/southampton-vs-everton/22-01-2000/475830
1999/2000,2000-01-22T15:00:00,Tottenham,Sheffield Wednesday,https://www.xscores.com/soccer/match/tottenham-vs-sheffield-wednesday/22-01-2000/475831
1999/2000,2000-01-23T16:00:00,Sunderland,Leeds,https://www.xscores.com/soccer/match/sunderland-vs-leeds/23-01-2000/475832
1999/2000,2000-01-24T20:00:00,Manchester United,Arsenal,https://www.xscores.com/soccer/match/manchester-united-vs-arsenal/24-01-2000/475833
1999/2000,2000-01-29T15:00:00,Manchester United,Middlesbrough,https://www.xscores.com/soccer/match/manchester-united-vs-middlesbrough/29-01-2000/475834
1999/2000,2000-02-02T20:00:00,Sheffield Wednesday,Manchester United,https://www.xscores.com/soccer/match/sheffield-wednesday-vs-manchester-united/02-02-2000/475835
1999/2000,2000-02-05T15:00:00,Aston Villa,Watford,https://www.xscores.com/soccer/match/aston-villa-vs-watford/05-02-2000/475836
1999/2000,2000-02-05T15:00:00,Bradford,Arsenal,https://www.xscores.com/soccer/match/bradford-vs-arsenal/05-02-2000/475837
1999/2000,2000-02-05T15:00:00,Derby,Sheffield Wednesday,https://www.xscores.com/soccer/match/derby-vs-sheffield-wednesday/05-02-2000/475838
1999/2000,2000-02-05T15:00:00,Leicester,Middlesbrough,https://www.xscores.com/soccer/match/leicester-vs-middlesbrough/05-02-2000/475839
1999/2000,2000-02-05T15:00:00,Liverpool,Leeds,https://www.xscores.com/soccer/match/liverpool-vs-leeds/05-02-2000/475840
1999/2000,2000-02-05T15:00:00,Manchester United,Coventry,https://www.xscores.com/soccer/match/manchester-united-vs-coventry/05-02-2000/475841
1999/2000,2000-02-05T15:00:00,Sunderland,Newcastle,https://www.xscores.com/soccer/match/sunderland-vs-newcastle/05-02-2000/475842
1999/2000,2000-02-05T15:00:00,Tottenham,Chelsea,https://www.xscores.com/soccer/match/tottenham-vs-chelsea/05-02-2000/475843
1999/2000,2000-02-05T15:30:00,Southampton,West Ham,https://www.xscores.com/soccer/match/southampton-vs-west-ham/05-02-2000/475844
1999/2000,2000-02-06T16:00:00,AFC Wimbledon,Everton,https://www.xscores.com/soccer/match/afc-wimbledon-vs-everton/06-02-2000/482992
1999/2000,2000-02-12T15:00:00,Chelsea,AFC Wimbledon,https://www.xscores.com/soccer/match/chelsea-vs-afc-wimbledon/12-02-2000/482993
1999/2000,2000-02-12T15:00:00,Coventry,Sunderland,https://www.xscores.com/soccer/match/coventry-vs-sunderland/12-02-2000/475845
1999/2000,2000-02-12T15:00:00,Everton,Derby,https://www.xscores.com/soccer/match/everton-vs-derby/12-02-2000/475846
1999/2000,2000-02-12T15:00:00,Leeds,Tottenham,https://www.xscores.com/soccer/match/leeds-vs-tottenham/12-02-2000/475847
1999/2000,2000-02-12T15:00:00,Newcastle,Manchester United,https://www.xscores.com/soccer/match/newcastle-vs-manchester-united/12-02-2000/475848
1999/2000,2000-02-12T15:00:00,Sheffield Wednesday,Southampton,https://www.xscores.com/soccer/match/sheffield-wednesday-vs-southampton/12-02-2000/475849
1999/2000,2000-02-12T15:00:00,Watford,Leicester,https://www.xscores.com/soccer/match/watford-vs-leicester/12-02-2000/475850
1999/2000,2000-02-12T15:00:00,West Ham,Bradford,https://www.xscores.com/soccer/match/west-ham-vs-bradford/12-02-2000/475851
1999/2000,2000-02-13T16:00:00,Arsenal,Liverpool,https://www.xscores.com/soccer/match/arsenal-vs-liverpool/13-02-2000/475852
1999/2000,2000-02-14T20:00:00,Middlesbrough,Aston Villa,https://www.xscores.com/soccer/match/middlesbrough-vs-aston-villa/14-02-2000/475853
1999/2000,2000-02-19T15:00:00,Middlesbrough,Coventry,https://www.xscores.com/soccer/match/middlesbrough-vs-coventry/19-02-2000/475854
1999/2000,2000-02-20T11:30:00,Leeds,Manchester United,https://www.xscores.com/soccer/match/leeds-vs-manchester-united/20-02-2000/475855
1999/2000,2000-02-26T15:00:00,Arsenal,Southampton,https://www.xscores.com/soccer/match/arsenal-vs-southampton/26-02-2000/475856
1999/2000,2000-02-26T15:00:00,AFC Wimbledon,Manchester United,https://www.xscores.com/soccer/match/afc-wimbledon-vs-manchester-united/26-02-2000/482994
1999/2000,2000-02-26T15:00:00,Bradford,Aston Villa,https://www.xscores.com/soccer/match/bradford-vs-aston-villa/26-02-2000/475857
1999/2000,2000-02-26T15:00:00,Chelsea,Watford,https://www.xscores.com/soccer/match/chelsea-vs-watford/26-02-2000/475858
1999/2000,2000-02-26T15:00:00,Coventry,Tottenham,https://www.xscores.com/soccer/match/coventry-vs-tottenham/26-02-2000/475859
1999/2000,2000-02-26T15:00:00,Middlesbrough,Leeds,https://www.xscores.com/soccer/match/middlesbrough-vs-leeds/26-02-2000/475860
1999/2000,2000-02-26T15:00:00,Sheffield Wednesday,Newcastle,https://www.xscores.com/soccer/match/sheffield-wednesday-vs-newcastle/26-02-2000/475861
1999/2000,2000-02-26T15:00:00,Sunderland,Derby,https://www.xscores.com/soccer/match/sunderland-vs-derby/26-02-2000/475862
1999/2000,2000-02-26T15:00:00,West Ham,Everton,https://www.xscores.com/soccer/match/west-ham-vs-everton/26-02-2000/475863
1999/2000,2000-03-04T11:30:00,Manchester United,Liverpool,https://www.xscores.com/soccer/match/manchester-united-vs-liverpool/04-03-2000/475864
1999/2000,2000-03-04T15:00:00,Derby,AFC Wimbledon,https://www.xscores.com/soccer/match/derby-vs-afc-wimbledon/04-03-2000/482995
1999/2000,2000-03-04T15:00:00,Everton,Sheffield Wednesday,https://www.xscores.com/soccer/match/everton-vs-sheffield-wednesday/04-03-2000/475865
1999/2000,2000-03-04T15:00:00,Newcastle,Chelsea,https://www.xscores.com/soccer/match/newcastle-vs-chelsea/04-03-2000/475866
1999/2000,2000-03-04T15:00:00,Southampton,Middlesbrough,https://www.xscores.com/soccer/match/southampton-vs-middlesbrough/04-03-2000/475867
1999/2000,2000-03-04T15:00:00,Tottenham,Bradford,https://www.xscores.com/soccer/match/tottenham-vs-bradford/04-03-2000/475868
1999/2000,2000-03-04T15:00:00,Watford,West Ham,https://www.xscores.com/soccer/match/watford-vs-west-ham/04-03-2000/475869
1999/2000,2000-03-05T15:00:00,Aston Villa,Arsenal,https://www.xscores.com/soccer/match/aston-villa-vs-arsenal/05-03-2000/475870
1999/2000,2000-03-05T15:00:00,Leeds,Coventry,https://www.xscores.com/soccer/match/leeds-vs-coventry/05-03-2000/475871
1999/2000,2000-03-05T16:00:00,Leicester,Sunderland,https://www.xscores.com/soccer/match/leicester-vs-sunderland/05-03-2000/475872
1999/2000,2000-03-08T19:45:00,West Ham,Southampton,https://www.xscores.com/soccer/match/west-ham-vs-southampton/08-03-2000/475873
1999/2000,2000-03-11T15:00:00,Aston Villa,Coventry,https://www.xscores.com/soccer/match/aston-villa-vs-coventry/11-03-2000/475874
1999/2000,2000-03-11T15:00:00,AFC Wimbledon,Leicester,https://www.xscores.com/soccer/match/afc-wimbledon-vs-leicester/11-03-2000/482996
1999/2000,2000-03-11T15:00:00,Chelsea,Everton,https://www.xscores.com/soccer/match/chelsea-vs-everton/11-03-2000/475875
1999/2000,2000-03-11T15:00:00,Liverpool,Sunderland,https://www.xscores.com/soccer/match/liverpool-vs-sunderland/11-03-2000/475876
1999/2000,2000-03-11T15:00:00,Manchester United,Derby,https://www.xscores.com/soccer/match/manchester-united-vs-derby/11-03-2000/475877
1999/2000,2000-03-11T15:00:00,Newcastle,Watford,https://www.xscores.com/soccer/match/newcastle-vs-watford/11-03-2000/475878
1999/2000,2000-03-11T15:00:00,Sheffield Wednesday,West Ham,https://www.xscores.com/soccer/match/sheffield-wednesday-vs-west-ham/11-03-2000/475879
1999/2000,2000-03-11T15:00:00,Tottenham,Southampton,https://www.xscores.com/soccer/match/tottenham-vs-southampton/11-03-2000/475880
1999/2000,2000-03-12T15:00:00,Middlesbrough,Arsenal,https://www.xscores.com/soccer/match/middlesbrough-vs-arsenal/12-03-2000/475881
1999/2000,2000-03-12T16:00:00,Bradford,Leeds,https://www.xscores.com/soccer/match/bradford-vs-leeds/12-03-2000/475882
1999/2000,2000-03-15T19:45:00,Coventry,Everton,https://www.xscores.com/soccer/match/coventry-vs-everton/15-03-2000/475883
1999/2000,2000-03-15T19:45:00,Liverpool,Aston Villa,https://www.xscores.com/soccer/match/liverpool-vs-aston-villa/15-03-2000/475884
1999/2000,2000-03-18T15:00:00,Coventry,Bradford,https://www.xscores.com/soccer/match/coventry-vs-bradford/18-03-2000/475885
1999/2000,2000-03-18T15:00:00,Derby,Liverpool,https://www.xscores.com/soccer/match/derby-vs-liverpool/18-03-2000/475886
1999/2000,2000-03-18T15:00:00,Leicester,Manchester United,https://www.xscores.com/soccer/match/leicester-vs-manchester-united/18-03-2000/475887
1999/2000,2000-03-18T15:00:00,Southampton,Aston Villa,https://www.xscores.com/soccer/match/southampton-vs-aston-villa/18-03-2000/475888
1999/2000,2000-03-18T15:00:00,Sunderland,Middlesbrough,https://www.xscores.com/soccer/match/sunderland-vs-middlesbrough/18-03-2000/475889
1999/2000,2000-03-18T15:00:00,Watford,Sheffield Wednesday,https://www.xscores.com/soccer/match/watford-vs-sheffield-wednesday/18-03-2000/475890
1999/2000,2000-03-18T15:00:00,West Ham,Chelsea,https://www.xscores.com/soccer/match/west-ham-vs-chelsea/18-03-2000/475891
1999/2000,2000-03-19T15:00:00,Arsenal,Tottenham,https://www.xscores.com/soccer/match/arsenal-vs-tottenham/19-03-2000/475892
1999/2000,2000-03-19T15:00:00,Leeds,AFC Wimbledon,https://www.xscores.com/soccer/match/leeds-vs-afc-wimbledon/19-03-2000/482997
1999/2000,2000-03-19T16:00:00,Everton,Newcastle,https://www.xscores.com/soccer/match/everton-vs-newcastle/19-03-2000/475893
1999/2000,2000-03-25T15:00:00,Aston Villa,Derby,https://www.xscores.com/soccer/match/aston-villa-vs-derby/25-03-2000/475894
1999/2000,2000-03-25T15:00:00,Bradford,Manchester United,https://www.xscores.com/soccer/match/bradford-vs-manchester-united/25-03-2000/475895
1999/2000,2000-03-25T15:00:00,Chelsea,Southampton,https://www.xscores.com/soccer/match/chelsea-vs-southampton/25-03-2000/475896
1999/2000,2000-03-25T15:00:00,Liverpool,Newcastle,https://www.xscores.com/soccer/match/liverpool-vs-newcastle/25-03-2000/475897
1999/2000,2000-03-25T15:00:00,Middlesbrough,Sheffield Wednesday,https://www.xscores.com/soccer/match/middlesbrough-vs-sheffield-wednesday/25-03-2000/475898
1999/2000,2000-03-25T15:00:00,Sunderland,Everton,https://www.xscores.com/soccer/match/sunderland-vs-everton/25-03-2000/475899
1999/2000,2000-03-25T15:00:00,Watford,Tottenham,https://www.xscores.com/soccer/match/watford-vs-tottenham/25-03-2000/475900
1999/2000,2000-03-26T16:00:00,Leicester,Leeds,https://www.xscores.com/soccer/match/leicester-vs-leeds/26-03-2000/475901
1999/2000,2000-03-26T17:00:00,Arsenal,Coventry,https://www.xscores.com/soccer/match/arsenal-vs-coventry/26-03-2000/475902
1999/2000,2000-03-26T17:00:00,West Ham,AFC Wimbledon,https://www.xscores.com/soccer/match/west-ham-vs-afc-wimbledon/26-03-2000/482998
1999/2000,2000-04-01T16:00:00,AFC Wimbledon,Arsenal,https://www.xscores.com/soccer/match/afc-wimbledon-vs-arsenal/01-04-2000/482999
1999/2000,2000-04-01T16:00:00,Coventry,Liverpool,https://www.xscores.com/soccer/match/coventry-vs-liverpool/01-04-2000/475903
1999/2000,2000-04-01T16:00:00,Everton,Watford,https://www.xscores.com/soccer/match/everton-vs-watford/01-04-2000/475904
1999/2000,2000-04-01T16:00:00,Leeds,Chelsea,https://www.xscores.com/soccer/match/leeds-vs-chelsea/01-04-2000/475905
1999/2000,2000-04-01T16:00:00,Manchester United,West Ham,https://www.xscores.com/soccer/match/manchester-united-vs-west-ham/01-04-2000/475906
1999/2000,2000-04-01T16:00:00,Newcastle,Bradford,https://www.xscores.com/soccer/match/newcastle-vs-bradford/01-04-2000/475907
1999/2000,2000-04-01T16:00:00,Southampton,Sunderland,https://www.xscores.com/soccer/match/southampton-vs-sunderland/01-04-2000/475908
1999/2000,2000-04-02T14:00:00,Derby,Leicester,https://www.xscores.com/soccer/match/derby-vs-leicester/02-04-2000/475909
1999/2000,2000-04-03T21:00:00,Tottenham,Middlesbrough,https://www.xscores.com/soccer/match/tottenham-vs-middlesbrough/03-04-2000/475910
1999/2000,2000-04-05T20:45:00,Sheffield Wednesday,Aston Villa,https://www.xscores.com/soccer/match/sheffield-wednesday-vs-aston-villa/05-04-2000/475911
1999/2000,2000-04-08T16:00:00,Bradford,Southampton,https://www.xscores.com/soccer/match/bradford-vs-southampton/08-04-2000/475912
1999/2000,2000-04-08T16:00:00,Leicester,Everton,https://www.xscores.com/soccer/match/leicester-vs-everton/08-04-2000/475913
1999/2000,2000-04-08T16:00:00,Sunderland,AFC Wimbledon,https://www.xscores.com/soccer/match/sunderland-vs-afc-wimbledon/08-04-2000/483000
1999/2000,2000-04-08T16:00:00,Watford,Derby,https://www.xscores.com/soccer/match/watford-vs-derby/08-04-2000/475914
1999/2000,2000-04-09T16:00:00,Aston Villa,Leeds,https://www.xscores.com/soccer/match/aston-villa-vs-leeds/09-04-2000/475915
1999/2000,2000-04-09T16:00:00,Liverpool,Tottenham,https://www.xscores.com/soccer/match/liverpool-vs-tottenham/09-04-2000/475916
1999/2000,2000-04-10T21:00:00,Middlesbrough,Manchester United,https://www.xscores.com/soccer/match/middlesbrough-vs-manchester-united/10-04-2000/475917
1999/2000,2000-04-12T20:45:00,Chelsea,Coventry,https://www.xscores.com/soccer/match/chelsea-vs-coventry/12-04-2000/475918
1999/2000,2000-04-12T20:45:00,West Ham,Newcastle,https://www.xscores.com/soccer/match/west-ham-vs-newcastle/12-04-2000/475919
1999/2000,2000-04-12T20:45:00,AFC Wimbledon,Sheffield Wednesday,https://www.xscores.com/soccer/match/afc-wimbledon-vs-sheffield-wednesday/12-04-2000/483001
1999/2000,2000-04-15T16:00:00,Coventry,Middlesbrough,https://www.xscores.com/soccer/match/coventry-vs-middlesbrough/15-04-2000/475920
1999/2000,2000-04-15T16:00:00,Derby,West Ham,https://www.xscores.com/soccer/match/derby-vs-west-ham/15-04-2000/475921
1999/2000,2000-04-15T16:00:00,Everton,Bradford,https://www.xscores.com/soccer/match/everton-vs-bradford/15-04-2000/475922
1999/2000,2000-04-15T16:00:00,Manchester United,Sunderland,https://www.xscores.com/soccer/match/manchester-united-vs-sunderland/15-04-2000/475923
1999/2000,2000-04-15T16:00:00,Newcastle,Leicester,https://www.xscores.com/soccer/match/newcastle-vs-leicester/15-04-2000/475924
1999/2000,2000-04-15T16:00:00,Sheffield Wednesday,Chelsea,https://www.xscores.com/soccer/match/sheffield-wednesday-vs-chelsea/15-04-2000/475925
1999/2000,2000-04-15T16:00:00,Southampton,Watford,https://www.xscores.com/soccer/match/southampton-vs-watford/15-04-2000/475926
1999/2000,2000-04-15T16:00:00,Tottenham,Aston Villa,https://www.xscores.com/soccer/match/tottenham-vs-aston-villa/15-04-2000/475927
1999/2000,2000-04-16T14:00:00,AFC Wimbledon,Liverpool,https://www.xscores.com/soccer/match/afc-wimbledon-vs-liverpool/16-04-2000/483002
1999/2000,2000-04-16T17:00:00,Leeds,Arsenal,https://www.xscores.com/soccer/match/leeds-vs-arsenal/16-04-2000/475928
1999/2000,2000-04-19T20:45:00,Leicester,Tottenham,https://www.xscores.com/soccer/match/leicester-vs-tottenham/19-04-2000/475929
1999/2000,2000-04-21T16:00:00,Bradford,Derby,https://www.xscores.com/soccer/match/bradford-vs-derby/21-04-2000/475930
1999/2000,2000-04-21T21:00:00,Everton,Liverpool,https://www.xscores.com/soccer/match/everton-vs-liverpool/21-04-2000/475931
1999/2000,2000-04-22T16:00:00,Aston Villa,Leicester,https://www.xscores.com/soccer/match/aston-villa-vs-leicester/22-04-2000/475932
1999/2000,2000-04-22T16:00:00,Chelsea,Middlesbrough,https://www.xscores.com/soccer/match/chelsea-vs-middlesbrough/22-04-2000/475933
1999/2000,2000-04-22T16:00:00,Sheffield Wednesday,Sunderland,https://www.xscores.com/soccer/match/sheffield-wednesday-vs-sunderland/22-04-2000/475934
1999/2000,2000-04-22T16:00:00,Southampton,Manchester United,https://www.xscores.com/soccer/match/southampton-vs-manchester-united/22-04-2000/475935
1999/2000,2000-04-22T16:00:00,Tottenham,AFC Wimbledon,https://www.xscores.com/soccer/match/tottenham-vs-afc-wimbledon/22-04-2000/483003
1999/2000,2000-04-22T16:00:00,West Ham,Coventry,https://www.xscores.com/soccer/match/west-ham-vs-coventry/22-04-2000/475936
1999/2000,2000-04-23T16:00:00,Newcastle,Leeds,https://www.xscores.com/soccer/match/newcastle-vs-leeds/23-04-2000/475937
1999/2000,2000-04-23T16:00:00,Watford,Arsenal,https://www.xscores.com/soccer/match/watford-vs-arsenal/23-04-2000/475938
1999/2000,2000-04-24T13:00:00,Manchester United,Chelsea,https://www.xscores.com/soccer/match/manchester-united-vs-chelsea/24-04-2000/475939
1999/2000,2000-04-24T14:00:00,Derby,Southampton,https://www.xscores.com/soccer/match/derby-vs-southampton/24-04-2000/475940
1999/2000,2000-04-24T16:00:00,Sunderland,Bradford,https://www.xscores.com/soccer/match/sunderland-vs-bradford/24-04-2000/475941
1999/2000,2000-04-29T12:30:00,Watford,Manchester United,https://www.xscores.com/soccer/match/watford-vs-manchester-united/29-04-2000/475942
1999/2000,2000-04-29T16:00:00,Aston Villa,Sunderland,https://www.xscores.com/soccer/match/aston-villa-vs-sunderland/29-04-2000/475943
1999/2000,2000-04-29T16:00:00,Chelsea,Liverpool,https://www.xscores.com/soccer/match/chelsea-vs-liverpool/29-04-2000/475944
1999/2000,2000-04-29T16:00:00,Everton,Arsenal,https://www.xscores.com/soccer/match/everton-vs-arsenal/29-04-2000/475945
1999/2000,2000-04-29T16:00:00,Newcastle,Coventry,https://www.xscores.com/soccer/match/newcastle-vs-coventry/29-04-2000/475946
1999/2000,2000-04-29T16:00:00,Southampton,Leicester,https://www.xscores.com/soccer/match/southampton-vs-leicester/29-04-2000/475947
1999/2000,2000-04-29T16:00:00,Tottenham,Derby,https://www.xscores.com/soccer/match/tottenham-vs-derby/29-04-2000/475948
1999/2000,2000-04-29T16:00:00,West Ham,Middlesbrough,https://www.xscores.com/soccer/match/west-ham-vs-middlesbrough/29-04-2000/475949
1999/2000,2000-04-30T16:00:00,Bradford,AFC Wimbledon,https://www.xscores.com/soccer/match/bradford-vs-afc-wimbledon/30-04-2000/483004
1999/2000,2000-04-30T17:00:00,Sheffield Wednesday,Leeds,https://www.xscores.com/soccer/match/sheffield-wednesday-vs-leeds/30-04-2000/475950
1999/2000,2000-05-02T20:45:00,Arsenal,West Ham,https://www.xscores.com/soccer/match/arsenal-vs-west-ham/02-05-2000/475951
1999/2000,2000-05-02T20:45:00,Middlesbrough,Newcastle,https://www.xscores.com/soccer/match/middlesbrough-vs-newcastle/02-05-2000/475952
1999/2000,2000-05-03T16:00:00,Liverpool,Leicester,https://www.xscores.com/soccer/match/liverpool-vs-leicester/03-05-2000/475953
1999/2000,2000-05-03T20:45:00,Leeds,Watford,https://www.xscores.com/soccer/match/leeds-vs-watford/03-05-2000/475954
1999/2000,2000-05-06T12:30:00,Manchester United,Tottenham,https://www.xscores.com/soccer/match/manchester-united-vs-tottenham/06-05-2000/475955
1999/2000,2000-05-06T16:00:00,AFC Wimbledon,Aston Villa,https://www.xscores.com/soccer/match/afc-wimbledon-vs-aston-villa/06-05-2000/483005
1999/2000,2000-05-06T16:00:00,Arsenal,Chelsea,https://www.xscores.com/soccer/match/arsenal-vs-chelsea/06-05-2000/475956
1999/2000,2000-05-06T16:00:00,Coventry,Sheffield Wednesday,https://www.xscores.com/soccer/match/coventry-vs-sheffield-wednesday/06-05-2000/475957
1999/2000,2000-05-06T16:00:00,Derby,Newcastle,https://www.xscores.com/soccer/match/derby-vs-newcastle/06-05-2000/475958
1999/2000,2000-05-06T16:00:00,Leicester,Bradford,https://www.xscores.com/soccer/match/leicester-vs-bradford/06-05-2000/475959
1999/2000,2000-05-06T16:00:00,Middlesbrough,Watford,https://www.xscores.com/soccer/match/middlesbrough-vs-watford/06-05-2000/475960
1999/2000,2000-05-06T16:00:00,Sunderland,West Ham,https://www.xscores.com/soccer/match/sunderland-vs-west-ham/06-05-2000/475961
1999/2000,2000-05-07T17:00:00,Liverpool,Southampton,https://www.xscores.com/soccer/match/liverpool-vs-southampton/07-05-2000/475962
1999/2000,2000-05-08T21:00:00,Leeds,Everton,https://www.xscores.com/soccer/match/leeds-vs-everton/08-05-2000/475963
1999/2000,2000-05-09T16:00:00,Arsenal,Sheffield Wednesday,https://www.xscores.com/soccer/match/arsenal-vs-sheffield-wednesday/09-05-2000/475964
1999/2000,2000-05-14T17:00:00,Aston Villa,Manchester United,https://www.xscores.com/soccer/match/aston-villa-vs-manchester-united/14-05-2000/475965
1999/2000,2000-05-14T17:00:00,Bradford,Liverpool,https://www.xscores.com/soccer/match/bradford-vs-liverpool/14-05-2000/475966
1999/2000,2000-05-14T17:00:00,Chelsea,Derby,https://www.xscores.com/soccer/match/chelsea-vs-derby/14-05-2000/475967
1999/2000,2000-05-14T17:00:00,Everton,Middlesbrough,https://www.xscores.com/soccer/match/everton-vs-middlesbrough/14-05-2000/475968
1999/2000,2000-05-14T17:00:00,Newcastle,Arsenal,https://www.xscores.com/soccer/match/newcastle-vs-arsenal/14-05-2000/475969
1999/2000,2000-05-14T17:00:00,Sheffield Wednesday,Leicester,https://www.xscores.com/soccer/match/sheffield-wednesday-vs-leicester/14-05-2000/475970
1999/2000,2000-05-14T17:00:00,Southampton,AFC Wimbledon,https://www.xscores.com/soccer/match/southampton-vs-afc-wimbledon/14-05-2000/483006
1999/2000,2000-05-14T17:00:00,Tottenham,Sunderland,https://www.xscores.com/soccer/match/tottenham-vs-sunderland/14-05-2000/475971
1999/2000,2000-05-14T17:00:00,Watford,Coventry,https://www.xscores.com/soccer/match/watford-vs-coventry/14-05-2000/475972
1999/2000,2000-05-14T17:00:00,West Ham,Leeds,https://www.xscores.com/soccer/match/west-ham-vs-leeds/14-05-2000/475973
