season,date,home_team,away_team,url
2007/2008,2007-08-11T12:45:00,Sunderland,Tottenham,https://www.xscores.com/soccer/match/sunderland-vs-tottenham/11-08-2007/1536422
2007/2008,2007-08-11T15:00:00,Bolton,Newcastle,https://www.xscores.com/soccer/match/bolton-vs-newcastle/11-08-2007/1536411
2007/2008,2007-08-11T15:00:00,Derby,Portsmouth,https://www.xscores.com/soccer/match/derby-vs-portsmouth/11-08-2007/1536414
2007/2008,2007-08-11T15:00:00,Everton,Wigan,https://www.xscores.com/soccer/match/everton-vs-wigan/11-08-2007/1536416
2007/2008,2007-08-11T15:00:00,Middlesbrough,Blackburn,https://www.xscores.com/soccer/match/middlesbrough-vs-blackburn/11-08-2007/1536421
2007/2008,2007-08-11T15:00:00,West Ham,Manchester City,https://www.xscores.com/soccer/match/west-ham-vs-manchester-city/11-08-2007/1536424
2007/2008,2007-08-11T17:15:00,Aston Villa,Liverpool,https://www.xscores.com/soccer/match/aston-villa-vs-liverpool/11-08-2007/1536410
2007/2008,2007-08-12T12:00:00,Arsenal,Fulham,https://www.xscores.com/soccer/match/arsenal-vs-fulham/12-08-2007/1536409
2007/2008,2007-08-12T13:30:00,Chelsea,Birmingham,https://www.xscores.com/soccer/match/chelsea-vs-birmingham/12-08-2007/1536412
2007/2008,2007-08-12T16:00:00,Manchester United,Reading,https://www.xscores.com/soccer/match/manchester-united-vs-reading/12-08-2007/1536418
2007/2008,2007-08-14T20:00:00,Tottenham,Everton,https://www.xscores.com/soccer/match/tottenham-vs-everton/14-08-2007/1536431
2007/2008,2007-08-15T19:45:00,Birmingham,Sunderland,https://www.xscores.com/soccer/match/birmingham-vs-sunderland/15-08-2007/1536426
2007/2008,2007-08-15T19:45:00,Fulham,Bolton,https://www.xscores.com/soccer/match/fulham-vs-bolton/15-08-2007/1536437
2007/2008,2007-08-15T19:45:00,Manchester City,Derby,https://www.xscores.com/soccer/match/manchester-city-vs-derby/15-08-2007/1536441
2007/2008,2007-08-15T19:45:00,Portsmouth,Manchester United,https://www.xscores.com/soccer/match/portsmouth-vs-manchester-united/15-08-2007/1536428
2007/2008,2007-08-15T20:00:00,Reading,Chelsea,https://www.xscores.com/soccer/match/reading-vs-chelsea/15-08-2007/1536430
2007/2008,2007-08-15T20:00:00,Wigan,Middlesbrough,https://www.xscores.com/soccer/match/wigan-vs-middlesbrough/15-08-2007/1536432
2007/2008,2007-11-28T20:00:00,Blackburn,Aston Villa,https://www.xscores.com/soccer/match/blackburn-vs-aston-villa/28-11-2007/1536435
2007/2008,2007-12-05T19:45:00,Newcastle,Arsenal,https://www.xscores.com/soccer/match/newcastle-vs-arsenal/05-12-2007/1536443
2007/2008,2008-03-05T20:00:00,Liverpool,West Ham,https://www.xscores.com/soccer/match/liverpool-vs-west-ham/05-03-2008/1536439
2007/2008,2007-08-18T12:45:00,Portsmouth,Bolton,https://www.xscores.com/soccer/match/portsmouth-vs-bolton/18-08-2007/1536462
2007/2008,2007-08-18T15:00:00,Birmingham,West Ham,https://www.xscores.com/soccer/match/birmingham-vs-west-ham/18-08-2007/1536452
2007/2008,2007-08-18T15:00:00,Fulham,Middlesbrough,https://www.xscores.com/soccer/match/fulham-vs-middlesbrough/18-08-2007/1536455
2007/2008,2007-08-18T15:00:00,Reading,Everton,https://www.xscores.com/soccer/match/reading-vs-everton/18-08-2007/1536463
2007/2008,2007-08-18T15:00:00,Tottenham,Derby,https://www.xscores.com/soccer/match/tottenham-vs-derby/18-08-2007/1536465
2007/2008,2007-08-18T15:00:00,Wigan,Sunderland,https://www.xscores.com/soccer/match/wigan-vs-sunderland/18-08-2007/1536467
2007/2008,2007-08-18T17:15:00,Newcastle,Aston Villa,https://www.xscores.com/soccer/match/newcastle-vs-aston-villa/18-08-2007/1536460
2007/2008,2007-08-19T13:30:00,Manchester City,Manchester United,https://www.xscores.com/soccer/match/manchester-city-vs-manchester-united/19-08-2007/1536458
2007/2008,2007-08-19T15:00:00,Blackburn,Arsenal,https://www.xscores.com/soccer/match/blackburn-vs-arsenal/19-08-2007/1536453
2007/2008,2007-08-19T16:00:00,Liverpool,Chelsea,https://www.xscores.com/soccer/match/liverpool-vs-chelsea/19-08-2007/1536456
2007/2008,2007-08-25T12:45:00,Sunderland,Liverpool,https://www.xscores.com/soccer/match/sunderland-vs-liverpool/25-08-2007/1536483
2007/2008,2007-08-25T15:00:00,Arsenal,Manchester City,https://www.xscores.com/soccer/match/arsenal-vs-manchester-city/25-08-2007/1536470
2007/2008,2007-08-25T15:00:00,Aston Villa,Fulham,https://www.xscores.com/soccer/match/aston-villa-vs-fulham/25-08-2007/1536471
2007/2008,2007-08-25T15:00:00,Bolton,Reading,https://www.xscores.com/soccer/match/bolton-vs-reading/25-08-2007/1536473
2007/2008,2007-08-25T15:00:00,Chelsea,Portsmouth,https://www.xscores.com/soccer/match/chelsea-vs-portsmouth/25-08-2007/1536475
2007/2008,2007-08-25T15:00:00,Derby,Birmingham,https://www.xscores.com/soccer/match/derby-vs-birmingham/25-08-2007/1536477
2007/2008,2007-08-25T15:00:00,West Ham,Wigan,https://www.xscores.com/soccer/match/west-ham-vs-wigan/25-08-2007/1536484
2007/2008,2007-08-25T17:15:00,Everton,Blackburn,https://www.xscores.com/soccer/match/everton-vs-blackburn/25-08-2007/1536479
2007/2008,2007-08-26T13:35:00,Middlesbrough,Newcastle,https://www.xscores.com/soccer/match/middlesbrough-vs-newcastle/26-08-2007/1536481
2007/2008,2007-08-26T16:00:00,Manchester United,Tottenham,https://www.xscores.com/soccer/match/manchester-united-vs-tottenham/26-08-2007/1536480
2007/2008,2007-09-01T15:00:00,Bolton,Everton,https://www.xscores.com/soccer/match/bolton-vs-everton/01-09-2007/1536495
2007/2008,2007-09-01T15:00:00,Fulham,Tottenham,https://www.xscores.com/soccer/match/fulham-vs-tottenham/01-09-2007/1536496
2007/2008,2007-09-01T15:00:00,Liverpool,Derby,https://www.xscores.com/soccer/match/liverpool-vs-derby/01-09-2007/1536498
2007/2008,2007-09-01T15:00:00,Middlesbrough,Birmingham,https://www.xscores.com/soccer/match/middlesbrough-vs-birmingham/01-09-2007/1536500
2007/2008,2007-09-01T15:00:00,Newcastle,Wigan,https://www.xscores.com/soccer/match/newcastle-vs-wigan/01-09-2007/1536501
2007/2008,2007-09-01T15:00:00,Reading,West Ham,https://www.xscores.com/soccer/match/reading-vs-west-ham/01-09-2007/1536502
2007/2008,2007-09-01T17:15:00,Manchester United,Sunderland,https://www.xscores.com/soccer/match/manchester-united-vs-sunderland/01-09-2007/1536499
2007/2008,2007-09-02T13:30:00,Arsenal,Portsmouth,https://www.xscores.com/soccer/match/arsenal-vs-portsmouth/02-09-2007/1536490
2007/2008,2007-09-02T15:00:00,Blackburn,Manchester City,https://www.xscores.com/soccer/match/blackburn-vs-manchester-city/02-09-2007/1536494
2007/2008,2007-09-02T16:00:00,Aston Villa,Chelsea,https://www.xscores.com/soccer/match/aston-villa-vs-chelsea/02-09-2007/1536493
2007/2008,2007-09-15T12:00:00,Everton,Manchester United,https://www.xscores.com/soccer/match/everton-vs-manchester-united/15-09-2007/1536517
2007/2008,2007-09-15T12:45:00,Portsmouth,Liverpool,https://www.xscores.com/soccer/match/portsmouth-vs-liverpool/15-09-2007/1536519
2007/2008,2007-09-15T13:30:00,Tottenham,Arsenal,https://www.xscores.com/soccer/match/tottenham-vs-arsenal/15-09-2007/1536523
2007/2008,2007-09-15T15:00:00,Birmingham,Bolton,https://www.xscores.com/soccer/match/birmingham-vs-bolton/15-09-2007/1536514
2007/2008,2007-09-15T15:00:00,Sunderland,Reading,https://www.xscores.com/soccer/match/sunderland-vs-reading/15-09-2007/1536521
2007/2008,2007-09-15T15:00:00,West Ham,Middlesbrough,https://www.xscores.com/soccer/match/west-ham-vs-middlesbrough/15-09-2007/1536525
2007/2008,2007-09-15T15:00:00,Wigan,Fulham,https://www.xscores.com/soccer/match/wigan-vs-fulham/15-09-2007/1536527
2007/2008,2007-09-15T17:15:00,Chelsea,Blackburn,https://www.xscores.com/soccer/match/chelsea-vs-blackburn/15-09-2007/1536515
2007/2008,2007-09-16T16:00:00,Manchester City,Aston Villa,https://www.xscores.com/soccer/match/manchester-city-vs-aston-villa/16-09-2007/1536518
2007/2008,2007-09-17T20:00:00,Derby,Newcastle,https://www.xscores.com/soccer/match/derby-vs-newcastle/17-09-2007/1536516
2007/2008,2007-09-22T15:00:00,Arsenal,Derby,https://www.xscores.com/soccer/match/arsenal-vs-derby/22-09-2007/1536530
2007/2008,2007-09-22T15:00:00,Liverpool,Birmingham,https://www.xscores.com/soccer/match/liverpool-vs-birmingham/22-09-2007/1536539
2007/2008,2007-09-22T15:00:00,Middlesbrough,Sunderland,https://www.xscores.com/soccer/match/middlesbrough-vs-sunderland/22-09-2007/1536543
2007/2008,2007-09-22T15:00:00,Reading,Wigan,https://www.xscores.com/soccer/match/reading-vs-wigan/22-09-2007/1536545
2007/2008,2007-09-22T17:15:00,Fulham,Manchester City,https://www.xscores.com/soccer/match/fulham-vs-manchester-city/22-09-2007/1536537
2007/2008,2007-09-23T13:30:00,Newcastle,West Ham,https://www.xscores.com/soccer/match/newcastle-vs-west-ham/23-09-2007/1536544
2007/2008,2007-09-23T14:00:00,Aston Villa,Everton,https://www.xscores.com/soccer/match/aston-villa-vs-everton/23-09-2007/1536532
2007/2008,2007-09-23T15:00:00,Blackburn,Portsmouth,https://www.xscores.com/soccer/match/blackburn-vs-portsmouth/23-09-2007/1536534
2007/2008,2007-09-23T15:00:00,Bolton,Tottenham,https://www.xscores.com/soccer/match/bolton-vs-tottenham/23-09-2007/1536535
2007/2008,2007-09-23T16:00:00,Manchester United,Chelsea,https://www.xscores.com/soccer/match/manchester-united-vs-chelsea/23-09-2007/1536541
2007/2008,2007-09-29T12:45:00,Manchester City,Newcastle,https://www.xscores.com/soccer/match/manchester-city-vs-newcastle/29-09-2007/1536555
2007/2008,2007-09-29T15:00:00,Chelsea,Fulham,https://www.xscores.com/soccer/match/chelsea-vs-fulham/29-09-2007/1536549
2007/2008,2007-09-29T15:00:00,Derby,Bolton,https://www.xscores.com/soccer/match/derby-vs-bolton/29-09-2007/1536550
2007/2008,2007-09-29T15:00:00,Portsmouth,Reading,https://www.xscores.com/soccer/match/portsmouth-vs-reading/29-09-2007/1536557
2007/2008,2007-09-29T15:00:00,Sunderland,Blackburn,https://www.xscores.com/soccer/match/sunderland-vs-blackburn/29-09-2007/1536558
2007/2008,2007-09-29T15:00:00,West Ham,Arsenal,https://www.xscores.com/soccer/match/west-ham-vs-arsenal/29-09-2007/1536561
2007/2008,2007-09-29T15:00:00,Wigan,Liverpool,https://www.xscores.com/soccer/match/wigan-vs-liverpool/29-09-2007/1536563
2007/2008,2007-09-29T17:15:00,Birmingham,Manchester United,https://www.xscores.com/soccer/match/birmingham-vs-manchester-united/29-09-2007/1536547
2007/2008,2007-09-30T16:00:00,Everton,Middlesbrough,https://www.xscores.com/soccer/match/everton-vs-middlesbrough/30-09-2007/1536552
2007/2008,2007-10-01T20:00:00,Tottenham,Aston Villa,https://www.xscores.com/soccer/match/tottenham-vs-aston-villa/01-10-2007/1536560
2007/2008,2007-10-06T12:45:00,Manchester United,Wigan,https://www.xscores.com/soccer/match/manchester-united-vs-wigan/06-10-2007/1536574
2007/2008,2007-10-06T15:00:00,Aston Villa,West Ham,https://www.xscores.com/soccer/match/aston-villa-vs-west-ham/06-10-2007/1536569
2007/2008,2007-10-07T12:00:00,Arsenal,Sunderland,https://www.xscores.com/soccer/match/arsenal-vs-sunderland/07-10-2007/1536568
2007/2008,2007-10-07T14:00:00,Reading,Derby,https://www.xscores.com/soccer/match/reading-vs-derby/07-10-2007/1536577
2007/2008,2007-10-07T15:00:00,Blackburn,Birmingham,https://www.xscores.com/soccer/match/blackburn-vs-birmingham/07-10-2007/1536570
2007/2008,2007-10-07T15:00:00,Bolton,Chelsea,https://www.xscores.com/soccer/match/bolton-vs-chelsea/07-10-2007/1536571
2007/2008,2007-10-07T15:00:00,Liverpool,Tottenham,https://www.xscores.com/soccer/match/liverpool-vs-tottenham/07-10-2007/1536573
2007/2008,2007-10-07T15:00:00,Manchester City,Middlesbrough,https://www.xscores.com/soccer/match/manchester-city-vs-middlesbrough/07-10-2007/1536576
2007/2008,2007-10-07T15:00:00,Newcastle,Everton,https://www.xscores.com/soccer/match/newcastle-vs-everton/07-10-2007/1536575
2007/2008,2007-10-07T16:10:00,Fulham,Portsmouth,https://www.xscores.com/soccer/match/fulham-vs-portsmouth/07-10-2007/1536572
2007/2008,2007-10-20T12:45:00,Everton,Liverpool,https://www.xscores.com/soccer/match/everton-vs-liverpool/20-10-2007/1536713
2007/2008,2007-10-20T15:00:00,Arsenal,Bolton,https://www.xscores.com/soccer/match/arsenal-vs-bolton/20-10-2007/1536708
2007/2008,2007-10-20T15:00:00,Blackburn,Reading,https://www.xscores.com/soccer/match/blackburn-vs-reading/20-10-2007/1536711
2007/2008,2007-10-20T15:00:00,Fulham,Derby,https://www.xscores.com/soccer/match/fulham-vs-derby/20-10-2007/1536714
2007/2008,2007-10-20T15:00:00,Manchester City,Birmingham,https://www.xscores.com/soccer/match/manchester-city-vs-birmingham/20-10-2007/1536715
2007/2008,2007-10-20T15:00:00,Middlesbrough,Chelsea,https://www.xscores.com/soccer/match/middlesbrough-vs-chelsea/20-10-2007/1536716
2007/2008,2007-10-20T15:00:00,Wigan,Portsmouth,https://www.xscores.com/soccer/match/wigan-vs-portsmouth/20-10-2007/1536722
2007/2008,2007-10-20T17:15:00,Aston Villa,Manchester United,https://www.xscores.com/soccer/match/aston-villa-vs-manchester-united/20-10-2007/1536709
2007/2008,2007-10-21T16:00:00,West Ham,Sunderland,https://www.xscores.com/soccer/match/west-ham-vs-sunderland/21-10-2007/1536720
2007/2008,2007-10-22T20:00:00,Newcastle,Tottenham,https://www.xscores.com/soccer/match/newcastle-vs-tottenham/22-10-2007/1536717
2007/2008,2007-10-27T15:00:00,Birmingham,Wigan,https://www.xscores.com/soccer/match/birmingham-vs-wigan/27-10-2007/1536727
2007/2008,2007-10-27T15:00:00,Chelsea,Manchester City,https://www.xscores.com/soccer/match/chelsea-vs-manchester-city/27-10-2007/1536730
2007/2008,2007-10-27T15:00:00,Manchester United,Middlesbrough,https://www.xscores.com/soccer/match/manchester-united-vs-middlesbrough/27-10-2007/1536736
2007/2008,2007-10-27T15:00:00,Reading,Newcastle,https://www.xscores.com/soccer/match/reading-vs-newcastle/27-10-2007/1536739
2007/2008,2007-10-27T15:00:00,Sunderland,Fulham,https://www.xscores.com/soccer/match/sunderland-vs-fulham/27-10-2007/1536740
2007/2008,2007-10-27T17:15:00,Portsmouth,West Ham,https://www.xscores.com/soccer/match/portsmouth-vs-west-ham/27-10-2007/1536737
2007/2008,2007-10-28T13:30:00,Bolton,Aston Villa,https://www.xscores.com/soccer/match/bolton-vs-aston-villa/28-10-2007/1536728
2007/2008,2007-10-28T14:00:00,Derby,Everton,https://www.xscores.com/soccer/match/derby-vs-everton/28-10-2007/1536732
2007/2008,2007-10-28T15:00:00,Tottenham,Blackburn,https://www.xscores.com/soccer/match/tottenham-vs-blackburn/28-10-2007/1536741
2007/2008,2007-10-28T16:00:00,Liverpool,Arsenal,https://www.xscores.com/soccer/match/liverpool-vs-arsenal/28-10-2007/1536734
2007/2008,2007-11-03T12:45:00,Arsenal,Manchester United,https://www.xscores.com/soccer/match/arsenal-vs-manchester-united/03-11-2007/1536742
2007/2008,2007-11-03T15:00:00,Aston Villa,Derby,https://www.xscores.com/soccer/match/aston-villa-vs-derby/03-11-2007/1536743
2007/2008,2007-11-03T15:00:00,Everton,Birmingham,https://www.xscores.com/soccer/match/everton-vs-birmingham/03-11-2007/1536745
2007/2008,2007-11-03T15:00:00,Fulham,Reading,https://www.xscores.com/soccer/match/fulham-vs-reading/03-11-2007/1536746
2007/2008,2007-11-03T15:00:00,Middlesbrough,Tottenham,https://www.xscores.com/soccer/match/middlesbrough-vs-tottenham/03-11-2007/1536748
2007/2008,2007-11-03T15:00:00,Newcastle,Portsmouth,https://www.xscores.com/soccer/match/newcastle-vs-portsmouth/03-11-2007/1536749
2007/2008,2007-11-03T15:00:00,Wigan,Chelsea,https://www.xscores.com/soccer/match/wigan-vs-chelsea/03-11-2007/1536751
2007/2008,2007-11-03T17:15:00,Blackburn,Liverpool,https://www.xscores.com/soccer/match/blackburn-vs-liverpool/03-11-2007/1536744
2007/2008,2007-11-04T16:00:00,West Ham,Bolton,https://www.xscores.com/soccer/match/west-ham-vs-bolton/04-11-2007/1536750
2007/2008,2007-11-05T20:00:00,Manchester City,Sunderland,https://www.xscores.com/soccer/match/manchester-city-vs-sunderland/05-11-2007/1536747
2007/2008,2007-11-10T12:45:00,Sunderland,Newcastle,https://www.xscores.com/soccer/match/sunderland-vs-newcastle/10-11-2007/1536760
2007/2008,2007-11-10T15:00:00,Derby,West Ham,https://www.xscores.com/soccer/match/derby-vs-west-ham/10-11-2007/1536755
2007/2008,2007-11-10T17:15:00,Liverpool,Fulham,https://www.xscores.com/soccer/match/liverpool-vs-fulham/10-11-2007/1536756
2007/2008,2007-11-11T13:00:00,Birmingham,Aston Villa,https://www.xscores.com/soccer/match/birmingham-vs-aston-villa/11-11-2007/1536752
2007/2008,2007-11-11T14:00:00,Chelsea,Everton,https://www.xscores.com/soccer/match/chelsea-vs-everton/11-11-2007/1536754
2007/2008,2007-11-11T15:00:00,Bolton,Middlesbrough,https://www.xscores.com/soccer/match/bolton-vs-middlesbrough/11-11-2007/1536753
2007/2008,2007-11-11T15:00:00,Manchester United,Blackburn,https://www.xscores.com/soccer/match/manchester-united-vs-blackburn/11-11-2007/1536757
2007/2008,2007-11-11T15:00:00,Tottenham,Wigan,https://www.xscores.com/soccer/match/tottenham-vs-wigan/11-11-2007/1536762
2007/2008,2007-11-11T16:00:00,Portsmouth,Manchester City,https://www.xscores.com/soccer/match/portsmouth-vs-manchester-city/11-11-2007/1536758
2007/2008,2007-11-12T20:00:00,Reading,Arsenal,https://www.xscores.com/soccer/match/reading-vs-arsenal/12-11-2007/1536759
2007/2008,2007-11-24T12:45:00,Newcastle,Liverpool,https://www.xscores.com/soccer/match/newcastle-vs-liverpool/24-11-2007/1536779
2007/2008,2007-11-24T15:00:00,Arsenal,Wigan,https://www.xscores.com/soccer/match/arsenal-vs-wigan/24-11-2007/1536765
2007/2008,2007-11-24T15:00:00,Birmingham,Portsmouth,https://www.xscores.com/soccer/match/birmingham-vs-portsmouth/24-11-2007/1536767
2007/2008,2007-11-24T15:00:00,Bolton,Manchester United,https://www.xscores.com/soccer/match/bolton-vs-manchester-united/24-11-2007/1536769
2007/2008,2007-11-24T15:00:00,Everton,Sunderland,https://www.xscores.com/soccer/match/everton-vs-sunderland/24-11-2007/1536772
2007/2008,2007-11-24T15:00:00,Manchester City,Reading,https://www.xscores.com/soccer/match/manchester-city-vs-reading/24-11-2007/1536775
2007/2008,2007-11-24T15:00:00,Middlesbrough,Aston Villa,https://www.xscores.com/soccer/match/middlesbrough-vs-aston-villa/24-11-2007/1536777
2007/2008,2007-11-24T17:15:00,Derby,Chelsea,https://www.xscores.com/soccer/match/derby-vs-chelsea/24-11-2007/1536770
2007/2008,2007-11-25T13:30:00,West Ham,Tottenham,https://www.xscores.com/soccer/match/west-ham-vs-tottenham/25-11-2007/1536781
2007/2008,2007-11-25T16:00:00,Fulham,Blackburn,https://www.xscores.com/soccer/match/fulham-vs-blackburn/25-11-2007/1536773
2007/2008,2007-12-01T12:45:00,Chelsea,West Ham,https://www.xscores.com/soccer/match/chelsea-vs-west-ham/01-12-2007/1536786
2007/2008,2007-12-01T15:00:00,Blackburn,Newcastle,https://www.xscores.com/soccer/match/blackburn-vs-newcastle/01-12-2007/1536785
2007/2008,2007-12-01T15:00:00,Portsmouth,Everton,https://www.xscores.com/soccer/match/portsmouth-vs-everton/01-12-2007/1536789
2007/2008,2007-12-01T15:00:00,Reading,Middlesbrough,https://www.xscores.com/soccer/match/reading-vs-middlesbrough/01-12-2007/1536790
2007/2008,2007-12-01T15:00:00,Sunderland,Derby,https://www.xscores.com/soccer/match/sunderland-vs-derby/01-12-2007/1536791
2007/2008,2007-12-01T15:00:00,Wigan,Manchester City,https://www.xscores.com/soccer/match/wigan-vs-manchester-city/01-12-2007/1536793
2007/2008,2007-12-01T17:15:00,Aston Villa,Arsenal,https://www.xscores.com/soccer/match/aston-villa-vs-arsenal/01-12-2007/1536784
2007/2008,2007-12-02T15:00:00,Liverpool,Bolton,https://www.xscores.com/soccer/match/liverpool-vs-bolton/02-12-2007/1536787
2007/2008,2007-12-02T16:00:00,Tottenham,Birmingham,https://www.xscores.com/soccer/match/tottenham-vs-birmingham/02-12-2007/1536792
2007/2008,2007-12-03T20:00:00,Manchester United,Fulham,https://www.xscores.com/soccer/match/manchester-united-vs-fulham/03-12-2007/1536788
2007/2008,2007-12-08T12:45:00,Aston Villa,Portsmouth,https://www.xscores.com/soccer/match/aston-villa-vs-portsmouth/08-12-2007/1536794
2007/2008,2007-12-08T15:00:00,Chelsea,Sunderland,https://www.xscores.com/soccer/match/chelsea-vs-sunderland/08-12-2007/1536797
2007/2008,2007-12-08T15:00:00,Everton,Fulham,https://www.xscores.com/soccer/match/everton-vs-fulham/08-12-2007/1536798
2007/2008,2007-12-08T15:00:00,Manchester United,Derby,https://www.xscores.com/soccer/match/manchester-united-vs-derby/08-12-2007/1536799
2007/2008,2007-12-08T15:00:00,Newcastle,Birmingham,https://www.xscores.com/soccer/match/newcastle-vs-birmingham/08-12-2007/1536801
2007/2008,2007-12-08T17:15:00,Reading,Liverpool,https://www.xscores.com/soccer/match/reading-vs-liverpool/08-12-2007/1536802
2007/2008,2007-12-09T13:30:00,Middlesbrough,Arsenal,https://www.xscores.com/soccer/match/middlesbrough-vs-arsenal/09-12-2007/1536800
2007/2008,2007-12-09T15:00:00,Bolton,Wigan,https://www.xscores.com/soccer/match/bolton-vs-wigan/09-12-2007/1536796
2007/2008,2007-12-09T15:00:00,Tottenham,Manchester City,https://www.xscores.com/soccer/match/tottenham-vs-manchester-city/09-12-2007/1536803
2007/2008,2007-12-09T16:00:00,Blackburn,West Ham,https://www.xscores.com/soccer/match/blackburn-vs-west-ham/09-12-2007/1536795
2007/2008,2007-12-15T15:00:00,Birmingham,Reading,https://www.xscores.com/soccer/match/birmingham-vs-reading/15-12-2007/1536809
2007/2008,2007-12-15T15:00:00,Derby,Middlesbrough,https://www.xscores.com/soccer/match/derby-vs-middlesbrough/15-12-2007/1536811
2007/2008,2007-12-15T15:00:00,Manchester City,Bolton,https://www.xscores.com/soccer/match/manchester-city-vs-bolton/15-12-2007/1536816
2007/2008,2007-12-15T15:00:00,Portsmouth,Tottenham,https://www.xscores.com/soccer/match/portsmouth-vs-tottenham/15-12-2007/1536818
2007/2008,2007-12-15T15:00:00,Sunderland,Aston Villa,https://www.xscores.com/soccer/match/sunderland-vs-aston-villa/15-12-2007/1536820
2007/2008,2007-12-15T15:00:00,West Ham,Everton,https://www.xscores.com/soccer/match/west-ham-vs-everton/15-12-2007/1536822
2007/2008,2007-12-15T15:00:00,Wigan,Blackburn,https://www.xscores.com/soccer/match/wigan-vs-blackburn/15-12-2007/1536824
2007/2008,2007-12-15T17:15:00,Fulham,Newcastle,https://www.xscores.com/soccer/match/fulham-vs-newcastle/15-12-2007/1536813
2007/2008,2007-12-16T13:30:00,Liverpool,Manchester United,https://www.xscores.com/soccer/match/liverpool-vs-manchester-united/16-12-2007/1536814
2007/2008,2007-12-16T16:00:00,Arsenal,Chelsea,https://www.xscores.com/soccer/match/arsenal-vs-chelsea/16-12-2007/1536805
2007/2008,2007-12-22T12:45:00,Arsenal,Tottenham,https://www.xscores.com/soccer/match/arsenal-vs-tottenham/22-12-2007/1536826
2007/2008,2007-12-22T15:00:00,Aston Villa,Manchester City,https://www.xscores.com/soccer/match/aston-villa-vs-manchester-city/22-12-2007/1536827
2007/2008,2007-12-22T15:00:00,Bolton,Birmingham,https://www.xscores.com/soccer/match/bolton-vs-birmingham/22-12-2007/1536829
2007/2008,2007-12-22T15:00:00,Fulham,Wigan,https://www.xscores.com/soccer/match/fulham-vs-wigan/22-12-2007/1536830
2007/2008,2007-12-22T15:00:00,Liverpool,Portsmouth,https://www.xscores.com/soccer/match/liverpool-vs-portsmouth/22-12-2007/1536831
2007/2008,2007-12-22T15:00:00,Middlesbrough,West Ham,https://www.xscores.com/soccer/match/middlesbrough-vs-west-ham/22-12-2007/1536834
2007/2008,2007-12-22T15:00:00,Reading,Sunderland,https://www.xscores.com/soccer/match/reading-vs-sunderland/22-12-2007/1536838
2007/2008,2007-12-23T12:00:00,Manchester United,Everton,https://www.xscores.com/soccer/match/manchester-united-vs-everton/23-12-2007/1536832
2007/2008,2007-12-23T14:00:00,Newcastle,Derby,https://www.xscores.com/soccer/match/newcastle-vs-derby/23-12-2007/1536836
2007/2008,2007-12-23T16:10:00,Blackburn,Chelsea,https://www.xscores.com/soccer/match/blackburn-vs-chelsea/23-12-2007/1536828
2007/2008,2007-12-26T13:00:00,Chelsea,Aston Villa,https://www.xscores.com/soccer/match/chelsea-vs-aston-villa/26-12-2007/1536845
2007/2008,2007-12-26T13:00:00,Tottenham,Fulham,https://www.xscores.com/soccer/match/tottenham-vs-fulham/26-12-2007/1536855
2007/2008,2007-12-26T13:00:00,West Ham,Reading,https://www.xscores.com/soccer/match/west-ham-vs-reading/26-12-2007/1536856
2007/2008,2007-12-26T15:00:00,Birmingham,Middlesbrough,https://www.xscores.com/soccer/match/birmingham-vs-middlesbrough/26-12-2007/1536843
2007/2008,2007-12-26T15:00:00,Derby,Liverpool,https://www.xscores.com/soccer/match/derby-vs-liverpool/26-12-2007/1536847
2007/2008,2007-12-26T15:00:00,Everton,Bolton,https://www.xscores.com/soccer/match/everton-vs-bolton/26-12-2007/1536848
2007/2008,2007-12-26T15:00:00,Sunderland,Manchester United,https://www.xscores.com/soccer/match/sunderland-vs-manchester-united/26-12-2007/1536854
2007/2008,2007-12-26T15:00:00,Wigan,Newcastle,https://www.xscores.com/soccer/match/wigan-vs-newcastle/26-12-2007/1536857
2007/2008,2007-12-26T19:45:00,Portsmouth,Arsenal,https://www.xscores.com/soccer/match/portsmouth-vs-arsenal/26-12-2007/1536852
2007/2008,2007-12-27T19:45:00,Manchester City,Blackburn,https://www.xscores.com/soccer/match/manchester-city-vs-blackburn/27-12-2007/1536850
2007/2008,2007-12-29T15:00:00,Birmingham,Fulham,https://www.xscores.com/soccer/match/birmingham-vs-fulham/29-12-2007/1536859
2007/2008,2007-12-29T15:00:00,Chelsea,Newcastle,https://www.xscores.com/soccer/match/chelsea-vs-newcastle/29-12-2007/1536861
2007/2008,2007-12-29T15:00:00,Portsmouth,Middlesbrough,https://www.xscores.com/soccer/match/portsmouth-vs-middlesbrough/29-12-2007/1536869
2007/2008,2007-12-29T15:00:00,Sunderland,Bolton,https://www.xscores.com/soccer/match/sunderland-vs-bolton/29-12-2007/1536871
2007/2008,2007-12-29T15:00:00,Tottenham,Reading,https://www.xscores.com/soccer/match/tottenham-vs-reading/29-12-2007/1536873
2007/2008,2007-12-29T15:00:00,West Ham,Manchester United,https://www.xscores.com/soccer/match/west-ham-vs-manchester-united/29-12-2007/1536875
2007/2008,2007-12-29T15:00:00,Wigan,Aston Villa,https://www.xscores.com/soccer/match/wigan-vs-aston-villa/29-12-2007/1536877
2007/2008,2007-12-29T17:15:00,Everton,Arsenal,https://www.xscores.com/soccer/match/everton-vs-arsenal/29-12-2007/1536864
2007/2008,2007-12-30T13:30:00,Derby,Blackburn,https://www.xscores.com/soccer/match/derby-vs-blackburn/30-12-2007/1536863
2007/2008,2007-12-30T16:00:00,Manchester City,Liverpool,https://www.xscores.com/soccer/match/manchester-city-vs-liverpool/30-12-2007/1536868
2007/2008,2008-01-01T12:45:00,Fulham,Chelsea,https://www.xscores.com/soccer/match/fulham-vs-chelsea/01-01-2008/1536889
2007/2008,2008-01-01T15:00:00,Arsenal,West Ham,https://www.xscores.com/soccer/match/arsenal-vs-west-ham/01-01-2008/1536880
2007/2008,2008-01-01T15:00:00,Manchester United,Birmingham,https://www.xscores.com/soccer/match/manchester-united-vs-birmingham/01-01-2008/1536892
2007/2008,2008-01-01T15:00:00,Middlesbrough,Everton,https://www.xscores.com/soccer/match/middlesbrough-vs-everton/01-01-2008/1536895
2007/2008,2008-01-01T15:00:00,Reading,Portsmouth,https://www.xscores.com/soccer/match/reading-vs-portsmouth/01-01-2008/1536899
2007/2008,2008-01-01T17:20:00,Aston Villa,Tottenham,https://www.xscores.com/soccer/match/aston-villa-vs-tottenham/01-01-2008/1536881
2007/2008,2008-01-02T19:45:00,Newcastle,Manchester City,https://www.xscores.com/soccer/match/newcastle-vs-manchester-city/02-01-2008/1536897
2007/2008,2008-01-02T20:00:00,Blackburn,Sunderland,https://www.xscores.com/soccer/match/blackburn-vs-sunderland/02-01-2008/1536882
2007/2008,2008-01-02T20:00:00,Bolton,Derby,https://www.xscores.com/soccer/match/bolton-vs-derby/02-01-2008/1536883
2007/2008,2008-01-02T20:00:00,Liverpool,Wigan,https://www.xscores.com/soccer/match/liverpool-vs-wigan/02-01-2008/1536891
2007/2008,2008-01-12T15:00:00,Arsenal,Birmingham,https://www.xscores.com/soccer/match/arsenal-vs-birmingham/12-01-2008/1536902
2007/2008,2008-01-12T15:00:00,Aston Villa,Reading,https://www.xscores.com/soccer/match/aston-villa-vs-reading/12-01-2008/1536903
2007/2008,2008-01-12T15:00:00,Chelsea,Tottenham,https://www.xscores.com/soccer/match/chelsea-vs-tottenham/12-01-2008/1536905
2007/2008,2008-01-12T15:00:00,Derby,Wigan,https://www.xscores.com/soccer/match/derby-vs-wigan/12-01-2008/1536907
2007/2008,2008-01-12T15:00:00,Everton,Manchester City,https://www.xscores.com/soccer/match/everton-vs-manchester-city/12-01-2008/1536909
2007/2008,2008-01-12T15:00:00,Middlesbrough,Liverpool,https://www.xscores.com/soccer/match/middlesbrough-vs-liverpool/12-01-2008/1536913
2007/2008,2008-01-12T15:00:00,West Ham,Fulham,https://www.xscores.com/soccer/match/west-ham-vs-fulham/12-01-2008/1536917
2007/2008,2008-01-12T17:15:00,Manchester United,Newcastle,https://www.xscores.com/soccer/match/manchester-united-vs-newcastle/12-01-2008/1536911
2007/2008,2008-01-13T13:30:00,Sunderland,Portsmouth,https://www.xscores.com/soccer/match/sunderland-vs-portsmouth/13-01-2008/1536915
2007/2008,2008-01-13T16:00:00,Bolton,Blackburn,https://www.xscores.com/soccer/match/bolton-vs-blackburn/13-01-2008/1536904
2007/2008,2008-01-19T15:00:00,Birmingham,Chelsea,https://www.xscores.com/soccer/match/birmingham-vs-chelsea/19-01-2008/1536919
2007/2008,2008-01-19T15:00:00,Blackburn,Middlesbrough,https://www.xscores.com/soccer/match/blackburn-vs-middlesbrough/19-01-2008/1536920
2007/2008,2008-01-19T15:00:00,Fulham,Arsenal,https://www.xscores.com/soccer/match/fulham-vs-arsenal/19-01-2008/1536921
2007/2008,2008-01-19T15:00:00,Portsmouth,Derby,https://www.xscores.com/soccer/match/portsmouth-vs-derby/19-01-2008/1536925
2007/2008,2008-01-19T15:00:00,Reading,Manchester United,https://www.xscores.com/soccer/match/reading-vs-manchester-united/19-01-2008/1536926
2007/2008,2008-01-19T15:00:00,Tottenham,Sunderland,https://www.xscores.com/soccer/match/tottenham-vs-sunderland/19-01-2008/1536927
2007/2008,2008-01-19T17:15:00,Newcastle,Bolton,https://www.xscores.com/soccer/match/newcastle-vs-bolton/19-01-2008/1536924
2007/2008,2008-01-20T13:30:00,Wigan,Everton,https://www.xscores.com/soccer/match/wigan-vs-everton/20-01-2008/1536928
2007/2008,2008-01-20T16:00:00,Manchester City,West Ham,https://www.xscores.com/soccer/match/manchester-city-vs-west-ham/20-01-2008/1536923
2007/2008,2008-01-21T20:00:00,Liverpool,Aston Villa,https://www.xscores.com/soccer/match/liverpool-vs-aston-villa/21-01-2008/1536922
2007/2008,2008-01-26T15:00:00,Aston Villa,Blackburn,https://www.xscores.com/soccer/match/aston-villa-vs-blackburn/26-01-2008/1536938
2007/2008,2008-01-29T19:45:00,Arsenal,Newcastle,https://www.xscores.com/soccer/match/arsenal-vs-newcastle/29-01-2008/1536929
2007/2008,2008-01-29T20:00:00,Bolton,Fulham,https://www.xscores.com/soccer/match/bolton-vs-fulham/29-01-2008/1536930
2007/2008,2008-01-29T20:00:00,Middlesbrough,Wigan,https://www.xscores.com/soccer/match/middlesbrough-vs-wigan/29-01-2008/1536933
2007/2008,2008-01-29T20:00:00,Sunderland,Birmingham,https://www.xscores.com/soccer/match/sunderland-vs-birmingham/29-01-2008/1536935
2007/2008,2008-01-30T19:45:00,Chelsea,Reading,https://www.xscores.com/soccer/match/chelsea-vs-reading/30-01-2008/1536940
2007/2008,2008-01-30T19:45:00,Derby,Manchester City,https://www.xscores.com/soccer/match/derby-vs-manchester-city/30-01-2008/1536931
2007/2008,2008-01-30T19:45:00,West Ham,Liverpool,https://www.xscores.com/soccer/match/west-ham-vs-liverpool/30-01-2008/1536936
2007/2008,2008-01-30T20:00:00,Everton,Tottenham,https://www.xscores.com/soccer/match/everton-vs-tottenham/30-01-2008/1536942
2007/2008,2008-01-30T20:00:00,Manchester United,Portsmouth,https://www.xscores.com/soccer/match/manchester-united-vs-portsmouth/30-01-2008/1536943
2007/2008,2008-02-02T12:45:00,Manchester City,Arsenal,https://www.xscores.com/soccer/match/manchester-city-vs-arsenal/02-02-2008/1536956
2007/2008,2008-02-02T15:00:00,Birmingham,Derby,https://www.xscores.com/soccer/match/birmingham-vs-derby/02-02-2008/1536946
2007/2008,2008-02-02T15:00:00,Blackburn,Everton,https://www.xscores.com/soccer/match/blackburn-vs-everton/02-02-2008/1536952
2007/2008,2008-02-02T15:00:00,Portsmouth,Chelsea,https://www.xscores.com/soccer/match/portsmouth-vs-chelsea/02-02-2008/1536959
2007/2008,2008-02-02T15:00:00,Reading,Bolton,https://www.xscores.com/soccer/match/reading-vs-bolton/02-02-2008/1536960
2007/2008,2008-02-02T15:00:00,Tottenham,Manchester United,https://www.xscores.com/soccer/match/tottenham-vs-manchester-united/02-02-2008/1536961
2007/2008,2008-02-02T15:00:00,Wigan,West Ham,https://www.xscores.com/soccer/match/wigan-vs-west-ham/02-02-2008/1536962
2007/2008,2008-02-02T17:15:00,Liverpool,Sunderland,https://www.xscores.com/soccer/match/liverpool-vs-sunderland/02-02-2008/1536955
2007/2008,2008-02-03T13:30:00,Newcastle,Middlesbrough,https://www.xscores.com/soccer/match/newcastle-vs-middlesbrough/03-02-2008/1536957
2007/2008,2008-02-03T16:00:00,Fulham,Aston Villa,https://www.xscores.com/soccer/match/fulham-vs-aston-villa/03-02-2008/1536953
2007/2008,2008-02-09T12:45:00,Aston Villa,Newcastle,https://www.xscores.com/soccer/match/aston-villa-vs-newcastle/09-02-2008/1536965
2007/2008,2008-02-09T15:00:00,Bolton,Portsmouth,https://www.xscores.com/soccer/match/bolton-vs-portsmouth/09-02-2008/1536967
2007/2008,2008-02-09T15:00:00,Derby,Tottenham,https://www.xscores.com/soccer/match/derby-vs-tottenham/09-02-2008/1536970
2007/2008,2008-02-09T15:00:00,Everton,Reading,https://www.xscores.com/soccer/match/everton-vs-reading/09-02-2008/1536971
2007/2008,2008-02-09T15:00:00,Middlesbrough,Fulham,https://www.xscores.com/soccer/match/middlesbrough-vs-fulham/09-02-2008/1536973
2007/2008,2008-02-09T15:00:00,Sunderland,Wigan,https://www.xscores.com/soccer/match/sunderland-vs-wigan/09-02-2008/1536974
2007/2008,2008-02-09T15:00:00,West Ham,Birmingham,https://www.xscores.com/soccer/match/west-ham-vs-birmingham/09-02-2008/1536976
2007/2008,2008-02-10T13:30:00,Manchester United,Manchester City,https://www.xscores.com/soccer/match/manchester-united-vs-manchester-city/10-02-2008/1536972
2007/2008,2008-02-10T16:00:00,Chelsea,Liverpool,https://www.xscores.com/soccer/match/chelsea-vs-liverpool/10-02-2008/1536968
2007/2008,2008-02-11T20:00:00,Arsenal,Blackburn,https://www.xscores.com/soccer/match/arsenal-vs-blackburn/11-02-2008/1536964
2007/2008,2008-02-23T12:45:00,Birmingham,Arsenal,https://www.xscores.com/soccer/match/birmingham-vs-arsenal/23-02-2008/1536980
2007/2008,2008-02-23T15:00:00,Fulham,West Ham,https://www.xscores.com/soccer/match/fulham-vs-west-ham/23-02-2008/1536984
2007/2008,2008-02-23T15:00:00,Liverpool,Middlesbrough,https://www.xscores.com/soccer/match/liverpool-vs-middlesbrough/23-02-2008/1536985
2007/2008,2008-02-23T15:00:00,Portsmouth,Sunderland,https://www.xscores.com/soccer/match/portsmouth-vs-sunderland/23-02-2008/1536988
2007/2008,2008-02-23T15:00:00,Wigan,Derby,https://www.xscores.com/soccer/match/wigan-vs-derby/23-02-2008/1539234
2007/2008,2008-02-23T17:15:00,Newcastle,Manchester United,https://www.xscores.com/soccer/match/newcastle-vs-manchester-united/23-02-2008/1536987
2007/2008,2008-02-24T12:30:00,Reading,Aston Villa,https://www.xscores.com/soccer/match/reading-vs-aston-villa/24-02-2008/1536989
2007/2008,2008-02-24T15:00:00,Blackburn,Bolton,https://www.xscores.com/soccer/match/blackburn-vs-bolton/24-02-2008/1536982
2007/2008,2008-02-25T20:00:00,Manchester City,Everton,https://www.xscores.com/soccer/match/manchester-city-vs-everton/25-02-2008/1536986
2007/2008,2008-03-19T20:00:00,Tottenham,Chelsea,https://www.xscores.com/soccer/match/tottenham-vs-chelsea/19-03-2008/1536990
2007/2008,2008-03-01T15:00:00,Arsenal,Aston Villa,https://www.xscores.com/soccer/match/arsenal-vs-aston-villa/01-03-2008/1536994
2007/2008,2008-03-01T15:00:00,Birmingham,Tottenham,https://www.xscores.com/soccer/match/birmingham-vs-tottenham/01-03-2008/1536995
2007/2008,2008-03-01T15:00:00,Derby,Sunderland,https://www.xscores.com/soccer/match/derby-vs-sunderland/01-03-2008/1536997
2007/2008,2008-03-01T15:00:00,Fulham,Manchester United,https://www.xscores.com/soccer/match/fulham-vs-manchester-united/01-03-2008/1537000
2007/2008,2008-03-01T15:00:00,Middlesbrough,Reading,https://www.xscores.com/soccer/match/middlesbrough-vs-reading/01-03-2008/1537002
2007/2008,2008-03-01T15:00:00,Newcastle,Blackburn,https://www.xscores.com/soccer/match/newcastle-vs-blackburn/01-03-2008/1537003
2007/2008,2008-03-01T15:00:00,West Ham,Chelsea,https://www.xscores.com/soccer/match/west-ham-vs-chelsea/01-03-2008/1537004
2007/2008,2008-03-01T17:15:00,Manchester City,Wigan,https://www.xscores.com/soccer/match/manchester-city-vs-wigan/01-03-2008/1537001
2007/2008,2008-03-02T13:30:00,Bolton,Liverpool,https://www.xscores.com/soccer/match/bolton-vs-liverpool/02-03-2008/1536996
2007/2008,2008-03-02T16:00:00,Everton,Portsmouth,https://www.xscores.com/soccer/match/everton-vs-portsmouth/02-03-2008/1536998
2007/2008,2008-03-08T15:00:00,Blackburn,Fulham,https://www.xscores.com/soccer/match/blackburn-vs-fulham/08-03-2008/1537011
2007/2008,2008-03-08T15:00:00,Liverpool,Newcastle,https://www.xscores.com/soccer/match/liverpool-vs-newcastle/08-03-2008/1537014
2007/2008,2008-03-08T15:00:00,Reading,Manchester City,https://www.xscores.com/soccer/match/reading-vs-manchester-city/08-03-2008/1537025
2007/2008,2008-03-09T15:00:00,Sunderland,Everton,https://www.xscores.com/soccer/match/sunderland-vs-everton/09-03-2008/1537026
2007/2008,2008-03-09T15:00:00,Tottenham,West Ham,https://www.xscores.com/soccer/match/tottenham-vs-west-ham/09-03-2008/1537027
2007/2008,2008-03-09T16:00:00,Wigan,Arsenal,https://www.xscores.com/soccer/match/wigan-vs-arsenal/09-03-2008/1537028
2007/2008,2008-03-12T19:45:00,Aston Villa,Middlesbrough,https://www.xscores.com/soccer/match/aston-villa-vs-middlesbrough/12-03-2008/1537007
2007/2008,2008-03-12T19:45:00,Portsmouth,Birmingham,https://www.xscores.com/soccer/match/portsmouth-vs-birmingham/12-03-2008/1537024
2007/2008,2008-03-12T20:00:00,Chelsea,Derby,https://www.xscores.com/soccer/match/chelsea-vs-derby/12-03-2008/1537012
2007/2008,2008-03-19T20:00:00,Manchester United,Bolton,https://www.xscores.com/soccer/match/manchester-united-vs-bolton/19-03-2008/1537022
2007/2008,2008-03-15T15:00:00,Derby,Manchester United,https://www.xscores.com/soccer/match/derby-vs-manchester-united/15-03-2008/1537031
2007/2008,2008-03-15T15:00:00,Liverpool,Reading,https://www.xscores.com/soccer/match/liverpool-vs-reading/15-03-2008/1537033
2007/2008,2008-03-15T15:00:00,Portsmouth,Aston Villa,https://www.xscores.com/soccer/match/portsmouth-vs-aston-villa/15-03-2008/1537035
2007/2008,2008-03-15T15:00:00,Sunderland,Chelsea,https://www.xscores.com/soccer/match/sunderland-vs-chelsea/15-03-2008/1537036
2007/2008,2008-03-15T15:00:00,West Ham,Blackburn,https://www.xscores.com/soccer/match/west-ham-vs-blackburn/15-03-2008/1537037
2007/2008,2008-03-15T17:15:00,Arsenal,Middlesbrough,https://www.xscores.com/soccer/match/arsenal-vs-middlesbrough/15-03-2008/1537029
2007/2008,2008-03-16T13:30:00,Fulham,Everton,https://www.xscores.com/soccer/match/fulham-vs-everton/16-03-2008/1537032
2007/2008,2008-03-16T15:00:00,Wigan,Bolton,https://www.xscores.com/soccer/match/wigan-vs-bolton/16-03-2008/1537038
2007/2008,2008-03-16T16:00:00,Manchester City,Tottenham,https://www.xscores.com/soccer/match/manchester-city-vs-tottenham/16-03-2008/1537034
2007/2008,2008-03-17T20:00:00,Birmingham,Newcastle,https://www.xscores.com/soccer/match/birmingham-vs-newcastle/17-03-2008/1537030
2007/2008,2008-03-22T12:45:00,Tottenham,Portsmouth,https://www.xscores.com/soccer/match/tottenham-vs-portsmouth/22-03-2008/1537050
2007/2008,2008-03-22T15:00:00,Aston Villa,Sunderland,https://www.xscores.com/soccer/match/aston-villa-vs-sunderland/22-03-2008/1537039
2007/2008,2008-03-22T15:00:00,Blackburn,Wigan,https://www.xscores.com/soccer/match/blackburn-vs-wigan/22-03-2008/1537040
2007/2008,2008-03-22T15:00:00,Bolton,Manchester City,https://www.xscores.com/soccer/match/bolton-vs-manchester-city/22-03-2008/1537041
2007/2008,2008-03-22T15:00:00,Middlesbrough,Derby,https://www.xscores.com/soccer/match/middlesbrough-vs-derby/22-03-2008/1537045
2007/2008,2008-03-22T15:00:00,Newcastle,Fulham,https://www.xscores.com/soccer/match/newcastle-vs-fulham/22-03-2008/1537047
2007/2008,2008-03-22T15:00:00,Reading,Birmingham,https://www.xscores.com/soccer/match/reading-vs-birmingham/22-03-2008/1537049
2007/2008,2008-03-22T17:15:00,Everton,West Ham,https://www.xscores.com/soccer/match/everton-vs-west-ham/22-03-2008/1537043
2007/2008,2008-03-23T13:30:00,Manchester United,Liverpool,https://www.xscores.com/soccer/match/manchester-united-vs-liverpool/23-03-2008/1537044
2007/2008,2008-03-23T16:00:00,Chelsea,Arsenal,https://www.xscores.com/soccer/match/chelsea-vs-arsenal/23-03-2008/1537042
2007/2008,2008-03-29T15:00:00,Birmingham,Manchester City,https://www.xscores.com/soccer/match/birmingham-vs-manchester-city/29-03-2008/1537055
2007/2008,2008-03-29T15:00:00,Bolton,Arsenal,https://www.xscores.com/soccer/match/bolton-vs-arsenal/29-03-2008/1537057
2007/2008,2008-03-29T15:00:00,Derby,Fulham,https://www.xscores.com/soccer/match/derby-vs-fulham/29-03-2008/1537060
2007/2008,2008-03-29T15:00:00,Portsmouth,Wigan,https://www.xscores.com/soccer/match/portsmouth-vs-wigan/29-03-2008/1537064
2007/2008,2008-03-29T15:00:00,Reading,Blackburn,https://www.xscores.com/soccer/match/reading-vs-blackburn/29-03-2008/1537066
2007/2008,2008-03-29T15:00:00,Sunderland,West Ham,https://www.xscores.com/soccer/match/sunderland-vs-west-ham/29-03-2008/1537068
2007/2008,2008-03-29T17:15:00,Manchester United,Aston Villa,https://www.xscores.com/soccer/match/manchester-united-vs-aston-villa/29-03-2008/1537063
2007/2008,2008-03-30T13:30:00,Chelsea,Middlesbrough,https://www.xscores.com/soccer/match/chelsea-vs-middlesbrough/30-03-2008/1537059
2007/2008,2008-03-30T15:00:00,Tottenham,Newcastle,https://www.xscores.com/soccer/match/tottenham-vs-newcastle/30-03-2008/1537070
2007/2008,2008-03-30T16:00:00,Liverpool,Everton,https://www.xscores.com/soccer/match/liverpool-vs-everton/30-03-2008/1537061
2007/2008,2008-04-05T12:45:00,Arsenal,Liverpool,https://www.xscores.com/soccer/match/arsenal-vs-liverpool/05-04-2008/1537081
2007/2008,2008-04-05T15:00:00,Aston Villa,Bolton,https://www.xscores.com/soccer/match/aston-villa-vs-bolton/05-04-2008/1537083
2007/2008,2008-04-05T15:00:00,Blackburn,Tottenham,https://www.xscores.com/soccer/match/blackburn-vs-tottenham/05-04-2008/1537085
2007/2008,2008-04-05T15:00:00,Fulham,Sunderland,https://www.xscores.com/soccer/match/fulham-vs-sunderland/05-04-2008/1537087
2007/2008,2008-04-05T15:00:00,Manchester City,Chelsea,https://www.xscores.com/soccer/match/manchester-city-vs-chelsea/05-04-2008/1537088
2007/2008,2008-04-05T15:00:00,Newcastle,Reading,https://www.xscores.com/soccer/match/newcastle-vs-reading/05-04-2008/1537090
2007/2008,2008-04-05T15:00:00,Wigan,Birmingham,https://www.xscores.com/soccer/match/wigan-vs-birmingham/05-04-2008/1537092
2007/2008,2008-04-06T13:30:00,Middlesbrough,Manchester United,https://www.xscores.com/soccer/match/middlesbrough-vs-manchester-united/06-04-2008/1537089
2007/2008,2008-04-06T15:00:00,Everton,Derby,https://www.xscores.com/soccer/match/everton-vs-derby/06-04-2008/1537086
2007/2008,2008-04-08T19:45:00,West Ham,Portsmouth,https://www.xscores.com/soccer/match/west-ham-vs-portsmouth/08-04-2008/1537091
2007/2008,2008-04-12T15:00:00,Birmingham,Everton,https://www.xscores.com/soccer/match/birmingham-vs-everton/12-04-2008/1537093
2007/2008,2008-04-12T15:00:00,Bolton,West Ham,https://www.xscores.com/soccer/match/bolton-vs-west-ham/12-04-2008/1537094
2007/2008,2008-04-12T15:00:00,Derby,Aston Villa,https://www.xscores.com/soccer/match/derby-vs-aston-villa/12-04-2008/1537096
2007/2008,2008-04-12T15:00:00,Reading,Fulham,https://www.xscores.com/soccer/match/reading-vs-fulham/12-04-2008/1537103
2007/2008,2008-04-12T15:00:00,Sunderland,Manchester City,https://www.xscores.com/soccer/match/sunderland-vs-manchester-city/12-04-2008/1537105
2007/2008,2008-04-12T15:00:00,Tottenham,Middlesbrough,https://www.xscores.com/soccer/match/tottenham-vs-middlesbrough/12-04-2008/1537107
2007/2008,2008-04-12T17:15:00,Portsmouth,Newcastle,https://www.xscores.com/soccer/match/portsmouth-vs-newcastle/12-04-2008/1537101
2007/2008,2008-04-13T13:30:00,Liverpool,Blackburn,https://www.xscores.com/soccer/match/liverpool-vs-blackburn/13-04-2008/1537098
2007/2008,2008-04-13T16:00:00,Manchester United,Arsenal,https://www.xscores.com/soccer/match/manchester-united-vs-arsenal/13-04-2008/1537099
2007/2008,2008-04-14T20:00:00,Chelsea,Wigan,https://www.xscores.com/soccer/match/chelsea-vs-wigan/14-04-2008/1537095
2007/2008,2008-04-17T20:00:00,Everton,Chelsea,https://www.xscores.com/soccer/match/everton-vs-chelsea/17-04-2008/1537118
2007/2008,2008-04-19T12:45:00,Arsenal,Reading,https://www.xscores.com/soccer/match/arsenal-vs-reading/19-04-2008/1537112
2007/2008,2008-04-19T15:00:00,Fulham,Liverpool,https://www.xscores.com/soccer/match/fulham-vs-liverpool/19-04-2008/1537119
2007/2008,2008-04-19T15:00:00,Middlesbrough,Bolton,https://www.xscores.com/soccer/match/middlesbrough-vs-bolton/19-04-2008/1537121
2007/2008,2008-04-19T15:00:00,West Ham,Derby,https://www.xscores.com/soccer/match/west-ham-vs-derby/19-04-2008/1537123
2007/2008,2008-04-19T15:00:00,Wigan,Tottenham,https://www.xscores.com/soccer/match/wigan-vs-tottenham/19-04-2008/1537124
2007/2008,2008-04-19T17:15:00,Blackburn,Manchester United,https://www.xscores.com/soccer/match/blackburn-vs-manchester-united/19-04-2008/1537116
2007/2008,2008-04-20T12:00:00,Aston Villa,Birmingham,https://www.xscores.com/soccer/match/aston-villa-vs-birmingham/20-04-2008/1537114
2007/2008,2008-04-20T13:30:00,Newcastle,Sunderland,https://www.xscores.com/soccer/match/newcastle-vs-sunderland/20-04-2008/1537122
2007/2008,2008-04-20T16:00:00,Manchester City,Portsmouth,https://www.xscores.com/soccer/match/manchester-city-vs-portsmouth/20-04-2008/1537120
2007/2008,2008-04-26T12:45:00,Chelsea,Manchester United,https://www.xscores.com/soccer/match/chelsea-vs-manchester-united/26-04-2008/1537136
2007/2008,2008-04-26T15:00:00,Birmingham,Liverpool,https://www.xscores.com/soccer/match/birmingham-vs-liverpool/26-04-2008/1537127
2007/2008,2008-04-26T15:00:00,Manchester City,Fulham,https://www.xscores.com/soccer/match/manchester-city-vs-fulham/26-04-2008/1537141
2007/2008,2008-04-26T15:00:00,Sunderland,Middlesbrough,https://www.xscores.com/soccer/match/sunderland-vs-middlesbrough/26-04-2008/1537143
2007/2008,2008-04-26T15:00:00,Tottenham,Bolton,https://www.xscores.com/soccer/match/tottenham-vs-bolton/26-04-2008/1537144
2007/2008,2008-04-26T15:00:00,West Ham,Newcastle,https://www.xscores.com/soccer/match/west-ham-vs-newcastle/26-04-2008/1537145
2007/2008,2008-04-26T15:00:00,Wigan,Reading,https://www.xscores.com/soccer/match/wigan-vs-reading/26-04-2008/1537146
2007/2008,2008-04-27T13:30:00,Portsmouth,Blackburn,https://www.xscores.com/soccer/match/portsmouth-vs-blackburn/27-04-2008/1537142
2007/2008,2008-04-27T16:00:00,Everton,Aston Villa,https://www.xscores.com/soccer/match/everton-vs-aston-villa/27-04-2008/1537139
2007/2008,2008-04-28T20:00:00,Derby,Arsenal,https://www.xscores.com/soccer/match/derby-vs-arsenal/28-04-2008/1537138
2007/2008,2008-05-03T12:45:00,Manchester United,West Ham,https://www.xscores.com/soccer/match/manchester-united-vs-west-ham/03-05-2008/1537153
2007/2008,2008-05-03T15:00:00,Aston Villa,Wigan,https://www.xscores.com/soccer/match/aston-villa-vs-wigan/03-05-2008/1537148
2007/2008,2008-05-03T15:00:00,Blackburn,Derby,https://www.xscores.com/soccer/match/blackburn-vs-derby/03-05-2008/1537149
2007/2008,2008-05-03T15:00:00,Fulham,Birmingham,https://www.xscores.com/soccer/match/fulham-vs-birmingham/03-05-2008/1537151
2007/2008,2008-05-03T15:00:00,Middlesbrough,Portsmouth,https://www.xscores.com/soccer/match/middlesbrough-vs-portsmouth/03-05-2008/1537154
2007/2008,2008-05-03T15:00:00,Reading,Tottenham,https://www.xscores.com/soccer/match/reading-vs-tottenham/03-05-2008/1537156
2007/2008,2008-05-03T17:15:00,Bolton,Sunderland,https://www.xscores.com/soccer/match/bolton-vs-sunderland/03-05-2008/1537150
2007/2008,2008-05-04T13:30:00,Arsenal,Everton,https://www.xscores.com/soccer/match/arsenal-vs-everton/04-05-2008/1537147
2007/2008,2008-05-04T16:00:00,Liverpool,Manchester City,https://www.xscores.com/soccer/match/liverpool-vs-manchester-city/04-05-2008/1537152
2007/2008,2008-05-05T16:00:00,Newcastle,Chelsea,https://www.xscores.com/soccer/match/newcastle-vs-chelsea/05-05-2008/1537155
2007/2008,2008-05-11T15:00:00,Birmingham,Blackburn,https://www.xscores.com/soccer/match/birmingham-vs-blackburn/11-05-2008/1537157
2007/2008,2008-05-11T15:00:00,Chelsea,Bolton,https://www.xscores.com/soccer/match/chelsea-vs-bolton/11-05-2008/1537158
2007/2008,2008-05-11T15:00:00,Derby,Reading,https://www.xscores.com/soccer/match/derby-vs-reading/11-05-2008/1537159
2007/2008,2008-05-11T15:00:00,Everton,Newcastle,https://www.xscores.com/soccer/match/everton-vs-newcastle/11-05-2008/1539242
2007/2008,2008-05-11T15:00:00,Middlesbrough,Manchester City,https://www.xscores.com/soccer/match/middlesbrough-vs-manchester-city/11-05-2008/1539241
2007/2008,2008-05-11T15:00:00,Portsmouth,Fulham,https://www.xscores.com/soccer/match/portsmouth-vs-fulham/11-05-2008/1537160
2007/2008,2008-05-11T15:00:00,Sunderland,Arsenal,https://www.xscores.com/soccer/match/sunderland-vs-arsenal/11-05-2008/1537161
2007/2008,2008-05-11T15:00:00,Tottenham,Liverpool,https://www.xscores.com/soccer/match/tottenham-vs-liverpool/11-05-2008/1537163
2007/2008,2008-05-11T15:00:00,West Ham,Aston Villa,https://www.xscores.com/soccer/match/west-ham-vs-aston-villa/11-05-2008/1537165
2007/2008,2008-05-11T15:00:00,Wigan,Manchester United,https://www.xscores.com/soccer/match/wigan-vs-manchester-united/11-05-2008/1537167
