season,date,home_team,away_team,url
2021/2022,2021-08-13T20:00:00,Brentford,Arsenal,https://www.xscores.com/soccer/match/brentford-vs-arsenal/13-08-2021/319116
2021/2022,2021-08-14T12:30:00,Manchester United,Leeds,https://www.xscores.com/soccer/match/manchester-united-vs-leeds/14-08-2021/319121
2021/2022,2021-08-14T15:00:00,Burnley,Brighton,https://www.xscores.com/soccer/match/burnley-vs-brighton/14-08-2021/319117
2021/2022,2021-08-14T15:00:00,Chelsea,Crystal Palace,https://www.xscores.com/soccer/match/chelsea-vs-crystal-palace/14-08-2021/319118
2021/2022,2021-08-14T15:00:00,Everton,Southampton,https://www.xscores.com/soccer/match/everton-vs-southampton/14-08-2021/319119
2021/2022,2021-08-14T15:00:00,Leicester,Wolverhampton,https://www.xscores.com/soccer/match/leicester-vs-wolverhampton/14-08-2021/319120
2021/2022,2021-08-14T15:00:00,Watford,Aston Villa,https://www.xscores.com/soccer/match/watford-vs-aston-villa/14-08-2021/319125
2021/2022,2021-08-14T17:30:00,Norwich,Liverpool,https://www.xscores.com/soccer/match/norwich-vs-liverpool/14-08-2021/319123
2021/2022,2021-08-15T14:00:00,Newcastle,West Ham,https://www.xscores.com/soccer/match/newcastle-vs-west-ham/15-08-2021/319122
2021/2022,2021-08-15T16:30:00,Tottenham,Manchester City,https://www.xscores.com/soccer/match/tottenham-vs-manchester-city/15-08-2021/319124
2021/2022,2021-08-21T12:30:00,Liverpool,Burnley,https://www.xscores.com/soccer/match/liverpool-vs-burnley/21-08-2021/319131
2021/2022,2021-08-21T15:00:00,Aston Villa,Newcastle,https://www.xscores.com/soccer/match/aston-villa-vs-newcastle/21-08-2021/319127
2021/2022,2021-08-21T15:00:00,Crystal Palace,Brentford,https://www.xscores.com/soccer/match/crystal-palace-vs-brentford/21-08-2021/319129
2021/2022,2021-08-21T15:00:00,Leeds,Everton,https://www.xscores.com/soccer/match/leeds-vs-everton/21-08-2021/319130
2021/2022,2021-08-21T15:00:00,Manchester City,Norwich,https://www.xscores.com/soccer/match/manchester-city-vs-norwich/21-08-2021/319132
2021/2022,2021-08-21T17:30:00,Brighton,Watford,https://www.xscores.com/soccer/match/brighton-vs-watford/21-08-2021/319128
2021/2022,2021-08-22T14:00:00,Southampton,Manchester United,https://www.xscores.com/soccer/match/southampton-vs-manchester-united/22-08-2021/319133
2021/2022,2021-08-22T14:00:00,Wolverhampton,Tottenham,https://www.xscores.com/soccer/match/wolverhampton-vs-tottenham/22-08-2021/319135
2021/2022,2021-08-22T16:30:00,Arsenal,Chelsea,https://www.xscores.com/soccer/match/arsenal-vs-chelsea/22-08-2021/319126
2021/2022,2021-08-23T20:00:00,West Ham,Leicester,https://www.xscores.com/soccer/match/west-ham-vs-leicester/23-08-2021/319134
2021/2022,2021-08-28T12:30:00,Manchester City,Arsenal,https://www.xscores.com/soccer/match/manchester-city-vs-arsenal/28-08-2021/319140
2021/2022,2021-08-28T15:00:00,Aston Villa,Brentford,https://www.xscores.com/soccer/match/aston-villa-vs-brentford/28-08-2021/319136
2021/2022,2021-08-28T15:00:00,Brighton,Everton,https://www.xscores.com/soccer/match/brighton-vs-everton/28-08-2021/319137
2021/2022,2021-08-28T15:00:00,Newcastle,Southampton,https://www.xscores.com/soccer/match/newcastle-vs-southampton/28-08-2021/319141
2021/2022,2021-08-28T15:00:00,Norwich,Leicester,https://www.xscores.com/soccer/match/norwich-vs-leicester/28-08-2021/319142
2021/2022,2021-08-28T15:00:00,West Ham,Crystal Palace,https://www.xscores.com/soccer/match/west-ham-vs-crystal-palace/28-08-2021/319144
2021/2022,2021-08-28T17:30:00,Liverpool,Chelsea,https://www.xscores.com/soccer/match/liverpool-vs-chelsea/28-08-2021/319139
2021/2022,2021-08-29T14:00:00,Burnley,Leeds,https://www.xscores.com/soccer/match/burnley-vs-leeds/29-08-2021/319138
2021/2022,2021-08-29T14:00:00,Tottenham,Watford,https://www.xscores.com/soccer/match/tottenham-vs-watford/29-08-2021/319143
2021/2022,2021-08-29T16:30:00,Wolverhampton,Manchester United,https://www.xscores.com/soccer/match/wolverhampton-vs-manchester-united/29-08-2021/319145
2021/2022,2021-09-11T12:30:00,Crystal Palace,Tottenham,https://www.xscores.com/soccer/match/crystal-palace-vs-tottenham/11-09-2021/319149
2021/2022,2021-09-11T15:00:00,Arsenal,Norwich,https://www.xscores.com/soccer/match/arsenal-vs-norwich/11-09-2021/319146
2021/2022,2021-09-11T15:00:00,Brentford,Brighton,https://www.xscores.com/soccer/match/brentford-vs-brighton/11-09-2021/319147
2021/2022,2021-09-11T15:00:00,Leicester,Manchester City,https://www.xscores.com/soccer/match/leicester-vs-manchester-city/11-09-2021/319152
2021/2022,2021-09-11T15:00:00,Manchester United,Newcastle,https://www.xscores.com/soccer/match/manchester-united-vs-newcastle/11-09-2021/319153
2021/2022,2021-09-11T15:00:00,Southampton,West Ham,https://www.xscores.com/soccer/match/southampton-vs-west-ham/11-09-2021/319154
2021/2022,2021-09-11T15:00:00,Watford,Wolverhampton,https://www.xscores.com/soccer/match/watford-vs-wolverhampton/11-09-2021/319155
2021/2022,2021-09-11T17:30:00,Chelsea,Aston Villa,https://www.xscores.com/soccer/match/chelsea-vs-aston-villa/11-09-2021/319148
2021/2022,2021-09-12T16:30:00,Leeds,Liverpool,https://www.xscores.com/soccer/match/leeds-vs-liverpool/12-09-2021/319151
2021/2022,2021-09-13T20:00:00,Everton,Burnley,https://www.xscores.com/soccer/match/everton-vs-burnley/13-09-2021/319150
2021/2022,2021-09-17T20:00:00,Newcastle,Leeds,https://www.xscores.com/soccer/match/newcastle-vs-leeds/17-09-2021/319161
2021/2022,2021-09-18T12:30:00,Wolverhampton,Brentford,https://www.xscores.com/soccer/match/wolverhampton-vs-brentford/18-09-2021/319165
2021/2022,2021-09-18T15:00:00,Burnley,Arsenal,https://www.xscores.com/soccer/match/burnley-vs-arsenal/18-09-2021/319158
2021/2022,2021-09-18T15:00:00,Liverpool,Crystal Palace,https://www.xscores.com/soccer/match/liverpool-vs-crystal-palace/18-09-2021/319159
2021/2022,2021-09-18T15:00:00,Manchester City,Southampton,https://www.xscores.com/soccer/match/manchester-city-vs-southampton/18-09-2021/319160
2021/2022,2021-09-18T15:00:00,Norwich,Watford,https://www.xscores.com/soccer/match/norwich-vs-watford/18-09-2021/319162
2021/2022,2021-09-18T17:30:00,Aston Villa,Everton,https://www.xscores.com/soccer/match/aston-villa-vs-everton/18-09-2021/319156
2021/2022,2021-09-19T14:00:00,Brighton,Leicester,https://www.xscores.com/soccer/match/brighton-vs-leicester/19-09-2021/319157
2021/2022,2021-09-19T14:00:00,West Ham,Manchester United,https://www.xscores.com/soccer/match/west-ham-vs-manchester-united/19-09-2021/319164
2021/2022,2021-09-19T16:30:00,Tottenham,Chelsea,https://www.xscores.com/soccer/match/tottenham-vs-chelsea/19-09-2021/319163
2021/2022,2021-09-25T12:30:00,Chelsea,Manchester City,https://www.xscores.com/soccer/match/chelsea-vs-manchester-city/25-09-2021/319168
2021/2022,2021-09-25T12:30:00,Manchester United,Aston Villa,https://www.xscores.com/soccer/match/manchester-united-vs-aston-villa/25-09-2021/319173
2021/2022,2021-09-25T15:00:00,Everton,Norwich,https://www.xscores.com/soccer/match/everton-vs-norwich/25-09-2021/319170
2021/2022,2021-09-25T15:00:00,Leeds,West Ham,https://www.xscores.com/soccer/match/leeds-vs-west-ham/25-09-2021/319171
2021/2022,2021-09-25T15:00:00,Leicester,Burnley,https://www.xscores.com/soccer/match/leicester-vs-burnley/25-09-2021/319172
2021/2022,2021-09-25T15:00:00,Watford,Newcastle,https://www.xscores.com/soccer/match/watford-vs-newcastle/25-09-2021/319175
2021/2022,2021-09-25T17:30:00,Brentford,Liverpool,https://www.xscores.com/soccer/match/brentford-vs-liverpool/25-09-2021/319167
2021/2022,2021-09-26T14:00:00,Southampton,Wolverhampton,https://www.xscores.com/soccer/match/southampton-vs-wolverhampton/26-09-2021/319174
2021/2022,2021-09-26T16:30:00,Arsenal,Tottenham,https://www.xscores.com/soccer/match/arsenal-vs-tottenham/26-09-2021/319166
2021/2022,2021-09-27T20:00:00,Crystal Palace,Brighton,https://www.xscores.com/soccer/match/crystal-palace-vs-brighton/27-09-2021/319169
2021/2022,2021-10-02T12:30:00,Manchester United,Everton,https://www.xscores.com/soccer/match/manchester-united-vs-everton/02-10-2021/319182
2021/2022,2021-10-02T15:00:00,Burnley,Norwich,https://www.xscores.com/soccer/match/burnley-vs-norwich/02-10-2021/319177
2021/2022,2021-10-02T15:00:00,Chelsea,Southampton,https://www.xscores.com/soccer/match/chelsea-vs-southampton/02-10-2021/319178
2021/2022,2021-10-02T15:00:00,Leeds,Watford,https://www.xscores.com/soccer/match/leeds-vs-watford/02-10-2021/319180
2021/2022,2021-10-02T15:00:00,Wolverhampton,Newcastle,https://www.xscores.com/soccer/match/wolverhampton-vs-newcastle/02-10-2021/319185
2021/2022,2021-10-02T17:30:00,Brighton,Arsenal,https://www.xscores.com/soccer/match/brighton-vs-arsenal/02-10-2021/319176
2021/2022,2021-10-03T14:00:00,Crystal Palace,Leicester,https://www.xscores.com/soccer/match/crystal-palace-vs-leicester/03-10-2021/319179
2021/2022,2021-10-03T14:00:00,Tottenham,Aston Villa,https://www.xscores.com/soccer/match/tottenham-vs-aston-villa/03-10-2021/319183
2021/2022,2021-10-03T14:00:00,West Ham,Brentford,https://www.xscores.com/soccer/match/west-ham-vs-brentford/03-10-2021/319184
2021/2022,2021-10-03T16:30:00,Liverpool,Manchester City,https://www.xscores.com/soccer/match/liverpool-vs-manchester-city/03-10-2021/319181
2021/2022,2021-10-16T12:30:00,Watford,Liverpool,https://www.xscores.com/soccer/match/watford-vs-liverpool/16-10-2021/319195
2021/2022,2021-10-16T15:00:00,Aston Villa,Wolverhampton,https://www.xscores.com/soccer/match/aston-villa-vs-wolverhampton/16-10-2021/319187
2021/2022,2021-10-16T15:00:00,Leicester,Manchester United,https://www.xscores.com/soccer/match/leicester-vs-manchester-united/16-10-2021/319190
2021/2022,2021-10-16T15:00:00,Manchester City,Burnley,https://www.xscores.com/soccer/match/manchester-city-vs-burnley/16-10-2021/319191
2021/2022,2021-10-16T15:00:00,Norwich,Brighton,https://www.xscores.com/soccer/match/norwich-vs-brighton/16-10-2021/319193
2021/2022,2021-10-16T15:00:00,Southampton,Leeds,https://www.xscores.com/soccer/match/southampton-vs-leeds/16-10-2021/319194
2021/2022,2021-10-16T17:30:00,Brentford,Chelsea,https://www.xscores.com/soccer/match/brentford-vs-chelsea/16-10-2021/319188
2021/2022,2021-10-17T14:00:00,Everton,West Ham,https://www.xscores.com/soccer/match/everton-vs-west-ham/17-10-2021/319189
2021/2022,2021-10-17T16:30:00,Newcastle,Tottenham,https://www.xscores.com/soccer/match/newcastle-vs-tottenham/17-10-2021/319192
2021/2022,2021-10-18T20:00:00,Arsenal,Crystal Palace,https://www.xscores.com/soccer/match/arsenal-vs-crystal-palace/18-10-2021/319186
2021/2022,2021-10-22T20:00:00,Arsenal,Aston Villa,https://www.xscores.com/soccer/match/arsenal-vs-aston-villa/22-10-2021/319196
2021/2022,2021-10-23T12:30:00,Chelsea,Norwich,https://www.xscores.com/soccer/match/chelsea-vs-norwich/23-10-2021/319199
2021/2022,2021-10-23T15:00:00,Crystal Palace,Newcastle,https://www.xscores.com/soccer/match/crystal-palace-vs-newcastle/23-10-2021/319200
2021/2022,2021-10-23T15:00:00,Everton,Watford,https://www.xscores.com/soccer/match/everton-vs-watford/23-10-2021/319201
2021/2022,2021-10-23T15:00:00,Leeds,Wolverhampton,https://www.xscores.com/soccer/match/leeds-vs-wolverhampton/23-10-2021/319202
2021/2022,2021-10-23T15:00:00,Southampton,Burnley,https://www.xscores.com/soccer/match/southampton-vs-burnley/23-10-2021/319204
2021/2022,2021-10-23T17:30:00,Brighton,Manchester City,https://www.xscores.com/soccer/match/brighton-vs-manchester-city/23-10-2021/319198
2021/2022,2021-10-24T14:00:00,Brentford,Leicester,https://www.xscores.com/soccer/match/brentford-vs-leicester/24-10-2021/319197
2021/2022,2021-10-24T14:00:00,West Ham,Tottenham,https://www.xscores.com/soccer/match/west-ham-vs-tottenham/24-10-2021/319205
2021/2022,2021-10-24T16:30:00,Manchester United,Liverpool,https://www.xscores.com/soccer/match/manchester-united-vs-liverpool/24-10-2021/319203
2021/2022,2021-10-30T12:30:00,Leicester,Arsenal,https://www.xscores.com/soccer/match/leicester-vs-arsenal/30-10-2021/319208
2021/2022,2021-10-30T15:00:00,Burnley,Brentford,https://www.xscores.com/soccer/match/burnley-vs-brentford/30-10-2021/319207
2021/2022,2021-10-30T15:00:00,Liverpool,Brighton,https://www.xscores.com/soccer/match/liverpool-vs-brighton/30-10-2021/319209
2021/2022,2021-10-30T15:00:00,Manchester City,Crystal Palace,https://www.xscores.com/soccer/match/manchester-city-vs-crystal-palace/30-10-2021/319210
2021/2022,2021-10-30T15:00:00,Newcastle,Chelsea,https://www.xscores.com/soccer/match/newcastle-vs-chelsea/30-10-2021/319211
2021/2022,2021-10-30T15:00:00,Watford,Southampton,https://www.xscores.com/soccer/match/watford-vs-southampton/30-10-2021/319214
2021/2022,2021-10-30T17:30:00,Tottenham,Manchester United,https://www.xscores.com/soccer/match/tottenham-vs-manchester-united/30-10-2021/319213
2021/2022,2021-10-31T14:00:00,Norwich,Leeds,https://www.xscores.com/soccer/match/norwich-vs-leeds/31-10-2021/319212
2021/2022,2021-10-31T16:30:00,Aston Villa,West Ham,https://www.xscores.com/soccer/match/aston-villa-vs-west-ham/31-10-2021/319206
2021/2022,2021-11-01T20:00:00,Wolverhampton,Everton,https://www.xscores.com/soccer/match/wolverhampton-vs-everton/01-11-2021/319215
2021/2022,2021-11-05T20:00:00,Southampton,Aston Villa,https://www.xscores.com/soccer/match/southampton-vs-aston-villa/05-11-2021/319224
2021/2022,2021-11-06T12:30:00,Manchester United,Manchester City,https://www.xscores.com/soccer/match/manchester-united-vs-manchester-city/06-11-2021/319223
2021/2022,2021-11-06T15:00:00,Brentford,Norwich,https://www.xscores.com/soccer/match/brentford-vs-norwich/06-11-2021/319217
2021/2022,2021-11-06T15:00:00,Chelsea,Burnley,https://www.xscores.com/soccer/match/chelsea-vs-burnley/06-11-2021/319219
2021/2022,2021-11-06T15:00:00,Crystal Palace,Wolverhampton,https://www.xscores.com/soccer/match/crystal-palace-vs-wolverhampton/06-11-2021/319220
2021/2022,2021-11-06T17:30:00,Brighton,Newcastle,https://www.xscores.com/soccer/match/brighton-vs-newcastle/06-11-2021/319218
2021/2022,2021-11-07T14:00:00,Arsenal,Watford,https://www.xscores.com/soccer/match/arsenal-vs-watford/07-11-2021/319216
2021/2022,2021-11-07T14:00:00,Everton,Tottenham,https://www.xscores.com/soccer/match/everton-vs-tottenham/07-11-2021/319221
2021/2022,2021-11-07T14:00:00,Leeds,Leicester,https://www.xscores.com/soccer/match/leeds-vs-leicester/07-11-2021/319222
2021/2022,2021-11-07T16:30:00,West Ham,Liverpool,https://www.xscores.com/soccer/match/west-ham-vs-liverpool/07-11-2021/319225
2021/2022,2021-11-20T12:30:00,Leicester,Chelsea,https://www.xscores.com/soccer/match/leicester-vs-chelsea/20-11-2021/319228
2021/2022,2021-11-20T15:00:00,Aston Villa,Brighton,https://www.xscores.com/soccer/match/aston-villa-vs-brighton/20-11-2021/319226
2021/2022,2021-11-20T15:00:00,Burnley,Crystal Palace,https://www.xscores.com/soccer/match/burnley-vs-crystal-palace/20-11-2021/319227
2021/2022,2021-11-20T15:00:00,Newcastle,Brentford,https://www.xscores.com/soccer/match/newcastle-vs-brentford/20-11-2021/319231
2021/2022,2021-11-20T15:00:00,Norwich,Southampton,https://www.xscores.com/soccer/match/norwich-vs-southampton/20-11-2021/319232
2021/2022,2021-11-20T15:00:00,Watford,Manchester United,https://www.xscores.com/soccer/match/watford-vs-manchester-united/20-11-2021/319234
2021/2022,2021-11-20T15:00:00,Wolverhampton,West Ham,https://www.xscores.com/soccer/match/wolverhampton-vs-west-ham/20-11-2021/319235
2021/2022,2021-11-20T17:30:00,Liverpool,Arsenal,https://www.xscores.com/soccer/match/liverpool-vs-arsenal/20-11-2021/319229
2021/2022,2021-11-21T14:00:00,Manchester City,Everton,https://www.xscores.com/soccer/match/manchester-city-vs-everton/21-11-2021/319230
2021/2022,2021-11-21T16:30:00,Tottenham,Leeds,https://www.xscores.com/soccer/match/tottenham-vs-leeds/21-11-2021/319233
2021/2022,2021-11-27T12:30:00,Arsenal,Newcastle,https://www.xscores.com/soccer/match/arsenal-vs-newcastle/27-11-2021/319236
2021/2022,2021-11-27T15:00:00,Crystal Palace,Aston Villa,https://www.xscores.com/soccer/match/crystal-palace-vs-aston-villa/27-11-2021/319241
2021/2022,2021-11-27T15:00:00,Liverpool,Southampton,https://www.xscores.com/soccer/match/liverpool-vs-southampton/27-11-2021/319243
2021/2022,2021-11-27T15:00:00,Norwich,Wolverhampton,https://www.xscores.com/soccer/match/norwich-vs-wolverhampton/27-11-2021/319245
2021/2022,2021-11-27T17:30:00,Brighton,Leeds,https://www.xscores.com/soccer/match/brighton-vs-leeds/27-11-2021/319238
2021/2022,2021-11-28T14:00:00,Brentford,Everton,https://www.xscores.com/soccer/match/brentford-vs-everton/28-11-2021/319237
2021/2022,2021-11-28T14:00:00,Leicester,Watford,https://www.xscores.com/soccer/match/leicester-vs-watford/28-11-2021/319242
2021/2022,2021-11-28T14:00:00,Manchester City,West Ham,https://www.xscores.com/soccer/match/manchester-city-vs-west-ham/28-11-2021/319244
2021/2022,2021-11-28T16:30:00,Chelsea,Manchester United,https://www.xscores.com/soccer/match/chelsea-vs-manchester-united/28-11-2021/319240
2021/2022,2022-02-23T19:30:00,Burnley,Tottenham,https://www.xscores.com/soccer/match/burnley-vs-tottenham/23-02-2022/319239
2021/2022,2021-11-30T19:30:00,Newcastle,Norwich,https://www.xscores.com/soccer/match/newcastle-vs-norwich/30-11-2021/319253
2021/2022,2021-11-30T20:15:00,Leeds,Crystal Palace,https://www.xscores.com/soccer/match/leeds-vs-crystal-palace/30-11-2021/319248
2021/2022,2021-12-01T19:30:00,Southampton,Leicester,https://www.xscores.com/soccer/match/southampton-vs-leicester/01-12-2021/319254
2021/2022,2021-12-01T19:30:00,Watford,Chelsea,https://www.xscores.com/soccer/match/watford-vs-chelsea/01-12-2021/319249
2021/2022,2021-12-01T19:30:00,West Ham,Brighton,https://www.xscores.com/soccer/match/west-ham-vs-brighton/01-12-2021/319250
2021/2022,2021-12-01T19:30:00,Wolverhampton,Burnley,https://www.xscores.com/soccer/match/wolverhampton-vs-burnley/01-12-2021/319251
2021/2022,2021-12-01T20:15:00,Aston Villa,Manchester City,https://www.xscores.com/soccer/match/aston-villa-vs-manchester-city/01-12-2021/319246
2021/2022,2021-12-01T20:15:00,Everton,Liverpool,https://www.xscores.com/soccer/match/everton-vs-liverpool/01-12-2021/319247
2021/2022,2021-12-02T19:30:00,Tottenham,Brentford,https://www.xscores.com/soccer/match/tottenham-vs-brentford/02-12-2021/319255
2021/2022,2021-12-02T20:15:00,Manchester United,Arsenal,https://www.xscores.com/soccer/match/manchester-united-vs-arsenal/02-12-2021/319252
2021/2022,2021-12-04T12:30:00,West Ham,Chelsea,https://www.xscores.com/soccer/match/west-ham-vs-chelsea/04-12-2021/319264
2021/2022,2021-12-04T15:00:00,Newcastle,Burnley,https://www.xscores.com/soccer/match/newcastle-vs-burnley/04-12-2021/319260
2021/2022,2021-12-04T15:00:00,Southampton,Brighton,https://www.xscores.com/soccer/match/southampton-vs-brighton/04-12-2021/319261
2021/2022,2021-12-04T15:00:00,Wolverhampton,Liverpool,https://www.xscores.com/soccer/match/wolverhampton-vs-liverpool/04-12-2021/319265
2021/2022,2021-12-04T17:30:00,Watford,Manchester City,https://www.xscores.com/soccer/match/watford-vs-manchester-city/04-12-2021/319263
2021/2022,2021-12-05T14:00:00,Leeds,Brentford,https://www.xscores.com/soccer/match/leeds-vs-brentford/05-12-2021/319258
2021/2022,2021-12-05T14:00:00,Manchester United,Crystal Palace,https://www.xscores.com/soccer/match/manchester-united-vs-crystal-palace/05-12-2021/319259
2021/2022,2021-12-05T14:00:00,Tottenham,Norwich,https://www.xscores.com/soccer/match/tottenham-vs-norwich/05-12-2021/319262
2021/2022,2021-12-05T16:30:00,Aston Villa,Leicester,https://www.xscores.com/soccer/match/aston-villa-vs-leicester/05-12-2021/319256
2021/2022,2021-12-06T20:00:00,Everton,Arsenal,https://www.xscores.com/soccer/match/everton-vs-arsenal/06-12-2021/319257
2021/2022,2021-12-10T20:00:00,Brentford,Watford,https://www.xscores.com/soccer/match/brentford-vs-watford/10-12-2021/319268
2021/2022,2021-12-11T12:30:00,Manchester City,Wolverhampton,https://www.xscores.com/soccer/match/manchester-city-vs-wolverhampton/11-12-2021/319275
2021/2022,2021-12-11T15:00:00,Arsenal,Southampton,https://www.xscores.com/soccer/match/arsenal-vs-southampton/11-12-2021/319267
2021/2022,2021-12-11T15:00:00,Chelsea,Leeds,https://www.xscores.com/soccer/match/chelsea-vs-leeds/11-12-2021/319271
2021/2022,2021-12-11T15:00:00,Liverpool,Aston Villa,https://www.xscores.com/soccer/match/liverpool-vs-aston-villa/11-12-2021/319274
2021/2022,2021-12-11T17:30:00,Norwich,Manchester United,https://www.xscores.com/soccer/match/norwich-vs-manchester-united/11-12-2021/319276
2021/2022,2021-12-12T14:00:00,Burnley,West Ham,https://www.xscores.com/soccer/match/burnley-vs-west-ham/12-12-2021/319270
2021/2022,2021-12-12T14:00:00,Leicester,Newcastle,https://www.xscores.com/soccer/match/leicester-vs-newcastle/12-12-2021/319273
2021/2022,2021-12-12T16:30:00,Crystal Palace,Everton,https://www.xscores.com/soccer/match/crystal-palace-vs-everton/12-12-2021/319272
2021/2022,2022-03-16T19:30:00,Brighton,Tottenham,https://www.xscores.com/soccer/match/brighton-vs-tottenham/16-03-2022/319269
2021/2022,2021-12-14T19:45:00,Norwich,Aston Villa,https://www.xscores.com/soccer/match/norwich-vs-aston-villa/14-12-2021/319282
2021/2022,2021-12-14T20:00:00,Manchester City,Leeds,https://www.xscores.com/soccer/match/manchester-city-vs-leeds/14-12-2021/319286
2021/2022,2021-12-15T19:30:00,Brighton,Wolverhampton,https://www.xscores.com/soccer/match/brighton-vs-wolverhampton/15-12-2021/319279
2021/2022,2021-12-15T19:30:00,Crystal Palace,Southampton,https://www.xscores.com/soccer/match/crystal-palace-vs-southampton/15-12-2021/319283
2021/2022,2021-12-15T20:00:00,Arsenal,West Ham,https://www.xscores.com/soccer/match/arsenal-vs-west-ham/15-12-2021/319277
2021/2022,2021-12-16T19:45:00,Chelsea,Everton,https://www.xscores.com/soccer/match/chelsea-vs-everton/16-12-2021/319284
2021/2022,2021-12-16T20:00:00,Liverpool,Newcastle,https://www.xscores.com/soccer/match/liverpool-vs-newcastle/16-12-2021/319285
2021/2022,2022-01-19T19:30:00,Leicester,Tottenham,https://www.xscores.com/soccer/match/leicester-vs-tottenham/19-01-2022/319281
2021/2022,2022-01-19T20:00:00,Brentford,Manchester United,https://www.xscores.com/soccer/match/brentford-vs-manchester-united/19-01-2022/319278
2021/2022,2022-02-05T18:00:00,Burnley,Watford,https://www.xscores.com/soccer/match/burnley-vs-watford/05-02-2022/319280
2021/2022,2021-12-18T17:30:00,Leeds,Arsenal,https://www.xscores.com/soccer/match/leeds-vs-arsenal/18-12-2021/319289
2021/2022,2021-12-19T14:00:00,Newcastle,Manchester City,https://www.xscores.com/soccer/match/newcastle-vs-manchester-city/19-12-2021/319291
2021/2022,2021-12-19T14:00:00,Wolverhampton,Chelsea,https://www.xscores.com/soccer/match/wolverhampton-vs-chelsea/19-12-2021/319296
2021/2022,2021-12-19T16:30:00,Tottenham,Liverpool,https://www.xscores.com/soccer/match/tottenham-vs-liverpool/19-12-2021/319293
2021/2022,2022-01-11T19:45:00,Southampton,Brentford,https://www.xscores.com/soccer/match/southampton-vs-brentford/11-01-2022/319292
2021/2022,2022-01-12T19:45:00,West Ham,Norwich,https://www.xscores.com/soccer/match/west-ham-vs-norwich/12-01-2022/319295
2021/2022,2022-02-15T20:15:00,Manchester United,Brighton,https://www.xscores.com/soccer/match/manchester-united-vs-brighton/15-02-2022/319290
2021/2022,2022-02-23T19:30:00,Watford,Crystal Palace,https://www.xscores.com/soccer/match/watford-vs-crystal-palace/23-02-2022/319294
2021/2022,2022-04-20T19:45:00,Everton,Leicester,https://www.xscores.com/soccer/match/everton-vs-leicester/20-04-2022/319288
2021/2022,2022-05-19T20:00:00,Aston Villa,Burnley,https://www.xscores.com/soccer/match/aston-villa-vs-burnley/19-05-2022/319287
2021/2022,2021-12-26T15:00:00,Manchester City,Leicester,https://www.xscores.com/soccer/match/manchester-city-vs-leicester/26-12-2021/319301
2021/2022,2021-12-26T15:00:00,Norwich,Arsenal,https://www.xscores.com/soccer/match/norwich-vs-arsenal/26-12-2021/319303
2021/2022,2021-12-26T15:00:00,Tottenham,Crystal Palace,https://www.xscores.com/soccer/match/tottenham-vs-crystal-palace/26-12-2021/319304
2021/2022,2021-12-26T15:00:00,West Ham,Southampton,https://www.xscores.com/soccer/match/west-ham-vs-southampton/26-12-2021/319305
2021/2022,2021-12-26T17:30:00,Aston Villa,Chelsea,https://www.xscores.com/soccer/match/aston-villa-vs-chelsea/26-12-2021/319297
2021/2022,2021-12-26T20:00:00,Brighton,Brentford,https://www.xscores.com/soccer/match/brighton-vs-brentford/26-12-2021/319298
2021/2022,2021-12-27T20:00:00,Newcastle,Manchester United,https://www.xscores.com/soccer/match/newcastle-vs-manchester-united/27-12-2021/319302
2021/2022,2022-02-23T19:45:00,Liverpool,Leeds,https://www.xscores.com/soccer/match/liverpool-vs-leeds/23-02-2022/319300
2021/2022,2022-03-10T19:30:00,Wolverhampton,Watford,https://www.xscores.com/soccer/match/wolverhampton-vs-watford/10-03-2022/319306
2021/2022,2022-04-06T19:30:00,Burnley,Everton,https://www.xscores.com/soccer/match/burnley-vs-everton/06-04-2022/319299
2021/2022,2021-12-28T15:00:00,Crystal Palace,Norwich,https://www.xscores.com/soccer/match/crystal-palace-vs-norwich/28-12-2021/319311
2021/2022,2021-12-28T15:00:00,Southampton,Tottenham,https://www.xscores.com/soccer/match/southampton-vs-tottenham/28-12-2021/319316
2021/2022,2021-12-28T15:00:00,Watford,West Ham,https://www.xscores.com/soccer/match/watford-vs-west-ham/28-12-2021/319310
2021/2022,2021-12-28T20:00:00,Leicester,Liverpool,https://www.xscores.com/soccer/match/leicester-vs-liverpool/28-12-2021/319314
2021/2022,2021-12-29T19:30:00,Chelsea,Brighton,https://www.xscores.com/soccer/match/chelsea-vs-brighton/29-12-2021/319309
2021/2022,2021-12-29T20:15:00,Brentford,Manchester City,https://www.xscores.com/soccer/match/brentford-vs-manchester-city/29-12-2021/319308
2021/2022,2021-12-30T20:15:00,Manchester United,Burnley,https://www.xscores.com/soccer/match/manchester-united-vs-burnley/30-12-2021/319315
2021/2022,2022-02-24T19:45:00,Arsenal,Wolverhampton,https://www.xscores.com/soccer/match/arsenal-vs-wolverhampton/24-02-2022/319307
2021/2022,2022-03-10T19:45:00,Leeds,Aston Villa,https://www.xscores.com/soccer/match/leeds-vs-aston-villa/10-03-2022/319313
2021/2022,2022-03-17T19:45:00,Everton,Newcastle,https://www.xscores.com/soccer/match/everton-vs-newcastle/17-03-2022/319312
2021/2022,2022-01-01T12:30:00,Arsenal,Manchester City,https://www.xscores.com/soccer/match/arsenal-vs-manchester-city/01-01-2022/319317
2021/2022,2022-01-01T15:00:00,Watford,Tottenham,https://www.xscores.com/soccer/match/watford-vs-tottenham/01-01-2022/319326
2021/2022,2022-01-01T17:30:00,Crystal Palace,West Ham,https://www.xscores.com/soccer/match/crystal-palace-vs-west-ham/01-01-2022/319320
2021/2022,2022-01-02T14:00:00,Brentford,Aston Villa,https://www.xscores.com/soccer/match/brentford-vs-aston-villa/02-01-2022/319318
2021/2022,2022-01-02T14:00:00,Everton,Brighton,https://www.xscores.com/soccer/match/everton-vs-brighton/02-01-2022/319321
2021/2022,2022-01-02T14:00:00,Leeds,Burnley,https://www.xscores.com/soccer/match/leeds-vs-burnley/02-01-2022/319322
2021/2022,2022-01-02T16:30:00,Chelsea,Liverpool,https://www.xscores.com/soccer/match/chelsea-vs-liverpool/02-01-2022/319319
2021/2022,2022-01-03T17:30:00,Manchester United,Wolverhampton,https://www.xscores.com/soccer/match/manchester-united-vs-wolverhampton/03-01-2022/319324
2021/2022,2022-03-10T19:30:00,Southampton,Newcastle,https://www.xscores.com/soccer/match/southampton-vs-newcastle/10-03-2022/319325
2021/2022,2022-05-11T19:45:00,Leicester,Norwich,https://www.xscores.com/soccer/match/leicester-vs-norwich/11-05-2022/319323
2021/2022,2022-01-14T20:00:00,Brighton,Crystal Palace,https://www.xscores.com/soccer/match/brighton-vs-crystal-palace/14-01-2022/319328
2021/2022,2022-01-15T12:30:00,Manchester City,Chelsea,https://www.xscores.com/soccer/match/manchester-city-vs-chelsea/15-01-2022/319331
2021/2022,2022-01-15T15:00:00,Newcastle,Watford,https://www.xscores.com/soccer/match/newcastle-vs-watford/15-01-2022/319332
2021/2022,2022-01-15T15:00:00,Norwich,Everton,https://www.xscores.com/soccer/match/norwich-vs-everton/15-01-2022/319333
2021/2022,2022-01-15T15:00:00,Wolverhampton,Southampton,https://www.xscores.com/soccer/match/wolverhampton-vs-southampton/15-01-2022/319336
2021/2022,2022-01-15T17:30:00,Aston Villa,Manchester United,https://www.xscores.com/soccer/match/aston-villa-vs-manchester-united/15-01-2022/319327
2021/2022,2022-01-16T14:00:00,Liverpool,Brentford,https://www.xscores.com/soccer/match/liverpool-vs-brentford/16-01-2022/319330
2021/2022,2022-01-16T14:00:00,West Ham,Leeds,https://www.xscores.com/soccer/match/west-ham-vs-leeds/16-01-2022/319335
2021/2022,2022-03-01T19:45:00,Burnley,Leicester,https://www.xscores.com/soccer/match/burnley-vs-leicester/01-03-2022/319329
2021/2022,2022-05-12T19:45:00,Tottenham,Arsenal,https://www.xscores.com/soccer/match/tottenham-vs-arsenal/12-05-2022/319334
2021/2022,2022-01-21T20:00:00,Watford,Norwich,https://www.xscores.com/soccer/match/watford-vs-norwich/21-01-2022/319346
2021/2022,2022-01-22T12:30:00,Everton,Aston Villa,https://www.xscores.com/soccer/match/everton-vs-aston-villa/22-01-2022/319341
2021/2022,2022-01-22T15:00:00,Brentford,Wolverhampton,https://www.xscores.com/soccer/match/brentford-vs-wolverhampton/22-01-2022/319338
2021/2022,2022-01-22T15:00:00,Leeds,Newcastle,https://www.xscores.com/soccer/match/leeds-vs-newcastle/22-01-2022/319342
2021/2022,2022-01-22T15:00:00,Manchester United,West Ham,https://www.xscores.com/soccer/match/manchester-united-vs-west-ham/22-01-2022/319344
2021/2022,2022-01-22T17:30:00,Southampton,Manchester City,https://www.xscores.com/soccer/match/southampton-vs-manchester-city/22-01-2022/319345
2021/2022,2022-01-23T14:00:00,Arsenal,Burnley,https://www.xscores.com/soccer/match/arsenal-vs-burnley/23-01-2022/319337
2021/2022,2022-01-23T14:00:00,Crystal Palace,Liverpool,https://www.xscores.com/soccer/match/crystal-palace-vs-liverpool/23-01-2022/319340
2021/2022,2022-01-23T14:00:00,Leicester,Brighton,https://www.xscores.com/soccer/match/leicester-vs-brighton/23-01-2022/319343
2021/2022,2022-01-23T16:30:00,Chelsea,Tottenham,https://www.xscores.com/soccer/match/chelsea-vs-tottenham/23-01-2022/319339
2021/2022,2022-01-18T20:00:00,Brighton,Chelsea,https://www.xscores.com/soccer/match/brighton-vs-chelsea/18-01-2022/319348
2021/2022,2022-02-08T19:45:00,Newcastle,Everton,https://www.xscores.com/soccer/match/newcastle-vs-everton/08-02-2022/319353
2021/2022,2022-02-08T19:45:00,West Ham,Watford,https://www.xscores.com/soccer/match/west-ham-vs-watford/08-02-2022/319351
2021/2022,2022-02-08T20:00:00,Burnley,Manchester United,https://www.xscores.com/soccer/match/burnley-vs-manchester-united/08-02-2022/319349
2021/2022,2022-02-09T19:45:00,Manchester City,Brentford,https://www.xscores.com/soccer/match/manchester-city-vs-brentford/09-02-2022/319356
2021/2022,2022-02-09T19:45:00,Norwich,Crystal Palace,https://www.xscores.com/soccer/match/norwich-vs-crystal-palace/09-02-2022/319350
2021/2022,2022-02-09T19:45:00,Tottenham,Southampton,https://www.xscores.com/soccer/match/tottenham-vs-southampton/09-02-2022/319354
2021/2022,2022-02-09T20:00:00,Aston Villa,Leeds,https://www.xscores.com/soccer/match/aston-villa-vs-leeds/09-02-2022/319347
2021/2022,2022-02-10T19:45:00,Liverpool,Leicester,https://www.xscores.com/soccer/match/liverpool-vs-leicester/10-02-2022/319355
2021/2022,2022-02-10T19:45:00,Wolverhampton,Arsenal,https://www.xscores.com/soccer/match/wolverhampton-vs-arsenal/10-02-2022/319352
2021/2022,2022-02-12T12:30:00,Manchester United,Southampton,https://www.xscores.com/soccer/match/manchester-united-vs-southampton/12-02-2022/319362
2021/2022,2022-02-12T15:00:00,Brentford,Crystal Palace,https://www.xscores.com/soccer/match/brentford-vs-crystal-palace/12-02-2022/319357
2021/2022,2022-02-12T15:00:00,Everton,Leeds,https://www.xscores.com/soccer/match/everton-vs-leeds/12-02-2022/319360
2021/2022,2022-02-12T15:00:00,Watford,Brighton,https://www.xscores.com/soccer/match/watford-vs-brighton/12-02-2022/319366
2021/2022,2022-02-12T17:30:00,Norwich,Manchester City,https://www.xscores.com/soccer/match/norwich-vs-manchester-city/12-02-2022/319364
2021/2022,2022-02-13T14:00:00,Burnley,Liverpool,https://www.xscores.com/soccer/match/burnley-vs-liverpool/13-02-2022/319358
2021/2022,2022-02-13T14:00:00,Newcastle,Aston Villa,https://www.xscores.com/soccer/match/newcastle-vs-aston-villa/13-02-2022/319363
2021/2022,2022-02-13T14:00:00,Tottenham,Wolverhampton,https://www.xscores.com/soccer/match/tottenham-vs-wolverhampton/13-02-2022/319365
2021/2022,2022-02-13T16:30:00,Leicester,West Ham,https://www.xscores.com/soccer/match/leicester-vs-west-ham/13-02-2022/319361
2021/2022,2022-04-20T19:45:00,Chelsea,Arsenal,https://www.xscores.com/soccer/match/chelsea-vs-arsenal/20-04-2022/319359
2021/2022,2022-02-19T12:30:00,West Ham,Newcastle,https://www.xscores.com/soccer/match/west-ham-vs-newcastle/19-02-2022/319375
2021/2022,2022-02-19T15:00:00,Arsenal,Brentford,https://www.xscores.com/soccer/match/arsenal-vs-brentford/19-02-2022/319367
2021/2022,2022-02-19T15:00:00,Aston Villa,Watford,https://www.xscores.com/soccer/match/aston-villa-vs-watford/19-02-2022/319368
2021/2022,2022-02-19T15:00:00,Brighton,Burnley,https://www.xscores.com/soccer/match/brighton-vs-burnley/19-02-2022/319369
2021/2022,2022-02-19T15:00:00,Crystal Palace,Chelsea,https://www.xscores.com/soccer/match/crystal-palace-vs-chelsea/19-02-2022/319370
2021/2022,2022-02-19T15:00:00,Liverpool,Norwich,https://www.xscores.com/soccer/match/liverpool-vs-norwich/19-02-2022/319372
2021/2022,2022-02-19T15:00:00,Southampton,Everton,https://www.xscores.com/soccer/match/southampton-vs-everton/19-02-2022/319374
2021/2022,2022-02-19T17:30:00,Manchester City,Tottenham,https://www.xscores.com/soccer/match/manchester-city-vs-tottenham/19-02-2022/319373
2021/2022,2022-02-20T14:00:00,Leeds,Manchester United,https://www.xscores.com/soccer/match/leeds-vs-manchester-united/20-02-2022/319371
2021/2022,2022-02-20T16:30:00,Wolverhampton,Leicester,https://www.xscores.com/soccer/match/wolverhampton-vs-leicester/20-02-2022/319376
2021/2022,2022-02-25T20:00:00,Southampton,Norwich,https://www.xscores.com/soccer/match/southampton-vs-norwich/25-02-2022/319385
2021/2022,2022-02-26T12:30:00,Leeds,Tottenham,https://www.xscores.com/soccer/match/leeds-vs-tottenham/26-02-2022/319383
2021/2022,2022-02-26T15:00:00,Brentford,Newcastle,https://www.xscores.com/soccer/match/brentford-vs-newcastle/26-02-2022/319378
2021/2022,2022-02-26T15:00:00,Crystal Palace,Burnley,https://www.xscores.com/soccer/match/crystal-palace-vs-burnley/26-02-2022/319381
2021/2022,2022-02-26T15:00:00,Manchester United,Watford,https://www.xscores.com/soccer/match/manchester-united-vs-watford/26-02-2022/319384
2021/2022,2022-02-26T15:30:00,Brighton,Aston Villa,https://www.xscores.com/soccer/match/brighton-vs-aston-villa/26-02-2022/319379
2021/2022,2022-02-26T17:30:00,Everton,Manchester City,https://www.xscores.com/soccer/match/everton-vs-manchester-city/26-02-2022/319382
2021/2022,2022-02-27T14:00:00,West Ham,Wolverhampton,https://www.xscores.com/soccer/match/west-ham-vs-wolverhampton/27-02-2022/319386
2021/2022,2022-03-16T20:15:00,Arsenal,Liverpool,https://www.xscores.com/soccer/match/arsenal-vs-liverpool/16-03-2022/319377
2021/2022,2022-05-19T20:00:00,Chelsea,Leicester,https://www.xscores.com/soccer/match/chelsea-vs-leicester/19-05-2022/319380
2021/2022,2022-03-05T12:30:00,Leicester,Leeds,https://www.xscores.com/soccer/match/leicester-vs-leeds/05-03-2022/319389
2021/2022,2022-03-05T15:00:00,Aston Villa,Southampton,https://www.xscores.com/soccer/match/aston-villa-vs-southampton/05-03-2022/319387
2021/2022,2022-03-05T15:00:00,Burnley,Chelsea,https://www.xscores.com/soccer/match/burnley-vs-chelsea/05-03-2022/319388
2021/2022,2022-03-05T15:00:00,Newcastle,Brighton,https://www.xscores.com/soccer/match/newcastle-vs-brighton/05-03-2022/319392
2021/2022,2022-03-05T15:00:00,Norwich,Brentford,https://www.xscores.com/soccer/match/norwich-vs-brentford/05-03-2022/319393
2021/2022,2022-03-05T15:00:00,Wolverhampton,Crystal Palace,https://www.xscores.com/soccer/match/wolverhampton-vs-crystal-palace/05-03-2022/319396
2021/2022,2022-03-05T17:30:00,Liverpool,West Ham,https://www.xscores.com/soccer/match/liverpool-vs-west-ham/05-03-2022/319390
2021/2022,2022-03-06T14:00:00,Watford,Arsenal,https://www.xscores.com/soccer/match/watford-vs-arsenal/06-03-2022/319395
2021/2022,2022-03-06T16:30:00,Manchester City,Manchester United,https://www.xscores.com/soccer/match/manchester-city-vs-manchester-united/06-03-2022/319391
2021/2022,2022-03-07T20:00:00,Tottenham,Everton,https://www.xscores.com/soccer/match/tottenham-vs-everton/07-03-2022/319394
2021/2022,2022-03-12T12:30:00,Brighton,Liverpool,https://www.xscores.com/soccer/match/brighton-vs-liverpool/12-03-2022/319399
2021/2022,2022-03-12T15:00:00,Brentford,Burnley,https://www.xscores.com/soccer/match/brentford-vs-burnley/12-03-2022/319398
2021/2022,2022-03-12T17:30:00,Manchester United,Tottenham,https://www.xscores.com/soccer/match/manchester-united-vs-tottenham/12-03-2022/319404
2021/2022,2022-03-13T14:00:00,Chelsea,Newcastle,https://www.xscores.com/soccer/match/chelsea-vs-newcastle/13-03-2022/319400
2021/2022,2022-03-13T14:00:00,Everton,Wolverhampton,https://www.xscores.com/soccer/match/everton-vs-wolverhampton/13-03-2022/319402
2021/2022,2022-03-13T14:00:00,Leeds,Norwich,https://www.xscores.com/soccer/match/leeds-vs-norwich/13-03-2022/319403
2021/2022,2022-03-13T14:00:00,Southampton,Watford,https://www.xscores.com/soccer/match/southampton-vs-watford/13-03-2022/319405
2021/2022,2022-03-13T14:00:00,West Ham,Aston Villa,https://www.xscores.com/soccer/match/west-ham-vs-aston-villa/13-03-2022/319406
2021/2022,2022-03-13T16:30:00,Arsenal,Leicester,https://www.xscores.com/soccer/match/arsenal-vs-leicester/13-03-2022/319397
2021/2022,2022-03-14T20:00:00,Crystal Palace,Manchester City,https://www.xscores.com/soccer/match/crystal-palace-vs-manchester-city/14-03-2022/319401
2021/2022,2022-03-10T19:30:00,Norwich,Chelsea,https://www.xscores.com/soccer/match/norwich-vs-chelsea/10-03-2022/319413
2021/2022,2022-03-18T20:00:00,Wolverhampton,Leeds,https://www.xscores.com/soccer/match/wolverhampton-vs-leeds/18-03-2022/319416
2021/2022,2022-03-19T12:30:00,Aston Villa,Arsenal,https://www.xscores.com/soccer/match/aston-villa-vs-arsenal/19-03-2022/319407
2021/2022,2022-03-20T14:00:00,Leicester,Brentford,https://www.xscores.com/soccer/match/leicester-vs-brentford/20-03-2022/319409
2021/2022,2022-03-20T16:30:00,Tottenham,West Ham,https://www.xscores.com/soccer/match/tottenham-vs-west-ham/20-03-2022/319414
2021/2022,2022-04-19T20:00:00,Liverpool,Manchester United,https://www.xscores.com/soccer/match/liverpool-vs-manchester-united/19-04-2022/319410
2021/2022,2022-04-20T19:45:00,Newcastle,Crystal Palace,https://www.xscores.com/soccer/match/newcastle-vs-crystal-palace/20-04-2022/319412
2021/2022,2022-04-20T20:00:00,Manchester City,Brighton,https://www.xscores.com/soccer/match/manchester-city-vs-brighton/20-04-2022/319411
2021/2022,2022-04-21T19:45:00,Burnley,Southampton,https://www.xscores.com/soccer/match/burnley-vs-southampton/21-04-2022/319408
2021/2022,2022-05-11T19:45:00,Watford,Everton,https://www.xscores.com/soccer/match/watford-vs-everton/11-05-2022/319415
2021/2022,2022-04-02T12:30:00,Liverpool,Watford,https://www.xscores.com/soccer/match/liverpool-vs-watford/02-04-2022/319421
2021/2022,2022-04-02T15:00:00,Brighton,Norwich,https://www.xscores.com/soccer/match/brighton-vs-norwich/02-04-2022/319426
2021/2022,2022-04-02T15:00:00,Burnley,Manchester City,https://www.xscores.com/soccer/match/burnley-vs-manchester-city/02-04-2022/319425
2021/2022,2022-04-02T15:00:00,Chelsea,Brentford,https://www.xscores.com/soccer/match/chelsea-vs-brentford/02-04-2022/319424
2021/2022,2022-04-02T15:00:00,Leeds,Southampton,https://www.xscores.com/soccer/match/leeds-vs-southampton/02-04-2022/319422
2021/2022,2022-04-02T15:00:00,Wolverhampton,Aston Villa,https://www.xscores.com/soccer/match/wolverhampton-vs-aston-villa/02-04-2022/319417
2021/2022,2022-04-02T17:30:00,Manchester United,Leicester,https://www.xscores.com/soccer/match/manchester-united-vs-leicester/02-04-2022/319420
2021/2022,2022-04-03T14:00:00,West Ham,Everton,https://www.xscores.com/soccer/match/west-ham-vs-everton/03-04-2022/319418
2021/2022,2022-04-03T16:30:00,Tottenham,Newcastle,https://www.xscores.com/soccer/match/tottenham-vs-newcastle/03-04-2022/319419
2021/2022,2022-04-04T20:00:00,Crystal Palace,Arsenal,https://www.xscores.com/soccer/match/crystal-palace-vs-arsenal/04-04-2022/319423
2021/2022,2022-04-08T20:00:00,Newcastle,Wolverhampton,https://www.xscores.com/soccer/match/newcastle-vs-wolverhampton/08-04-2022/319430
2021/2022,2022-04-09T12:30:00,Everton,Manchester United,https://www.xscores.com/soccer/match/everton-vs-manchester-united/09-04-2022/319433
2021/2022,2022-04-09T15:00:00,Arsenal,Brighton,https://www.xscores.com/soccer/match/arsenal-vs-brighton/09-04-2022/319436
2021/2022,2022-04-09T15:00:00,Southampton,Chelsea,https://www.xscores.com/soccer/match/southampton-vs-chelsea/09-04-2022/319428
2021/2022,2022-04-09T15:00:00,Watford,Leeds,https://www.xscores.com/soccer/match/watford-vs-leeds/09-04-2022/319427
2021/2022,2022-04-09T17:30:00,Aston Villa,Tottenham,https://www.xscores.com/soccer/match/aston-villa-vs-tottenham/09-04-2022/319435
2021/2022,2022-04-10T14:00:00,Brentford,West Ham,https://www.xscores.com/soccer/match/brentford-vs-west-ham/10-04-2022/319434
2021/2022,2022-04-10T14:00:00,Leicester,Crystal Palace,https://www.xscores.com/soccer/match/leicester-vs-crystal-palace/10-04-2022/319432
2021/2022,2022-04-10T14:00:00,Norwich,Burnley,https://www.xscores.com/soccer/match/norwich-vs-burnley/10-04-2022/319429
2021/2022,2022-04-10T16:30:00,Manchester City,Liverpool,https://www.xscores.com/soccer/match/manchester-city-vs-liverpool/10-04-2022/319431
2021/2022,2022-04-16T12:30:00,Tottenham,Brighton,https://www.xscores.com/soccer/match/tottenham-vs-brighton/16-04-2022/319440
2021/2022,2022-04-16T15:00:00,Manchester United,Norwich,https://www.xscores.com/soccer/match/manchester-united-vs-norwich/16-04-2022/319443
2021/2022,2022-04-16T15:00:00,Southampton,Arsenal,https://www.xscores.com/soccer/match/southampton-vs-arsenal/16-04-2022/319441
2021/2022,2022-04-16T15:00:00,Watford,Brentford,https://www.xscores.com/soccer/match/watford-vs-brentford/16-04-2022/319439
2021/2022,2022-04-17T14:15:00,Newcastle,Leicester,https://www.xscores.com/soccer/match/newcastle-vs-leicester/17-04-2022/319442
2021/2022,2022-04-17T14:15:00,West Ham,Burnley,https://www.xscores.com/soccer/match/west-ham-vs-burnley/17-04-2022/319438
2021/2022,2022-05-10T20:00:00,Aston Villa,Liverpool,https://www.xscores.com/soccer/match/aston-villa-vs-liverpool/10-05-2022/319446
2021/2022,2022-05-11T19:30:00,Leeds,Chelsea,https://www.xscores.com/soccer/match/leeds-vs-chelsea/11-05-2022/319444
2021/2022,2022-05-11T20:15:00,Wolverhampton,Manchester City,https://www.xscores.com/soccer/match/wolverhampton-vs-manchester-city/11-05-2022/319437
2021/2022,2022-05-19T19:45:00,Everton,Crystal Palace,https://www.xscores.com/soccer/match/everton-vs-crystal-palace/19-05-2022/319445
2021/2022,2022-04-23T12:30:00,Arsenal,Manchester United,https://www.xscores.com/soccer/match/arsenal-vs-manchester-united/23-04-2022/319456
2021/2022,2022-04-23T15:00:00,Leicester,Aston Villa,https://www.xscores.com/soccer/match/leicester-vs-aston-villa/23-04-2022/319450
2021/2022,2022-04-23T15:00:00,Manchester City,Watford,https://www.xscores.com/soccer/match/manchester-city-vs-watford/23-04-2022/319448
2021/2022,2022-04-23T15:00:00,Norwich,Newcastle,https://www.xscores.com/soccer/match/norwich-vs-newcastle/23-04-2022/319447
2021/2022,2022-04-23T17:30:00,Brentford,Tottenham,https://www.xscores.com/soccer/match/brentford-vs-tottenham/23-04-2022/319455
2021/2022,2022-04-24T14:00:00,Brighton,Southampton,https://www.xscores.com/soccer/match/brighton-vs-southampton/24-04-2022/319454
2021/2022,2022-04-24T14:00:00,Burnley,Wolverhampton,https://www.xscores.com/soccer/match/burnley-vs-wolverhampton/24-04-2022/319453
2021/2022,2022-04-24T14:00:00,Chelsea,West Ham,https://www.xscores.com/soccer/match/chelsea-vs-west-ham/24-04-2022/319452
2021/2022,2022-04-24T16:30:00,Liverpool,Everton,https://www.xscores.com/soccer/match/liverpool-vs-everton/24-04-2022/319449
2021/2022,2022-04-25T20:00:00,Crystal Palace,Leeds,https://www.xscores.com/soccer/match/crystal-palace-vs-leeds/25-04-2022/319451
2021/2022,2022-04-30T12:30:00,Newcastle,Liverpool,https://www.xscores.com/soccer/match/newcastle-vs-liverpool/30-04-2022/319462
2021/2022,2022-04-30T15:00:00,Aston Villa,Norwich,https://www.xscores.com/soccer/match/aston-villa-vs-norwich/30-04-2022/319466
2021/2022,2022-04-30T15:00:00,Southampton,Crystal Palace,https://www.xscores.com/soccer/match/southampton-vs-crystal-palace/30-04-2022/319461
2021/2022,2022-04-30T15:00:00,Watford,Burnley,https://www.xscores.com/soccer/match/watford-vs-burnley/30-04-2022/319459
2021/2022,2022-04-30T15:00:00,Wolverhampton,Brighton,https://www.xscores.com/soccer/match/wolverhampton-vs-brighton/30-04-2022/319457
2021/2022,2022-04-30T17:30:00,Leeds,Manchester City,https://www.xscores.com/soccer/match/leeds-vs-manchester-city/30-04-2022/319464
2021/2022,2022-05-01T14:00:00,Everton,Chelsea,https://www.xscores.com/soccer/match/everton-vs-chelsea/01-05-2022/319465
2021/2022,2022-05-01T14:00:00,Tottenham,Leicester,https://www.xscores.com/soccer/match/tottenham-vs-leicester/01-05-2022/319460
2021/2022,2022-05-01T16:30:00,West Ham,Arsenal,https://www.xscores.com/soccer/match/west-ham-vs-arsenal/01-05-2022/319458
2021/2022,2022-05-02T20:00:00,Manchester United,Brentford,https://www.xscores.com/soccer/match/manchester-united-vs-brentford/02-05-2022/319463
2021/2022,2022-05-07T15:00:00,Brentford,Southampton,https://www.xscores.com/soccer/match/brentford-vs-southampton/07-05-2022/319475
2021/2022,2022-05-07T15:00:00,Burnley,Aston Villa,https://www.xscores.com/soccer/match/burnley-vs-aston-villa/07-05-2022/319473
2021/2022,2022-05-07T15:00:00,Chelsea,Wolverhampton,https://www.xscores.com/soccer/match/chelsea-vs-wolverhampton/07-05-2022/319472
2021/2022,2022-05-07T15:00:00,Crystal Palace,Watford,https://www.xscores.com/soccer/match/crystal-palace-vs-watford/07-05-2022/319471
2021/2022,2022-05-07T17:30:00,Brighton,Manchester United,https://www.xscores.com/soccer/match/brighton-vs-manchester-united/07-05-2022/319474
2021/2022,2022-05-07T19:45:00,Liverpool,Tottenham,https://www.xscores.com/soccer/match/liverpool-vs-tottenham/07-05-2022/319469
2021/2022,2022-05-08T14:00:00,Arsenal,Leeds,https://www.xscores.com/soccer/match/arsenal-vs-leeds/08-05-2022/319476
2021/2022,2022-05-08T14:00:00,Leicester,Everton,https://www.xscores.com/soccer/match/leicester-vs-everton/08-05-2022/319470
2021/2022,2022-05-08T14:00:00,Norwich,West Ham,https://www.xscores.com/soccer/match/norwich-vs-west-ham/08-05-2022/319467
2021/2022,2022-05-08T16:30:00,Manchester City,Newcastle,https://www.xscores.com/soccer/match/manchester-city-vs-newcastle/08-05-2022/319468
2021/2022,2022-04-28T19:45:00,Manchester United,Chelsea,https://www.xscores.com/soccer/match/manchester-united-vs-chelsea/28-04-2022/319483
2021/2022,2022-05-15T12:00:00,Tottenham,Burnley,https://www.xscores.com/soccer/match/tottenham-vs-burnley/15-05-2022/319480
2021/2022,2022-05-15T14:00:00,Aston Villa,Crystal Palace,https://www.xscores.com/soccer/match/aston-villa-vs-crystal-palace/15-05-2022/319486
2021/2022,2022-05-15T14:00:00,Leeds,Brighton,https://www.xscores.com/soccer/match/leeds-vs-brighton/15-05-2022/319484
2021/2022,2022-05-15T14:00:00,Watford,Leicester,https://www.xscores.com/soccer/match/watford-vs-leicester/15-05-2022/319479
2021/2022,2022-05-15T14:00:00,West Ham,Manchester City,https://www.xscores.com/soccer/match/west-ham-vs-manchester-city/15-05-2022/319478
2021/2022,2022-05-15T14:00:00,Wolverhampton,Norwich,https://www.xscores.com/soccer/match/wolverhampton-vs-norwich/15-05-2022/319477
2021/2022,2022-05-15T16:30:00,Everton,Brentford,https://www.xscores.com/soccer/match/everton-vs-brentford/15-05-2022/319485
2021/2022,2022-05-16T20:00:00,Newcastle,Arsenal,https://www.xscores.com/soccer/match/newcastle-vs-arsenal/16-05-2022/319482
2021/2022,2022-05-17T19:45:00,Southampton,Liverpool,https://www.xscores.com/soccer/match/southampton-vs-liverpool/17-05-2022/319481
2021/2022,2022-05-22T16:00:00,Arsenal,Everton,https://www.xscores.com/soccer/match/arsenal-vs-everton/22-05-2022/319487
2021/2022,2022-05-22T16:00:00,Brentford,Leeds,https://www.xscores.com/soccer/match/brentford-vs-leeds/22-05-2022/319488
2021/2022,2022-05-22T16:00:00,Brighton,West Ham,https://www.xscores.com/soccer/match/brighton-vs-west-ham/22-05-2022/319489
2021/2022,2022-05-22T16:00:00,Burnley,Newcastle,https://www.xscores.com/soccer/match/burnley-vs-newcastle/22-05-2022/319490
2021/2022,2022-05-22T16:00:00,Chelsea,Watford,https://www.xscores.com/soccer/match/chelsea-vs-watford/22-05-2022/319491
2021/2022,2022-05-22T16:00:00,Crystal Palace,Manchester United,https://www.xscores.com/soccer/match/crystal-palace-vs-manchester-united/22-05-2022/319492
2021/2022,2022-05-22T16:00:00,Leicester,Southampton,https://www.xscores.com/soccer/match/leicester-vs-southampton/22-05-2022/319493
2021/2022,2022-05-22T16:00:00,Liverpool,Wolverhampton,https://www.xscores.com/soccer/match/liverpool-vs-wolverhampton/22-05-2022/319494
2021/2022,2022-05-22T16:00:00,Manchester City,Aston Villa,https://www.xscores.com/soccer/match/manchester-city-vs-aston-villa/22-05-2022/319495
2021/2022,2022-05-22T16:00:00,Norwich,Tottenham,https://www.xscores.com/soccer/match/norwich-vs-tottenham/22-05-2022/319496
