season,date,home_team,away_team,url
2016/2017,2016-08-13T12:30:00,Hull,Leicester,https://www.xscores.com/soccer/match/hull-vs-leicester/13-08-2016/1461947
2016/2017,2016-08-13T15:00:00,Burnley,Swansea,https://www.xscores.com/soccer/match/burnley-vs-swansea/13-08-2016/1461943
2016/2017,2016-08-13T15:00:00,Crystal Palace,West Bromwich,https://www.xscores.com/soccer/match/crystal-palace-vs-west-bromwich/13-08-2016/1461945
2016/2017,2016-08-13T15:00:00,Everton,Tottenham,https://www.xscores.com/soccer/match/everton-vs-tottenham/13-08-2016/1461946
2016/2017,2016-08-13T15:00:00,Middlesbrough,Stoke,https://www.xscores.com/soccer/match/middlesbrough-vs-stoke/13-08-2016/1461949
2016/2017,2016-08-13T15:00:00,Southampton,Watford,https://www.xscores.com/soccer/match/southampton-vs-watford/13-08-2016/1461950
2016/2017,2016-08-13T17:30:00,Manchester City,Sunderland,https://www.xscores.com/soccer/match/manchester-city-vs-sunderland/13-08-2016/1461948
2016/2017,2016-08-14T13:30:00,Bournemouth,Manchester United,https://www.xscores.com/soccer/match/bournemouth-vs-manchester-united/14-08-2016/1461941
2016/2017,2016-08-14T16:00:00,Arsenal,Liverpool,https://www.xscores.com/soccer/match/arsenal-vs-liverpool/14-08-2016/1461942
2016/2017,2016-08-15T20:00:00,Chelsea,West Ham,https://www.xscores.com/soccer/match/chelsea-vs-west-ham/15-08-2016/1461944
2016/2017,2016-08-19T20:00:00,Manchester United,Southampton,https://www.xscores.com/soccer/match/manchester-united-vs-southampton/19-08-2016/1461953
2016/2017,2016-08-20T12:30:00,Stoke,Manchester City,https://www.xscores.com/soccer/match/stoke-vs-manchester-city/20-08-2016/1461954
2016/2017,2016-08-20T15:00:00,Burnley,Liverpool,https://www.xscores.com/soccer/match/burnley-vs-liverpool/20-08-2016/1461952
2016/2017,2016-08-20T15:00:00,Swansea,Hull,https://www.xscores.com/soccer/match/swansea-vs-hull/20-08-2016/1461956
2016/2017,2016-08-20T15:00:00,Tottenham,Crystal Palace,https://www.xscores.com/soccer/match/tottenham-vs-crystal-palace/20-08-2016/1461957
2016/2017,2016-08-20T15:00:00,Watford,Chelsea,https://www.xscores.com/soccer/match/watford-vs-chelsea/20-08-2016/1461958
2016/2017,2016-08-20T15:00:00,West Bromwich,Everton,https://www.xscores.com/soccer/match/west-bromwich-vs-everton/20-08-2016/1461959
2016/2017,2016-08-20T17:30:00,Leicester,Arsenal,https://www.xscores.com/soccer/match/leicester-vs-arsenal/20-08-2016/1461951
2016/2017,2016-08-21T13:30:00,Sunderland,Middlesbrough,https://www.xscores.com/soccer/match/sunderland-vs-middlesbrough/21-08-2016/1461955
2016/2017,2016-08-21T16:00:00,West Ham,Bournemouth,https://www.xscores.com/soccer/match/west-ham-vs-bournemouth/21-08-2016/1461960
2016/2017,2016-08-27T12:30:00,Tottenham,Liverpool,https://www.xscores.com/soccer/match/tottenham-vs-liverpool/27-08-2016/1461968
2016/2017,2016-08-27T15:00:00,Chelsea,Burnley,https://www.xscores.com/soccer/match/chelsea-vs-burnley/27-08-2016/1461961
2016/2017,2016-08-27T15:00:00,Crystal Palace,Bournemouth,https://www.xscores.com/soccer/match/crystal-palace-vs-bournemouth/27-08-2016/1461962
2016/2017,2016-08-27T15:00:00,Everton,Stoke,https://www.xscores.com/soccer/match/everton-vs-stoke/27-08-2016/1461963
2016/2017,2016-08-27T15:00:00,Leicester,Swansea,https://www.xscores.com/soccer/match/leicester-vs-swansea/27-08-2016/1461965
2016/2017,2016-08-27T15:00:00,Southampton,Sunderland,https://www.xscores.com/soccer/match/southampton-vs-sunderland/27-08-2016/1461967
2016/2017,2016-08-27T15:00:00,Watford,Arsenal,https://www.xscores.com/soccer/match/watford-vs-arsenal/27-08-2016/1461970
2016/2017,2016-08-27T17:30:00,Hull,Manchester United,https://www.xscores.com/soccer/match/hull-vs-manchester-united/27-08-2016/1461964
2016/2017,2016-08-28T13:30:00,West Bromwich,Middlesbrough,https://www.xscores.com/soccer/match/west-bromwich-vs-middlesbrough/28-08-2016/1461972
2016/2017,2016-08-28T16:00:00,Manchester City,West Ham,https://www.xscores.com/soccer/match/manchester-city-vs-west-ham/28-08-2016/1461966
2016/2017,2016-09-10T12:30:00,Manchester United,Manchester City,https://www.xscores.com/soccer/match/manchester-united-vs-manchester-city/10-09-2016/1461985
2016/2017,2016-09-10T15:00:00,Arsenal,Southampton,https://www.xscores.com/soccer/match/arsenal-vs-southampton/10-09-2016/1461982
2016/2017,2016-09-10T15:00:00,Bournemouth,West Bromwich,https://www.xscores.com/soccer/match/bournemouth-vs-west-bromwich/10-09-2016/1461981
2016/2017,2016-09-10T15:00:00,Burnley,Hull,https://www.xscores.com/soccer/match/burnley-vs-hull/10-09-2016/1461983
2016/2017,2016-09-10T15:00:00,Middlesbrough,Crystal Palace,https://www.xscores.com/soccer/match/middlesbrough-vs-crystal-palace/10-09-2016/1461986
2016/2017,2016-09-10T15:00:00,Stoke,Tottenham,https://www.xscores.com/soccer/match/stoke-vs-tottenham/10-09-2016/1461987
2016/2017,2016-09-10T15:00:00,West Ham,Watford,https://www.xscores.com/soccer/match/west-ham-vs-watford/10-09-2016/1461990
2016/2017,2016-09-10T17:30:00,Liverpool,Leicester,https://www.xscores.com/soccer/match/liverpool-vs-leicester/10-09-2016/1461984
2016/2017,2016-09-11T16:00:00,Swansea,Chelsea,https://www.xscores.com/soccer/match/swansea-vs-chelsea/11-09-2016/1461989
2016/2017,2016-09-12T20:00:00,Sunderland,Everton,https://www.xscores.com/soccer/match/sunderland-vs-everton/12-09-2016/1461988
2016/2017,2016-09-16T20:00:00,Chelsea,Liverpool,https://www.xscores.com/soccer/match/chelsea-vs-liverpool/16-09-2016/1461991
2016/2017,2016-09-17T15:00:00,Hull,Arsenal,https://www.xscores.com/soccer/match/hull-vs-arsenal/17-09-2016/1461994
2016/2017,2016-09-17T15:00:00,Leicester,Burnley,https://www.xscores.com/soccer/match/leicester-vs-burnley/17-09-2016/1461995
2016/2017,2016-09-17T15:00:00,Manchester City,Bournemouth,https://www.xscores.com/soccer/match/manchester-city-vs-bournemouth/17-09-2016/1461996
2016/2017,2016-09-17T15:00:00,West Bromwich,West Ham,https://www.xscores.com/soccer/match/west-bromwich-vs-west-ham/17-09-2016/1462000
2016/2017,2016-09-17T17:30:00,Everton,Middlesbrough,https://www.xscores.com/soccer/match/everton-vs-middlesbrough/17-09-2016/1461993
2016/2017,2016-09-18T12:00:00,Watford,Manchester United,https://www.xscores.com/soccer/match/watford-vs-manchester-united/18-09-2016/1461999
2016/2017,2016-09-18T14:15:00,Crystal Palace,Stoke,https://www.xscores.com/soccer/match/crystal-palace-vs-stoke/18-09-2016/1461992
2016/2017,2016-09-18T14:15:00,Southampton,Swansea,https://www.xscores.com/soccer/match/southampton-vs-swansea/18-09-2016/1461997
2016/2017,2016-09-18T16:30:00,Tottenham,Sunderland,https://www.xscores.com/soccer/match/tottenham-vs-sunderland/18-09-2016/1461998
2016/2017,2016-09-24T12:30:00,Manchester United,Leicester,https://www.xscores.com/soccer/match/manchester-united-vs-leicester/24-09-2016/1462010
2016/2017,2016-09-24T15:00:00,Bournemouth,Everton,https://www.xscores.com/soccer/match/bournemouth-vs-everton/24-09-2016/1462002
2016/2017,2016-09-24T15:00:00,Liverpool,Hull,https://www.xscores.com/soccer/match/liverpool-vs-hull/24-09-2016/1462008
2016/2017,2016-09-24T15:00:00,Middlesbrough,Tottenham,https://www.xscores.com/soccer/match/middlesbrough-vs-tottenham/24-09-2016/1462012
2016/2017,2016-09-24T15:00:00,Stoke,West Bromwich,https://www.xscores.com/soccer/match/stoke-vs-west-bromwich/24-09-2016/1462014
2016/2017,2016-09-24T15:00:00,Sunderland,Crystal Palace,https://www.xscores.com/soccer/match/sunderland-vs-crystal-palace/24-09-2016/1462016
2016/2017,2016-09-24T15:00:00,Swansea,Manchester City,https://www.xscores.com/soccer/match/swansea-vs-manchester-city/24-09-2016/1462018
2016/2017,2016-09-24T17:30:00,Arsenal,Chelsea,https://www.xscores.com/soccer/match/arsenal-vs-chelsea/24-09-2016/1462004
2016/2017,2016-09-25T16:00:00,West Ham,Southampton,https://www.xscores.com/soccer/match/west-ham-vs-southampton/25-09-2016/1462020
2016/2017,2016-09-26T20:00:00,Burnley,Watford,https://www.xscores.com/soccer/match/burnley-vs-watford/26-09-2016/1462006
2016/2017,2016-09-30T20:00:00,Everton,Crystal Palace,https://www.xscores.com/soccer/match/everton-vs-crystal-palace/30-09-2016/1462022
2016/2017,2016-10-01T12:30:00,Swansea,Liverpool,https://www.xscores.com/soccer/match/swansea-vs-liverpool/01-10-2016/1462033
2016/2017,2016-10-01T15:00:00,Hull,Chelsea,https://www.xscores.com/soccer/match/hull-vs-chelsea/01-10-2016/1462023
2016/2017,2016-10-01T15:00:00,Sunderland,West Bromwich,https://www.xscores.com/soccer/match/sunderland-vs-west-bromwich/01-10-2016/1462031
2016/2017,2016-10-01T15:00:00,Watford,Bournemouth,https://www.xscores.com/soccer/match/watford-vs-bournemouth/01-10-2016/1462037
2016/2017,2016-10-01T15:00:00,West Ham,Middlesbrough,https://www.xscores.com/soccer/match/west-ham-vs-middlesbrough/01-10-2016/1462039
2016/2017,2016-10-02T12:00:00,Manchester United,Stoke,https://www.xscores.com/soccer/match/manchester-united-vs-stoke/02-10-2016/1462029
2016/2017,2016-10-02T14:15:00,Leicester,Southampton,https://www.xscores.com/soccer/match/leicester-vs-southampton/02-10-2016/1462027
2016/2017,2016-10-02T14:15:00,Tottenham,Manchester City,https://www.xscores.com/soccer/match/tottenham-vs-manchester-city/02-10-2016/1462035
2016/2017,2016-10-02T16:30:00,Burnley,Arsenal,https://www.xscores.com/soccer/match/burnley-vs-arsenal/02-10-2016/1462021
2016/2017,2016-10-15T12:30:00,Chelsea,Leicester,https://www.xscores.com/soccer/match/chelsea-vs-leicester/15-10-2016/1462045
2016/2017,2016-10-15T15:00:00,Arsenal,Swansea,https://www.xscores.com/soccer/match/arsenal-vs-swansea/15-10-2016/1462043
2016/2017,2016-10-15T15:00:00,Bournemouth,Hull,https://www.xscores.com/soccer/match/bournemouth-vs-hull/15-10-2016/1462041
2016/2017,2016-10-15T15:00:00,Manchester City,Everton,https://www.xscores.com/soccer/match/manchester-city-vs-everton/15-10-2016/1462051
2016/2017,2016-10-15T15:00:00,Stoke,Sunderland,https://www.xscores.com/soccer/match/stoke-vs-sunderland/15-10-2016/1462057
2016/2017,2016-10-15T15:00:00,West Bromwich,Tottenham,https://www.xscores.com/soccer/match/west-bromwich-vs-tottenham/15-10-2016/1462054
2016/2017,2016-10-15T17:30:00,Crystal Palace,West Ham,https://www.xscores.com/soccer/match/crystal-palace-vs-west-ham/15-10-2016/1462046
2016/2017,2016-10-16T13:30:00,Middlesbrough,Watford,https://www.xscores.com/soccer/match/middlesbrough-vs-watford/16-10-2016/1462052
2016/2017,2016-10-16T16:00:00,Southampton,Burnley,https://www.xscores.com/soccer/match/southampton-vs-burnley/16-10-2016/1462056
2016/2017,2016-10-17T20:00:00,Liverpool,Manchester United,https://www.xscores.com/soccer/match/liverpool-vs-manchester-united/17-10-2016/1462048
2016/2017,2016-10-22T12:30:00,Bournemouth,Tottenham,https://www.xscores.com/soccer/match/bournemouth-vs-tottenham/22-10-2016/1462065
2016/2017,2016-10-22T15:00:00,Arsenal,Middlesbrough,https://www.xscores.com/soccer/match/arsenal-vs-middlesbrough/22-10-2016/1462067
2016/2017,2016-10-22T15:00:00,Burnley,Everton,https://www.xscores.com/soccer/match/burnley-vs-everton/22-10-2016/1462068
2016/2017,2016-10-22T15:00:00,Hull,Stoke,https://www.xscores.com/soccer/match/hull-vs-stoke/22-10-2016/1462071
2016/2017,2016-10-22T15:00:00,Leicester,Crystal Palace,https://www.xscores.com/soccer/match/leicester-vs-crystal-palace/22-10-2016/1462072
2016/2017,2016-10-22T15:00:00,Swansea,Watford,https://www.xscores.com/soccer/match/swansea-vs-watford/22-10-2016/1462078
2016/2017,2016-10-22T15:00:00,West Ham,Sunderland,https://www.xscores.com/soccer/match/west-ham-vs-sunderland/22-10-2016/1462080
2016/2017,2016-10-22T17:30:00,Liverpool,West Bromwich,https://www.xscores.com/soccer/match/liverpool-vs-west-bromwich/22-10-2016/1462074
2016/2017,2016-10-23T13:30:00,Manchester City,Southampton,https://www.xscores.com/soccer/match/manchester-city-vs-southampton/23-10-2016/1462076
2016/2017,2016-10-23T16:00:00,Chelsea,Manchester United,https://www.xscores.com/soccer/match/chelsea-vs-manchester-united/23-10-2016/1462070
2016/2017,2016-10-29T12:30:00,Sunderland,Arsenal,https://www.xscores.com/soccer/match/sunderland-vs-arsenal/29-10-2016/1462093
2016/2017,2016-10-29T15:00:00,Manchester United,Burnley,https://www.xscores.com/soccer/match/manchester-united-vs-burnley/29-10-2016/1462089
2016/2017,2016-10-29T15:00:00,Middlesbrough,Bournemouth,https://www.xscores.com/soccer/match/middlesbrough-vs-bournemouth/29-10-2016/1462090
2016/2017,2016-10-29T15:00:00,Tottenham,Leicester,https://www.xscores.com/soccer/match/tottenham-vs-leicester/29-10-2016/1462094
2016/2017,2016-10-29T15:00:00,Watford,Hull,https://www.xscores.com/soccer/match/watford-vs-hull/29-10-2016/1462095
2016/2017,2016-10-29T15:00:00,West Bromwich,Manchester City,https://www.xscores.com/soccer/match/west-bromwich-vs-manchester-city/29-10-2016/1462097
2016/2017,2016-10-29T17:30:00,Crystal Palace,Liverpool,https://www.xscores.com/soccer/match/crystal-palace-vs-liverpool/29-10-2016/1462087
2016/2017,2016-10-30T13:30:00,Everton,West Ham,https://www.xscores.com/soccer/match/everton-vs-west-ham/30-10-2016/1462088
2016/2017,2016-10-30T16:00:00,Southampton,Chelsea,https://www.xscores.com/soccer/match/southampton-vs-chelsea/30-10-2016/1462091
2016/2017,2016-10-31T20:00:00,Stoke,Swansea,https://www.xscores.com/soccer/match/stoke-vs-swansea/31-10-2016/1462092
2016/2017,2016-11-05T15:00:00,Bournemouth,Sunderland,https://www.xscores.com/soccer/match/bournemouth-vs-sunderland/05-11-2016/1462101
2016/2017,2016-11-05T15:00:00,Burnley,Crystal Palace,https://www.xscores.com/soccer/match/burnley-vs-crystal-palace/05-11-2016/1462103
2016/2017,2016-11-05T15:00:00,Manchester City,Middlesbrough,https://www.xscores.com/soccer/match/manchester-city-vs-middlesbrough/05-11-2016/1462113
2016/2017,2016-11-05T15:00:00,West Ham,Stoke,https://www.xscores.com/soccer/match/west-ham-vs-stoke/05-11-2016/1462115
2016/2017,2016-11-05T17:30:00,Chelsea,Everton,https://www.xscores.com/soccer/match/chelsea-vs-everton/05-11-2016/1462104
2016/2017,2016-11-06T12:00:00,Arsenal,Tottenham,https://www.xscores.com/soccer/match/arsenal-vs-tottenham/06-11-2016/1462102
2016/2017,2016-11-06T14:15:00,Hull,Southampton,https://www.xscores.com/soccer/match/hull-vs-southampton/06-11-2016/1462106
2016/2017,2016-11-06T14:15:00,Liverpool,Watford,https://www.xscores.com/soccer/match/liverpool-vs-watford/06-11-2016/1462110
2016/2017,2016-11-06T15:00:00,Swansea,Manchester United,https://www.xscores.com/soccer/match/swansea-vs-manchester-united/06-11-2016/1462114
2016/2017,2016-11-06T16:30:00,Leicester,West Bromwich,https://www.xscores.com/soccer/match/leicester-vs-west-bromwich/06-11-2016/1462108
2016/2017,2016-11-19T12:30:00,Manchester United,Arsenal,https://www.xscores.com/soccer/match/manchester-united-vs-arsenal/19-11-2016/1462121
2016/2017,2016-11-19T15:00:00,Crystal Palace,Manchester City,https://www.xscores.com/soccer/match/crystal-palace-vs-manchester-city/19-11-2016/1462118
2016/2017,2016-11-19T15:00:00,Everton,Swansea,https://www.xscores.com/soccer/match/everton-vs-swansea/19-11-2016/1462120
2016/2017,2016-11-19T15:00:00,Southampton,Liverpool,https://www.xscores.com/soccer/match/southampton-vs-liverpool/19-11-2016/1462124
2016/2017,2016-11-19T15:00:00,Stoke,Bournemouth,https://www.xscores.com/soccer/match/stoke-vs-bournemouth/19-11-2016/1462126
2016/2017,2016-11-19T15:00:00,Sunderland,Hull,https://www.xscores.com/soccer/match/sunderland-vs-hull/19-11-2016/1462127
2016/2017,2016-11-19T15:00:00,Watford,Leicester,https://www.xscores.com/soccer/match/watford-vs-leicester/19-11-2016/1462129
2016/2017,2016-11-19T17:30:00,Tottenham,West Ham,https://www.xscores.com/soccer/match/tottenham-vs-west-ham/19-11-2016/1462128
2016/2017,2016-11-20T16:00:00,Middlesbrough,Chelsea,https://www.xscores.com/soccer/match/middlesbrough-vs-chelsea/20-11-2016/1462123
2016/2017,2016-11-21T20:00:00,West Bromwich,Burnley,https://www.xscores.com/soccer/match/west-bromwich-vs-burnley/21-11-2016/1462130
2016/2017,2016-11-26T12:30:00,Burnley,Manchester City,https://www.xscores.com/soccer/match/burnley-vs-manchester-city/26-11-2016/1462132
2016/2017,2016-11-26T15:00:00,Hull,West Bromwich,https://www.xscores.com/soccer/match/hull-vs-west-bromwich/26-11-2016/1462134
2016/2017,2016-11-26T15:00:00,Leicester,Middlesbrough,https://www.xscores.com/soccer/match/leicester-vs-middlesbrough/26-11-2016/1462135
2016/2017,2016-11-26T15:00:00,Liverpool,Sunderland,https://www.xscores.com/soccer/match/liverpool-vs-sunderland/26-11-2016/1462136
2016/2017,2016-11-26T15:00:00,Swansea,Crystal Palace,https://www.xscores.com/soccer/match/swansea-vs-crystal-palace/26-11-2016/1462139
2016/2017,2016-11-26T17:30:00,Chelsea,Tottenham,https://www.xscores.com/soccer/match/chelsea-vs-tottenham/26-11-2016/1462133
2016/2017,2016-11-27T12:00:00,Watford,Stoke,https://www.xscores.com/soccer/match/watford-vs-stoke/27-11-2016/1462140
2016/2017,2016-11-27T14:15:00,Arsenal,Bournemouth,https://www.xscores.com/soccer/match/arsenal-vs-bournemouth/27-11-2016/1462131
2016/2017,2016-11-27T16:30:00,Manchester United,West Ham,https://www.xscores.com/soccer/match/manchester-united-vs-west-ham/27-11-2016/1462137
2016/2017,2016-11-27T16:30:00,Southampton,Everton,https://www.xscores.com/soccer/match/southampton-vs-everton/27-11-2016/1462138
2016/2017,2016-12-03T12:30:00,Manchester City,Chelsea,https://www.xscores.com/soccer/match/manchester-city-vs-chelsea/03-12-2016/1462148
2016/2017,2016-12-03T15:00:00,Crystal Palace,Southampton,https://www.xscores.com/soccer/match/crystal-palace-vs-southampton/03-12-2016/1462145
2016/2017,2016-12-03T15:00:00,Stoke,Burnley,https://www.xscores.com/soccer/match/stoke-vs-burnley/03-12-2016/1462150
2016/2017,2016-12-03T15:00:00,Sunderland,Leicester,https://www.xscores.com/soccer/match/sunderland-vs-leicester/03-12-2016/1462152
2016/2017,2016-12-03T15:00:00,Tottenham,Swansea,https://www.xscores.com/soccer/match/tottenham-vs-swansea/03-12-2016/1462153
2016/2017,2016-12-03T15:00:00,West Bromwich,Watford,https://www.xscores.com/soccer/match/west-bromwich-vs-watford/03-12-2016/1462154
2016/2017,2016-12-03T17:30:00,West Ham,Arsenal,https://www.xscores.com/soccer/match/west-ham-vs-arsenal/03-12-2016/1462156
2016/2017,2016-12-04T13:30:00,Bournemouth,Liverpool,https://www.xscores.com/soccer/match/bournemouth-vs-liverpool/04-12-2016/1462144
2016/2017,2016-12-04T16:00:00,Everton,Manchester United,https://www.xscores.com/soccer/match/everton-vs-manchester-united/04-12-2016/1462146
2016/2017,2016-12-05T20:00:00,Middlesbrough,Hull,https://www.xscores.com/soccer/match/middlesbrough-vs-hull/05-12-2016/1462149
2016/2017,2016-12-10T12:30:00,Watford,Everton,https://www.xscores.com/soccer/match/watford-vs-everton/10-12-2016/1462171
2016/2017,2016-12-10T15:00:00,Arsenal,Stoke,https://www.xscores.com/soccer/match/arsenal-vs-stoke/10-12-2016/1462160
2016/2017,2016-12-10T15:00:00,Burnley,Bournemouth,https://www.xscores.com/soccer/match/burnley-vs-bournemouth/10-12-2016/1462162
2016/2017,2016-12-10T15:00:00,Hull,Crystal Palace,https://www.xscores.com/soccer/match/hull-vs-crystal-palace/10-12-2016/1462164
2016/2017,2016-12-10T15:00:00,Swansea,Sunderland,https://www.xscores.com/soccer/match/swansea-vs-sunderland/10-12-2016/1462169
2016/2017,2016-12-10T17:30:00,Leicester,Manchester City,https://www.xscores.com/soccer/match/leicester-vs-manchester-city/10-12-2016/1462165
2016/2017,2016-12-11T12:00:00,Chelsea,West Bromwich,https://www.xscores.com/soccer/match/chelsea-vs-west-bromwich/11-12-2016/1462163
2016/2017,2016-12-11T14:15:00,Manchester United,Tottenham,https://www.xscores.com/soccer/match/manchester-united-vs-tottenham/11-12-2016/1462167
2016/2017,2016-12-11T14:15:00,Southampton,Middlesbrough,https://www.xscores.com/soccer/match/southampton-vs-middlesbrough/11-12-2016/1462168
2016/2017,2016-12-11T16:30:00,Liverpool,West Ham,https://www.xscores.com/soccer/match/liverpool-vs-west-ham/11-12-2016/1462166
2016/2017,2016-12-13T19:45:00,Bournemouth,Leicester,https://www.xscores.com/soccer/match/bournemouth-vs-leicester/13-12-2016/1462176
2016/2017,2016-12-13T19:45:00,Everton,Arsenal,https://www.xscores.com/soccer/match/everton-vs-arsenal/13-12-2016/1462186
2016/2017,2016-12-14T19:45:00,Middlesbrough,Liverpool,https://www.xscores.com/soccer/match/middlesbrough-vs-liverpool/14-12-2016/1462179
2016/2017,2016-12-14T19:45:00,Sunderland,Chelsea,https://www.xscores.com/soccer/match/sunderland-vs-chelsea/14-12-2016/1462180
2016/2017,2016-12-14T19:45:00,West Ham,Burnley,https://www.xscores.com/soccer/match/west-ham-vs-burnley/14-12-2016/1462184
2016/2017,2016-12-14T20:00:00,Crystal Palace,Manchester United,https://www.xscores.com/soccer/match/crystal-palace-vs-manchester-united/14-12-2016/1462178
2016/2017,2016-12-14T20:00:00,Manchester City,Watford,https://www.xscores.com/soccer/match/manchester-city-vs-watford/14-12-2016/1462188
2016/2017,2016-12-14T20:00:00,Stoke,Southampton,https://www.xscores.com/soccer/match/stoke-vs-southampton/14-12-2016/1462189
2016/2017,2016-12-14T20:00:00,Tottenham,Hull,https://www.xscores.com/soccer/match/tottenham-vs-hull/14-12-2016/1462190
2016/2017,2016-12-14T20:00:00,West Bromwich,Swansea,https://www.xscores.com/soccer/match/west-bromwich-vs-swansea/14-12-2016/1462182
2016/2017,2016-12-17T12:30:00,Crystal Palace,Chelsea,https://www.xscores.com/soccer/match/crystal-palace-vs-chelsea/17-12-2016/1462197
2016/2017,2016-12-17T15:00:00,Middlesbrough,Swansea,https://www.xscores.com/soccer/match/middlesbrough-vs-swansea/17-12-2016/1462201
2016/2017,2016-12-17T15:00:00,Stoke,Leicester,https://www.xscores.com/soccer/match/stoke-vs-leicester/17-12-2016/1462202
2016/2017,2016-12-17T15:00:00,Sunderland,Watford,https://www.xscores.com/soccer/match/sunderland-vs-watford/17-12-2016/1462203
2016/2017,2016-12-17T15:00:00,West Ham,Hull,https://www.xscores.com/soccer/match/west-ham-vs-hull/17-12-2016/1462206
2016/2017,2016-12-17T17:30:00,West Bromwich,Manchester United,https://www.xscores.com/soccer/match/west-bromwich-vs-manchester-united/17-12-2016/1462205
2016/2017,2016-12-18T13:30:00,Bournemouth,Southampton,https://www.xscores.com/soccer/match/bournemouth-vs-southampton/18-12-2016/1462196
2016/2017,2016-12-18T16:00:00,Manchester City,Arsenal,https://www.xscores.com/soccer/match/manchester-city-vs-arsenal/18-12-2016/1462200
2016/2017,2016-12-18T16:00:00,Tottenham,Burnley,https://www.xscores.com/soccer/match/tottenham-vs-burnley/18-12-2016/1462204
2016/2017,2016-12-19T20:00:00,Everton,Liverpool,https://www.xscores.com/soccer/match/everton-vs-liverpool/19-12-2016/1462198
2016/2017,2016-12-26T12:30:00,Watford,Crystal Palace,https://www.xscores.com/soccer/match/watford-vs-crystal-palace/26-12-2016/1462220
2016/2017,2016-12-26T15:00:00,Arsenal,West Bromwich,https://www.xscores.com/soccer/match/arsenal-vs-west-bromwich/26-12-2016/1462209
2016/2017,2016-12-26T15:00:00,Burnley,Middlesbrough,https://www.xscores.com/soccer/match/burnley-vs-middlesbrough/26-12-2016/1462211
2016/2017,2016-12-26T15:00:00,Chelsea,Bournemouth,https://www.xscores.com/soccer/match/chelsea-vs-bournemouth/26-12-2016/1462212
2016/2017,2016-12-26T15:00:00,Leicester,Everton,https://www.xscores.com/soccer/match/leicester-vs-everton/26-12-2016/1462215
2016/2017,2016-12-26T15:00:00,Manchester United,Sunderland,https://www.xscores.com/soccer/match/manchester-united-vs-sunderland/26-12-2016/1462217
2016/2017,2016-12-26T15:00:00,Swansea,West Ham,https://www.xscores.com/soccer/match/swansea-vs-west-ham/26-12-2016/1462219
2016/2017,2016-12-26T17:15:00,Hull,Manchester City,https://www.xscores.com/soccer/match/hull-vs-manchester-city/26-12-2016/1462214
2016/2017,2016-12-27T17:15:00,Liverpool,Stoke,https://www.xscores.com/soccer/match/liverpool-vs-stoke/27-12-2016/1462216
2016/2017,2016-12-28T19:45:00,Southampton,Tottenham,https://www.xscores.com/soccer/match/southampton-vs-tottenham/28-12-2016/1462218
2016/2017,2016-12-30T20:00:00,Hull,Everton,https://www.xscores.com/soccer/match/hull-vs-everton/30-12-2016/1463971
2016/2017,2016-12-31T15:00:00,Burnley,Sunderland,https://www.xscores.com/soccer/match/burnley-vs-sunderland/31-12-2016/1463969
2016/2017,2016-12-31T15:00:00,Chelsea,Stoke,https://www.xscores.com/soccer/match/chelsea-vs-stoke/31-12-2016/1463970
2016/2017,2016-12-31T15:00:00,Leicester,West Ham,https://www.xscores.com/soccer/match/leicester-vs-west-ham/31-12-2016/1463972
2016/2017,2016-12-31T15:00:00,Manchester United,Middlesbrough,https://www.xscores.com/soccer/match/manchester-united-vs-middlesbrough/31-12-2016/1463974
2016/2017,2016-12-31T15:00:00,Southampton,West Bromwich,https://www.xscores.com/soccer/match/southampton-vs-west-bromwich/31-12-2016/1463975
2016/2017,2016-12-31T15:00:00,Swansea,Bournemouth,https://www.xscores.com/soccer/match/swansea-vs-bournemouth/31-12-2016/1463976
2016/2017,2016-12-31T17:30:00,Liverpool,Manchester City,https://www.xscores.com/soccer/match/liverpool-vs-manchester-city/31-12-2016/1463973
2016/2017,2017-01-01T13:30:00,Watford,Tottenham,https://www.xscores.com/soccer/match/watford-vs-tottenham/01-01-2017/1463977
2016/2017,2017-01-01T16:00:00,Arsenal,Crystal Palace,https://www.xscores.com/soccer/match/arsenal-vs-crystal-palace/01-01-2017/1463968
2016/2017,2017-01-02T12:30:00,Middlesbrough,Leicester,https://www.xscores.com/soccer/match/middlesbrough-vs-leicester/02-01-2017/1462305
2016/2017,2017-01-02T15:00:00,Everton,Southampton,https://www.xscores.com/soccer/match/everton-vs-southampton/02-01-2017/1462303
2016/2017,2017-01-02T15:00:00,Manchester City,Burnley,https://www.xscores.com/soccer/match/manchester-city-vs-burnley/02-01-2017/1462304
2016/2017,2017-01-02T15:00:00,Sunderland,Liverpool,https://www.xscores.com/soccer/match/sunderland-vs-liverpool/02-01-2017/1462307
2016/2017,2017-01-02T15:00:00,West Bromwich,Hull,https://www.xscores.com/soccer/match/west-bromwich-vs-hull/02-01-2017/1462309
2016/2017,2017-01-02T17:15:00,West Ham,Manchester United,https://www.xscores.com/soccer/match/west-ham-vs-manchester-united/02-01-2017/1462310
2016/2017,2017-01-03T19:45:00,Bournemouth,Arsenal,https://www.xscores.com/soccer/match/bournemouth-vs-arsenal/03-01-2017/1462301
2016/2017,2017-01-03T20:00:00,Crystal Palace,Swansea,https://www.xscores.com/soccer/match/crystal-palace-vs-swansea/03-01-2017/1462302
2016/2017,2017-01-03T20:00:00,Stoke,Watford,https://www.xscores.com/soccer/match/stoke-vs-watford/03-01-2017/1462306
2016/2017,2017-01-04T20:00:00,Tottenham,Chelsea,https://www.xscores.com/soccer/match/tottenham-vs-chelsea/04-01-2017/1462308
2016/2017,2017-01-14T12:30:00,Tottenham,West Bromwich,https://www.xscores.com/soccer/match/tottenham-vs-west-bromwich/14-01-2017/1462298
2016/2017,2017-01-14T15:00:00,Burnley,Southampton,https://www.xscores.com/soccer/match/burnley-vs-southampton/14-01-2017/1462291
2016/2017,2017-01-14T15:00:00,Hull,Bournemouth,https://www.xscores.com/soccer/match/hull-vs-bournemouth/14-01-2017/1462293
2016/2017,2017-01-14T15:00:00,Sunderland,Stoke,https://www.xscores.com/soccer/match/sunderland-vs-stoke/14-01-2017/1462296
2016/2017,2017-01-14T15:00:00,Swansea,Arsenal,https://www.xscores.com/soccer/match/swansea-vs-arsenal/14-01-2017/1462297
2016/2017,2017-01-14T15:00:00,Watford,Middlesbrough,https://www.xscores.com/soccer/match/watford-vs-middlesbrough/14-01-2017/1462299
2016/2017,2017-01-14T15:00:00,West Ham,Crystal Palace,https://www.xscores.com/soccer/match/west-ham-vs-crystal-palace/14-01-2017/1462300
2016/2017,2017-01-14T17:30:00,Leicester,Chelsea,https://www.xscores.com/soccer/match/leicester-vs-chelsea/14-01-2017/1462294
2016/2017,2017-01-15T13:30:00,Everton,Manchester City,https://www.xscores.com/soccer/match/everton-vs-manchester-city/15-01-2017/1462292
2016/2017,2017-01-15T16:00:00,Manchester United,Liverpool,https://www.xscores.com/soccer/match/manchester-united-vs-liverpool/15-01-2017/1462295
2016/2017,2017-01-21T12:30:00,Liverpool,Swansea,https://www.xscores.com/soccer/match/liverpool-vs-swansea/21-01-2017/1462285
2016/2017,2017-01-21T15:00:00,Bournemouth,Watford,https://www.xscores.com/soccer/match/bournemouth-vs-watford/21-01-2017/1462281
2016/2017,2017-01-21T15:00:00,Crystal Palace,Everton,https://www.xscores.com/soccer/match/crystal-palace-vs-everton/21-01-2017/1462284
2016/2017,2017-01-21T15:00:00,Middlesbrough,West Ham,https://www.xscores.com/soccer/match/middlesbrough-vs-west-ham/21-01-2017/1462287
2016/2017,2017-01-21T15:00:00,Stoke,Manchester United,https://www.xscores.com/soccer/match/stoke-vs-manchester-united/21-01-2017/1462289
2016/2017,2017-01-21T15:00:00,West Bromwich,Sunderland,https://www.xscores.com/soccer/match/west-bromwich-vs-sunderland/21-01-2017/1462290
2016/2017,2017-01-21T17:30:00,Manchester City,Tottenham,https://www.xscores.com/soccer/match/manchester-city-vs-tottenham/21-01-2017/1462286
2016/2017,2017-01-22T12:00:00,Southampton,Leicester,https://www.xscores.com/soccer/match/southampton-vs-leicester/22-01-2017/1462288
2016/2017,2017-01-22T14:15:00,Arsenal,Burnley,https://www.xscores.com/soccer/match/arsenal-vs-burnley/22-01-2017/1462282
2016/2017,2017-01-22T16:30:00,Chelsea,Hull,https://www.xscores.com/soccer/match/chelsea-vs-hull/22-01-2017/1462283
2016/2017,2017-01-31T19:45:00,Arsenal,Watford,https://www.xscores.com/soccer/match/arsenal-vs-watford/31-01-2017/1462272
2016/2017,2017-01-31T19:45:00,Bournemouth,Crystal Palace,https://www.xscores.com/soccer/match/bournemouth-vs-crystal-palace/31-01-2017/1462271
2016/2017,2017-01-31T19:45:00,Burnley,Leicester,https://www.xscores.com/soccer/match/burnley-vs-leicester/31-01-2017/1462273
2016/2017,2017-01-31T19:45:00,Middlesbrough,West Bromwich,https://www.xscores.com/soccer/match/middlesbrough-vs-west-bromwich/31-01-2017/1462275
2016/2017,2017-01-31T19:45:00,Sunderland,Tottenham,https://www.xscores.com/soccer/match/sunderland-vs-tottenham/31-01-2017/1462276
2016/2017,2017-01-31T19:45:00,Swansea,Southampton,https://www.xscores.com/soccer/match/swansea-vs-southampton/31-01-2017/1462277
2016/2017,2017-01-31T20:00:00,Liverpool,Chelsea,https://www.xscores.com/soccer/match/liverpool-vs-chelsea/31-01-2017/1462279
2016/2017,2017-02-01T19:45:00,West Ham,Manchester City,https://www.xscores.com/soccer/match/west-ham-vs-manchester-city/01-02-2017/1462278
2016/2017,2017-02-01T20:00:00,Manchester United,Hull,https://www.xscores.com/soccer/match/manchester-united-vs-hull/01-02-2017/1462274
2016/2017,2017-02-01T20:00:00,Stoke,Everton,https://www.xscores.com/soccer/match/stoke-vs-everton/01-02-2017/1462280
2016/2017,2017-02-04T12:30:00,Chelsea,Arsenal,https://www.xscores.com/soccer/match/chelsea-vs-arsenal/04-02-2017/1462261
2016/2017,2017-02-04T15:00:00,Crystal Palace,Sunderland,https://www.xscores.com/soccer/match/crystal-palace-vs-sunderland/04-02-2017/1462262
2016/2017,2017-02-04T15:00:00,Everton,Bournemouth,https://www.xscores.com/soccer/match/everton-vs-bournemouth/04-02-2017/1462263
2016/2017,2017-02-04T15:00:00,Hull,Liverpool,https://www.xscores.com/soccer/match/hull-vs-liverpool/04-02-2017/1462264
2016/2017,2017-02-04T15:00:00,Southampton,West Ham,https://www.xscores.com/soccer/match/southampton-vs-west-ham/04-02-2017/1462267
2016/2017,2017-02-04T15:00:00,Watford,Burnley,https://www.xscores.com/soccer/match/watford-vs-burnley/04-02-2017/1462269
2016/2017,2017-02-04T15:00:00,West Bromwich,Stoke,https://www.xscores.com/soccer/match/west-bromwich-vs-stoke/04-02-2017/1462270
2016/2017,2017-02-04T17:30:00,Tottenham,Middlesbrough,https://www.xscores.com/soccer/match/tottenham-vs-middlesbrough/04-02-2017/1462268
2016/2017,2017-02-05T13:30:00,Manchester City,Swansea,https://www.xscores.com/soccer/match/manchester-city-vs-swansea/05-02-2017/1462266
2016/2017,2017-02-05T16:00:00,Leicester,Manchester United,https://www.xscores.com/soccer/match/leicester-vs-manchester-united/05-02-2017/1462265
2016/2017,2017-02-11T12:30:00,Arsenal,Hull,https://www.xscores.com/soccer/match/arsenal-vs-hull/11-02-2017/1462252
2016/2017,2017-02-11T15:00:00,Manchester United,Watford,https://www.xscores.com/soccer/match/manchester-united-vs-watford/11-02-2017/1462255
2016/2017,2017-02-11T15:00:00,Middlesbrough,Everton,https://www.xscores.com/soccer/match/middlesbrough-vs-everton/11-02-2017/1462256
2016/2017,2017-02-11T15:00:00,Stoke,Crystal Palace,https://www.xscores.com/soccer/match/stoke-vs-crystal-palace/11-02-2017/1462257
2016/2017,2017-02-11T15:00:00,Sunderland,Southampton,https://www.xscores.com/soccer/match/sunderland-vs-southampton/11-02-2017/1462258
2016/2017,2017-02-11T15:00:00,West Ham,West Bromwich,https://www.xscores.com/soccer/match/west-ham-vs-west-bromwich/11-02-2017/1462260
2016/2017,2017-02-11T17:30:00,Liverpool,Tottenham,https://www.xscores.com/soccer/match/liverpool-vs-tottenham/11-02-2017/1462254
2016/2017,2017-02-12T13:30:00,Burnley,Chelsea,https://www.xscores.com/soccer/match/burnley-vs-chelsea/12-02-2017/1462253
2016/2017,2017-02-12T16:00:00,Swansea,Leicester,https://www.xscores.com/soccer/match/swansea-vs-leicester/12-02-2017/1462259
2016/2017,2017-02-13T20:00:00,Bournemouth,Manchester City,https://www.xscores.com/soccer/match/bournemouth-vs-manchester-city/13-02-2017/1462251
2016/2017,2017-02-25T15:00:00,Chelsea,Swansea,https://www.xscores.com/soccer/match/chelsea-vs-swansea/25-02-2017/1462241
2016/2017,2017-02-25T15:00:00,Crystal Palace,Middlesbrough,https://www.xscores.com/soccer/match/crystal-palace-vs-middlesbrough/25-02-2017/1462242
2016/2017,2017-02-25T15:00:00,Everton,Sunderland,https://www.xscores.com/soccer/match/everton-vs-sunderland/25-02-2017/1462243
2016/2017,2017-02-25T15:00:00,Hull,Burnley,https://www.xscores.com/soccer/match/hull-vs-burnley/25-02-2017/1462244
2016/2017,2017-02-25T15:00:00,West Bromwich,Bournemouth,https://www.xscores.com/soccer/match/west-bromwich-vs-bournemouth/25-02-2017/1462250
2016/2017,2017-02-25T17:30:00,Watford,West Ham,https://www.xscores.com/soccer/match/watford-vs-west-ham/25-02-2017/1462249
2016/2017,2017-02-26T13:30:00,Tottenham,Stoke,https://www.xscores.com/soccer/match/tottenham-vs-stoke/26-02-2017/1462248
2016/2017,2017-02-27T20:00:00,Leicester,Liverpool,https://www.xscores.com/soccer/match/leicester-vs-liverpool/27-02-2017/1462245
2016/2017,2017-04-27T20:00:00,Manchester City,Manchester United,https://www.xscores.com/soccer/match/manchester-city-vs-manchester-united/27-04-2017/1462246
2016/2017,2017-05-10T19:45:00,Southampton,Arsenal,https://www.xscores.com/soccer/match/southampton-vs-arsenal/10-05-2017/1462247
2016/2017,2017-03-04T12:30:00,Manchester United,Bournemouth,https://www.xscores.com/soccer/match/manchester-united-vs-bournemouth/04-03-2017/1462233
2016/2017,2017-03-04T15:00:00,Leicester,Hull,https://www.xscores.com/soccer/match/leicester-vs-hull/04-03-2017/1462231
2016/2017,2017-03-04T15:00:00,Stoke,Middlesbrough,https://www.xscores.com/soccer/match/stoke-vs-middlesbrough/04-03-2017/1462234
2016/2017,2017-03-04T15:00:00,Swansea,Burnley,https://www.xscores.com/soccer/match/swansea-vs-burnley/04-03-2017/1462236
2016/2017,2017-03-04T15:00:00,Watford,Southampton,https://www.xscores.com/soccer/match/watford-vs-southampton/04-03-2017/1462238
2016/2017,2017-03-04T15:00:00,West Bromwich,Crystal Palace,https://www.xscores.com/soccer/match/west-bromwich-vs-crystal-palace/04-03-2017/1462239
2016/2017,2017-03-04T17:30:00,Liverpool,Arsenal,https://www.xscores.com/soccer/match/liverpool-vs-arsenal/04-03-2017/1462232
2016/2017,2017-03-05T13:30:00,Tottenham,Everton,https://www.xscores.com/soccer/match/tottenham-vs-everton/05-03-2017/1462237
2016/2017,2017-03-05T16:00:00,Sunderland,Manchester City,https://www.xscores.com/soccer/match/sunderland-vs-manchester-city/05-03-2017/1462235
2016/2017,2017-03-06T20:00:00,West Ham,Chelsea,https://www.xscores.com/soccer/match/west-ham-vs-chelsea/06-03-2017/1462240
2016/2017,2017-03-08T20:00:00,Manchester City,Stoke,https://www.xscores.com/soccer/match/manchester-city-vs-stoke/08-03-2017/1462228
2016/2017,2017-03-11T15:00:00,Bournemouth,West Ham,https://www.xscores.com/soccer/match/bournemouth-vs-west-ham/11-03-2017/1462221
2016/2017,2017-03-11T15:00:00,Everton,West Bromwich,https://www.xscores.com/soccer/match/everton-vs-west-bromwich/11-03-2017/1462226
2016/2017,2017-03-11T15:00:00,Hull,Swansea,https://www.xscores.com/soccer/match/hull-vs-swansea/11-03-2017/1462227
2016/2017,2017-03-12T16:00:00,Liverpool,Burnley,https://www.xscores.com/soccer/match/liverpool-vs-burnley/12-03-2017/1462223
2016/2017,2017-04-26T19:45:00,Arsenal,Leicester,https://www.xscores.com/soccer/match/arsenal-vs-leicester/26-04-2017/1462222
2016/2017,2017-04-26T19:45:00,Middlesbrough,Sunderland,https://www.xscores.com/soccer/match/middlesbrough-vs-sunderland/26-04-2017/1462229
2016/2017,2017-04-26T20:00:00,Crystal Palace,Tottenham,https://www.xscores.com/soccer/match/crystal-palace-vs-tottenham/26-04-2017/1462225
2016/2017,2017-05-15T20:00:00,Chelsea,Watford,https://www.xscores.com/soccer/match/chelsea-vs-watford/15-05-2017/1462224
2016/2017,2017-05-17T19:45:00,Southampton,Manchester United,https://www.xscores.com/soccer/match/southampton-vs-manchester-united/17-05-2017/1462230
2016/2017,2017-03-18T12:30:00,West Bromwich,Arsenal,https://www.xscores.com/soccer/match/west-bromwich-vs-arsenal/18-03-2017/1462210
2016/2017,2017-03-18T15:00:00,Crystal Palace,Watford,https://www.xscores.com/soccer/match/crystal-palace-vs-watford/18-03-2017/1462192
2016/2017,2017-03-18T15:00:00,Everton,Hull,https://www.xscores.com/soccer/match/everton-vs-hull/18-03-2017/1462193
2016/2017,2017-03-18T15:00:00,Stoke,Chelsea,https://www.xscores.com/soccer/match/stoke-vs-chelsea/18-03-2017/1462199
2016/2017,2017-03-18T15:00:00,Sunderland,Burnley,https://www.xscores.com/soccer/match/sunderland-vs-burnley/18-03-2017/1462207
2016/2017,2017-03-18T15:00:00,West Ham,Leicester,https://www.xscores.com/soccer/match/west-ham-vs-leicester/18-03-2017/1462213
2016/2017,2017-03-18T17:30:00,Bournemouth,Swansea,https://www.xscores.com/soccer/match/bournemouth-vs-swansea/18-03-2017/1462191
2016/2017,2017-03-19T12:00:00,Middlesbrough,Manchester United,https://www.xscores.com/soccer/match/middlesbrough-vs-manchester-united/19-03-2017/1462195
2016/2017,2017-03-19T14:15:00,Tottenham,Southampton,https://www.xscores.com/soccer/match/tottenham-vs-southampton/19-03-2017/1462208
2016/2017,2017-03-19T16:30:00,Manchester City,Liverpool,https://www.xscores.com/soccer/match/manchester-city-vs-liverpool/19-03-2017/1462194
2016/2017,2017-04-01T12:30:00,Liverpool,Everton,https://www.xscores.com/soccer/match/liverpool-vs-everton/01-04-2017/1462177
2016/2017,2017-04-01T15:00:00,Burnley,Tottenham,https://www.xscores.com/soccer/match/burnley-vs-tottenham/01-04-2017/1462172
2016/2017,2017-04-01T15:00:00,Chelsea,Crystal Palace,https://www.xscores.com/soccer/match/chelsea-vs-crystal-palace/01-04-2017/1462173
2016/2017,2017-04-01T15:00:00,Hull,West Ham,https://www.xscores.com/soccer/match/hull-vs-west-ham/01-04-2017/1462174
2016/2017,2017-04-01T15:00:00,Leicester,Stoke,https://www.xscores.com/soccer/match/leicester-vs-stoke/01-04-2017/1462175
2016/2017,2017-04-01T15:00:00,Manchester United,West Bromwich,https://www.xscores.com/soccer/match/manchester-united-vs-west-bromwich/01-04-2017/1462181
2016/2017,2017-04-01T15:00:00,Watford,Sunderland,https://www.xscores.com/soccer/match/watford-vs-sunderland/01-04-2017/1462187
2016/2017,2017-04-01T17:30:00,Southampton,Bournemouth,https://www.xscores.com/soccer/match/southampton-vs-bournemouth/01-04-2017/1462183
2016/2017,2017-04-02T13:30:00,Swansea,Middlesbrough,https://www.xscores.com/soccer/match/swansea-vs-middlesbrough/02-04-2017/1462185
2016/2017,2017-04-02T16:00:00,Arsenal,Manchester City,https://www.xscores.com/soccer/match/arsenal-vs-manchester-city/02-04-2017/1462170
2016/2017,2017-04-04T19:45:00,Burnley,Stoke,https://www.xscores.com/soccer/match/burnley-vs-stoke/04-04-2017/1462142
2016/2017,2017-04-04T19:45:00,Leicester,Sunderland,https://www.xscores.com/soccer/match/leicester-vs-sunderland/04-04-2017/1462147
2016/2017,2017-04-04T19:45:00,Watford,West Bromwich,https://www.xscores.com/soccer/match/watford-vs-west-bromwich/04-04-2017/1462157
2016/2017,2017-04-04T20:00:00,Manchester United,Everton,https://www.xscores.com/soccer/match/manchester-united-vs-everton/04-04-2017/1462151
2016/2017,2017-04-05T19:45:00,Arsenal,West Ham,https://www.xscores.com/soccer/match/arsenal-vs-west-ham/05-04-2017/1462141
2016/2017,2017-04-05T19:45:00,Hull,Middlesbrough,https://www.xscores.com/soccer/match/hull-vs-middlesbrough/05-04-2017/1462143
2016/2017,2017-04-05T19:45:00,Southampton,Crystal Palace,https://www.xscores.com/soccer/match/southampton-vs-crystal-palace/05-04-2017/1462161
2016/2017,2017-04-05T19:45:00,Swansea,Tottenham,https://www.xscores.com/soccer/match/swansea-vs-tottenham/05-04-2017/1462155
2016/2017,2017-04-05T20:00:00,Chelsea,Manchester City,https://www.xscores.com/soccer/match/chelsea-vs-manchester-city/05-04-2017/1462158
2016/2017,2017-04-05T20:00:00,Liverpool,Bournemouth,https://www.xscores.com/soccer/match/liverpool-vs-bournemouth/05-04-2017/1462159
2016/2017,2017-04-08T12:30:00,Tottenham,Watford,https://www.xscores.com/soccer/match/tottenham-vs-watford/08-04-2017/1462119
2016/2017,2017-04-08T15:00:00,Manchester City,Hull,https://www.xscores.com/soccer/match/manchester-city-vs-hull/08-04-2017/1462111
2016/2017,2017-04-08T15:00:00,Middlesbrough,Burnley,https://www.xscores.com/soccer/match/middlesbrough-vs-burnley/08-04-2017/1462112
2016/2017,2017-04-08T15:00:00,Stoke,Liverpool,https://www.xscores.com/soccer/match/stoke-vs-liverpool/08-04-2017/1462116
2016/2017,2017-04-08T15:00:00,West Bromwich,Southampton,https://www.xscores.com/soccer/match/west-bromwich-vs-southampton/08-04-2017/1462122
2016/2017,2017-04-08T15:00:00,West Ham,Swansea,https://www.xscores.com/soccer/match/west-ham-vs-swansea/08-04-2017/1462125
2016/2017,2017-04-08T17:30:00,Bournemouth,Chelsea,https://www.xscores.com/soccer/match/bournemouth-vs-chelsea/08-04-2017/1462105
2016/2017,2017-04-09T13:30:00,Sunderland,Manchester United,https://www.xscores.com/soccer/match/sunderland-vs-manchester-united/09-04-2017/1462117
2016/2017,2017-04-09T16:00:00,Everton,Leicester,https://www.xscores.com/soccer/match/everton-vs-leicester/09-04-2017/1462109
2016/2017,2017-04-10T20:00:00,Crystal Palace,Arsenal,https://www.xscores.com/soccer/match/crystal-palace-vs-arsenal/10-04-2017/1462107
2016/2017,2017-04-15T12:30:00,Tottenham,Bournemouth,https://www.xscores.com/soccer/match/tottenham-vs-bournemouth/15-04-2017/1462098
2016/2017,2017-04-15T15:00:00,Crystal Palace,Leicester,https://www.xscores.com/soccer/match/crystal-palace-vs-leicester/15-04-2017/1462081
2016/2017,2017-04-15T15:00:00,Everton,Burnley,https://www.xscores.com/soccer/match/everton-vs-burnley/15-04-2017/1462082
2016/2017,2017-04-15T15:00:00,Stoke,Hull,https://www.xscores.com/soccer/match/stoke-vs-hull/15-04-2017/1462086
2016/2017,2017-04-15T15:00:00,Sunderland,West Ham,https://www.xscores.com/soccer/match/sunderland-vs-west-ham/15-04-2017/1462096
2016/2017,2017-04-15T15:00:00,Watford,Swansea,https://www.xscores.com/soccer/match/watford-vs-swansea/15-04-2017/1462099
2016/2017,2017-04-15T17:30:00,Southampton,Manchester City,https://www.xscores.com/soccer/match/southampton-vs-manchester-city/15-04-2017/1462085
2016/2017,2017-04-16T13:30:00,West Bromwich,Liverpool,https://www.xscores.com/soccer/match/west-bromwich-vs-liverpool/16-04-2017/1462100
2016/2017,2017-04-16T16:00:00,Manchester United,Chelsea,https://www.xscores.com/soccer/match/manchester-united-vs-chelsea/16-04-2017/1462083
2016/2017,2017-04-17T20:00:00,Middlesbrough,Arsenal,https://www.xscores.com/soccer/match/middlesbrough-vs-arsenal/17-04-2017/1462084
2016/2017,2017-04-22T15:00:00,Bournemouth,Middlesbrough,https://www.xscores.com/soccer/match/bournemouth-vs-middlesbrough/22-04-2017/1462061
2016/2017,2017-04-22T15:00:00,Hull,Watford,https://www.xscores.com/soccer/match/hull-vs-watford/22-04-2017/1462066
2016/2017,2017-04-22T15:00:00,Swansea,Stoke,https://www.xscores.com/soccer/match/swansea-vs-stoke/22-04-2017/1462077
2016/2017,2017-04-22T15:00:00,West Ham,Everton,https://www.xscores.com/soccer/match/west-ham-vs-everton/22-04-2017/1462079
2016/2017,2017-04-23T14:15:00,Burnley,Manchester United,https://www.xscores.com/soccer/match/burnley-vs-manchester-united/23-04-2017/1462063
2016/2017,2017-04-23T16:30:00,Liverpool,Crystal Palace,https://www.xscores.com/soccer/match/liverpool-vs-crystal-palace/23-04-2017/1462073
2016/2017,2017-04-25T19:45:00,Chelsea,Southampton,https://www.xscores.com/soccer/match/chelsea-vs-southampton/25-04-2017/1462064
2016/2017,2017-05-16T19:45:00,Arsenal,Sunderland,https://www.xscores.com/soccer/match/arsenal-vs-sunderland/16-05-2017/1462062
2016/2017,2017-05-16T20:00:00,Manchester City,West Bromwich,https://www.xscores.com/soccer/match/manchester-city-vs-west-bromwich/16-05-2017/1462075
2016/2017,2017-05-18T19:45:00,Leicester,Tottenham,https://www.xscores.com/soccer/match/leicester-vs-tottenham/18-05-2017/1462069
2016/2017,2017-04-29T15:00:00,Southampton,Hull,https://www.xscores.com/soccer/match/southampton-vs-hull/29-04-2017/1462050
2016/2017,2017-04-29T15:00:00,Stoke,West Ham,https://www.xscores.com/soccer/match/stoke-vs-west-ham/29-04-2017/1462053
2016/2017,2017-04-29T15:00:00,Sunderland,Bournemouth,https://www.xscores.com/soccer/match/sunderland-vs-bournemouth/29-04-2017/1462055
2016/2017,2017-04-29T15:00:00,West Bromwich,Leicester,https://www.xscores.com/soccer/match/west-bromwich-vs-leicester/29-04-2017/1462060
2016/2017,2017-04-29T17:30:00,Crystal Palace,Burnley,https://www.xscores.com/soccer/match/crystal-palace-vs-burnley/29-04-2017/1462042
2016/2017,2017-04-30T12:00:00,Manchester United,Swansea,https://www.xscores.com/soccer/match/manchester-united-vs-swansea/30-04-2017/1462047
2016/2017,2017-04-30T14:05:00,Everton,Chelsea,https://www.xscores.com/soccer/match/everton-vs-chelsea/30-04-2017/1462044
2016/2017,2017-04-30T14:05:00,Middlesbrough,Manchester City,https://www.xscores.com/soccer/match/middlesbrough-vs-manchester-city/30-04-2017/1462049
2016/2017,2017-04-30T16:30:00,Tottenham,Arsenal,https://www.xscores.com/soccer/match/tottenham-vs-arsenal/30-04-2017/1462058
2016/2017,2017-05-01T20:00:00,Watford,Liverpool,https://www.xscores.com/soccer/match/watford-vs-liverpool/01-05-2017/1462059
2016/2017,2017-05-05T20:00:00,West Ham,Tottenham,https://www.xscores.com/soccer/match/west-ham-vs-tottenham/05-05-2017/1462040
2016/2017,2017-05-06T12:30:00,Manchester City,Crystal Palace,https://www.xscores.com/soccer/match/manchester-city-vs-crystal-palace/06-05-2017/1462036
2016/2017,2017-05-06T15:00:00,Bournemouth,Stoke,https://www.xscores.com/soccer/match/bournemouth-vs-stoke/06-05-2017/1462024
2016/2017,2017-05-06T15:00:00,Burnley,West Bromwich,https://www.xscores.com/soccer/match/burnley-vs-west-bromwich/06-05-2017/1462026
2016/2017,2017-05-06T15:00:00,Hull,Sunderland,https://www.xscores.com/soccer/match/hull-vs-sunderland/06-05-2017/1462030
2016/2017,2017-05-06T15:00:00,Leicester,Watford,https://www.xscores.com/soccer/match/leicester-vs-watford/06-05-2017/1462032
2016/2017,2017-05-06T17:30:00,Swansea,Everton,https://www.xscores.com/soccer/match/swansea-vs-everton/06-05-2017/1462038
2016/2017,2017-05-07T13:30:00,Liverpool,Southampton,https://www.xscores.com/soccer/match/liverpool-vs-southampton/07-05-2017/1462034
2016/2017,2017-05-07T16:00:00,Arsenal,Manchester United,https://www.xscores.com/soccer/match/arsenal-vs-manchester-united/07-05-2017/1462025
2016/2017,2017-05-08T20:00:00,Chelsea,Middlesbrough,https://www.xscores.com/soccer/match/chelsea-vs-middlesbrough/08-05-2017/1462028
2016/2017,2017-05-12T19:45:00,Everton,Watford,https://www.xscores.com/soccer/match/everton-vs-watford/12-05-2017/1462005
2016/2017,2017-05-12T20:00:00,West Bromwich,Chelsea,https://www.xscores.com/soccer/match/west-bromwich-vs-chelsea/12-05-2017/1462017
2016/2017,2017-05-13T12:30:00,Manchester City,Leicester,https://www.xscores.com/soccer/match/manchester-city-vs-leicester/13-05-2017/1462007
2016/2017,2017-05-13T15:00:00,Bournemouth,Burnley,https://www.xscores.com/soccer/match/bournemouth-vs-burnley/13-05-2017/1462001
2016/2017,2017-05-13T15:00:00,Middlesbrough,Southampton,https://www.xscores.com/soccer/match/middlesbrough-vs-southampton/13-05-2017/1462009
2016/2017,2017-05-13T15:00:00,Sunderland,Swansea,https://www.xscores.com/soccer/match/sunderland-vs-swansea/13-05-2017/1462013
2016/2017,2017-05-13T17:30:00,Stoke,Arsenal,https://www.xscores.com/soccer/match/stoke-vs-arsenal/13-05-2017/1462011
2016/2017,2017-05-14T12:00:00,Crystal Palace,Hull,https://www.xscores.com/soccer/match/crystal-palace-vs-hull/14-05-2017/1462003
2016/2017,2017-05-14T14:15:00,West Ham,Liverpool,https://www.xscores.com/soccer/match/west-ham-vs-liverpool/14-05-2017/1462019
2016/2017,2017-05-14T16:30:00,Tottenham,Manchester United,https://www.xscores.com/soccer/match/tottenham-vs-manchester-united/14-05-2017/1462015
2016/2017,2017-05-21T15:00:00,Arsenal,Everton,https://www.xscores.com/soccer/match/arsenal-vs-everton/21-05-2017/1461969
2016/2017,2017-05-21T15:00:00,Burnley,West Ham,https://www.xscores.com/soccer/match/burnley-vs-west-ham/21-05-2017/1461971
2016/2017,2017-05-21T15:00:00,Chelsea,Sunderland,https://www.xscores.com/soccer/match/chelsea-vs-sunderland/21-05-2017/1461973
2016/2017,2017-05-21T15:00:00,Hull,Tottenham,https://www.xscores.com/soccer/match/hull-vs-tottenham/21-05-2017/1461974
2016/2017,2017-05-21T15:00:00,Leicester,Bournemouth,https://www.xscores.com/soccer/match/leicester-vs-bournemouth/21-05-2017/1461975
2016/2017,2017-05-21T15:00:00,Liverpool,Middlesbrough,https://www.xscores.com/soccer/match/liverpool-vs-middlesbrough/21-05-2017/1461976
2016/2017,2017-05-21T15:00:00,Manchester United,Crystal Palace,https://www.xscores.com/soccer/match/manchester-united-vs-crystal-palace/21-05-2017/1461977
2016/2017,2017-05-21T15:00:00,Southampton,Stoke,https://www.xscores.com/soccer/match/southampton-vs-stoke/21-05-2017/1461978
2016/2017,2017-05-21T15:00:00,Swansea,West Bromwich,https://www.xscores.com/soccer/match/swansea-vs-west-bromwich/21-05-2017/1461979
2016/2017,2017-05-21T15:00:00,Watford,Manchester City,https://www.xscores.com/soccer/match/watford-vs-manchester-city/21-05-2017/1461980
