season,date,home_team,away_team,url
2015/2016,2015-08-08T12:45:00,Manchester United,Tottenham,https://www.xscores.com/soccer/match/manchester-united-vs-tottenham/08-08-2015/1458424
2015/2016,2015-08-08T15:00:00,Bournemouth,Aston Villa,https://www.xscores.com/soccer/match/bournemouth-vs-aston-villa/08-08-2015/1458415
2015/2016,2015-08-08T15:00:00,Everton,Watford,https://www.xscores.com/soccer/match/everton-vs-watford/08-08-2015/1458419
2015/2016,2015-08-08T15:00:00,Leicester,Sunderland,https://www.xscores.com/soccer/match/leicester-vs-sunderland/08-08-2015/1458421
2015/2016,2015-08-08T15:00:00,Norwich,Crystal Palace,https://www.xscores.com/soccer/match/norwich-vs-crystal-palace/08-08-2015/1458427
2015/2016,2015-08-08T17:30:00,Chelsea,Swansea,https://www.xscores.com/soccer/match/chelsea-vs-swansea/08-08-2015/1458417
2015/2016,2015-08-09T13:30:00,Arsenal,West Ham,https://www.xscores.com/soccer/match/arsenal-vs-west-ham/09-08-2015/1458413
2015/2016,2015-08-09T13:30:00,Newcastle,Southampton,https://www.xscores.com/soccer/match/newcastle-vs-southampton/09-08-2015/1458425
2015/2016,2015-08-09T16:00:00,Stoke,Liverpool,https://www.xscores.com/soccer/match/stoke-vs-liverpool/09-08-2015/1458429
2015/2016,2015-08-10T20:00:00,West Bromwich,Manchester City,https://www.xscores.com/soccer/match/west-bromwich-vs-manchester-city/10-08-2015/1458431
2015/2016,2015-08-14T19:45:00,Aston Villa,Manchester United,https://www.xscores.com/soccer/match/aston-villa-vs-manchester-united/14-08-2015/1458432
2015/2016,2015-08-15T12:45:00,Southampton,Everton,https://www.xscores.com/soccer/match/southampton-vs-everton/15-08-2015/1458444
2015/2016,2015-08-15T15:00:00,Sunderland,Norwich,https://www.xscores.com/soccer/match/sunderland-vs-norwich/15-08-2015/1458447
2015/2016,2015-08-15T15:00:00,Swansea,Newcastle,https://www.xscores.com/soccer/match/swansea-vs-newcastle/15-08-2015/1458449
2015/2016,2015-08-15T15:00:00,Tottenham,Stoke,https://www.xscores.com/soccer/match/tottenham-vs-stoke/15-08-2015/1458446
2015/2016,2015-08-15T15:00:00,Watford,West Bromwich,https://www.xscores.com/soccer/match/watford-vs-west-bromwich/15-08-2015/1458450
2015/2016,2015-08-15T15:00:00,West Ham,Leicester,https://www.xscores.com/soccer/match/west-ham-vs-leicester/15-08-2015/1458451
2015/2016,2015-08-16T13:30:00,Crystal Palace,Arsenal,https://www.xscores.com/soccer/match/crystal-palace-vs-arsenal/16-08-2015/1458436
2015/2016,2015-08-16T16:00:00,Manchester City,Chelsea,https://www.xscores.com/soccer/match/manchester-city-vs-chelsea/16-08-2015/1458443
2015/2016,2015-08-17T20:00:00,Liverpool,Bournemouth,https://www.xscores.com/soccer/match/liverpool-vs-bournemouth/17-08-2015/1458438
2015/2016,2015-08-22T12:45:00,Manchester United,Newcastle,https://www.xscores.com/soccer/match/manchester-united-vs-newcastle/22-08-2015/1458468
2015/2016,2015-08-22T15:00:00,Crystal Palace,Aston Villa,https://www.xscores.com/soccer/match/crystal-palace-vs-aston-villa/22-08-2015/1458460
2015/2016,2015-08-22T15:00:00,Leicester,Tottenham,https://www.xscores.com/soccer/match/leicester-vs-tottenham/22-08-2015/1458466
2015/2016,2015-08-22T15:00:00,Norwich,Stoke,https://www.xscores.com/soccer/match/norwich-vs-stoke/22-08-2015/1458471
2015/2016,2015-08-22T15:00:00,Sunderland,Swansea,https://www.xscores.com/soccer/match/sunderland-vs-swansea/22-08-2015/1458473
2015/2016,2015-08-22T15:00:00,West Ham,Bournemouth,https://www.xscores.com/soccer/match/west-ham-vs-bournemouth/22-08-2015/1458477
2015/2016,2015-08-23T13:30:00,West Bromwich,Chelsea,https://www.xscores.com/soccer/match/west-bromwich-vs-chelsea/23-08-2015/1458480
2015/2016,2015-08-23T16:00:00,Everton,Manchester City,https://www.xscores.com/soccer/match/everton-vs-manchester-city/23-08-2015/1458465
2015/2016,2015-08-23T16:00:00,Watford,Southampton,https://www.xscores.com/soccer/match/watford-vs-southampton/23-08-2015/1458475
2015/2016,2015-08-24T20:00:00,Arsenal,Liverpool,https://www.xscores.com/soccer/match/arsenal-vs-liverpool/24-08-2015/1458457
2015/2016,2015-08-29T12:45:00,Newcastle,Arsenal,https://www.xscores.com/soccer/match/newcastle-vs-arsenal/29-08-2015/1458513
2015/2016,2015-08-29T15:00:00,Aston Villa,Sunderland,https://www.xscores.com/soccer/match/aston-villa-vs-sunderland/29-08-2015/1458485
2015/2016,2015-08-29T15:00:00,Bournemouth,Leicester,https://www.xscores.com/soccer/match/bournemouth-vs-leicester/29-08-2015/1458487
2015/2016,2015-08-29T15:00:00,Chelsea,Crystal Palace,https://www.xscores.com/soccer/match/chelsea-vs-crystal-palace/29-08-2015/1458506
2015/2016,2015-08-29T15:00:00,Liverpool,West Ham,https://www.xscores.com/soccer/match/liverpool-vs-west-ham/29-08-2015/1458509
2015/2016,2015-08-29T15:00:00,Manchester City,Watford,https://www.xscores.com/soccer/match/manchester-city-vs-watford/29-08-2015/1458511
2015/2016,2015-08-29T15:00:00,Stoke,West Bromwich,https://www.xscores.com/soccer/match/stoke-vs-west-bromwich/29-08-2015/1458518
2015/2016,2015-08-29T17:30:00,Tottenham,Everton,https://www.xscores.com/soccer/match/tottenham-vs-everton/29-08-2015/1458517
2015/2016,2015-08-30T13:30:00,Southampton,Norwich,https://www.xscores.com/soccer/match/southampton-vs-norwich/30-08-2015/1458515
2015/2016,2015-08-30T16:00:00,Swansea,Manchester United,https://www.xscores.com/soccer/match/swansea-vs-manchester-united/30-08-2015/1458520
2015/2016,2015-09-12T12:45:00,Everton,Chelsea,https://www.xscores.com/soccer/match/everton-vs-chelsea/12-09-2015/1458545
2015/2016,2015-09-12T15:00:00,Arsenal,Stoke,https://www.xscores.com/soccer/match/arsenal-vs-stoke/12-09-2015/1458542
2015/2016,2015-09-12T15:00:00,Crystal Palace,Manchester City,https://www.xscores.com/soccer/match/crystal-palace-vs-manchester-city/12-09-2015/1458544
2015/2016,2015-09-12T15:00:00,Norwich,Bournemouth,https://www.xscores.com/soccer/match/norwich-vs-bournemouth/12-09-2015/1458560
2015/2016,2015-09-12T15:00:00,Watford,Swansea,https://www.xscores.com/soccer/match/watford-vs-swansea/12-09-2015/1458573
2015/2016,2015-09-12T15:00:00,West Bromwich,Southampton,https://www.xscores.com/soccer/match/west-bromwich-vs-southampton/12-09-2015/1458584
2015/2016,2015-09-12T17:30:00,Manchester United,Liverpool,https://www.xscores.com/soccer/match/manchester-united-vs-liverpool/12-09-2015/1458557
2015/2016,2015-09-13T13:30:00,Sunderland,Tottenham,https://www.xscores.com/soccer/match/sunderland-vs-tottenham/13-09-2015/1458563
2015/2016,2015-09-13T16:00:00,Leicester,Aston Villa,https://www.xscores.com/soccer/match/leicester-vs-aston-villa/13-09-2015/1458553
2015/2016,2015-09-14T20:00:00,West Ham,Newcastle,https://www.xscores.com/soccer/match/west-ham-vs-newcastle/14-09-2015/1458588
2015/2016,2015-09-19T12:45:00,Chelsea,Arsenal,https://www.xscores.com/soccer/match/chelsea-vs-arsenal/19-09-2015/1458607
2015/2016,2015-09-19T15:00:00,Aston Villa,West Bromwich,https://www.xscores.com/soccer/match/aston-villa-vs-west-bromwich/19-09-2015/1458597
2015/2016,2015-09-19T15:00:00,Bournemouth,Sunderland,https://www.xscores.com/soccer/match/bournemouth-vs-sunderland/19-09-2015/1458605
2015/2016,2015-09-19T15:00:00,Newcastle,Watford,https://www.xscores.com/soccer/match/newcastle-vs-watford/19-09-2015/1458621
2015/2016,2015-09-19T15:00:00,Stoke,Leicester,https://www.xscores.com/soccer/match/stoke-vs-leicester/19-09-2015/1458644
2015/2016,2015-09-19T15:00:00,Swansea,Everton,https://www.xscores.com/soccer/match/swansea-vs-everton/19-09-2015/1458648
2015/2016,2015-09-19T17:30:00,Manchester City,West Ham,https://www.xscores.com/soccer/match/manchester-city-vs-west-ham/19-09-2015/1458619
2015/2016,2015-09-20T13:30:00,Tottenham,Crystal Palace,https://www.xscores.com/soccer/match/tottenham-vs-crystal-palace/20-09-2015/1458635
2015/2016,2015-09-20T16:00:00,Liverpool,Norwich,https://www.xscores.com/soccer/match/liverpool-vs-norwich/20-09-2015/1458617
2015/2016,2015-09-20T16:00:00,Southampton,Manchester United,https://www.xscores.com/soccer/match/southampton-vs-manchester-united/20-09-2015/1458630
2015/2016,2015-09-26T12:45:00,Tottenham,Manchester City,https://www.xscores.com/soccer/match/tottenham-vs-manchester-city/26-09-2015/1458677
2015/2016,2015-09-26T15:00:00,Leicester,Arsenal,https://www.xscores.com/soccer/match/leicester-vs-arsenal/26-09-2015/1458662
2015/2016,2015-09-26T15:00:00,Liverpool,Aston Villa,https://www.xscores.com/soccer/match/liverpool-vs-aston-villa/26-09-2015/1458664
2015/2016,2015-09-26T15:00:00,Manchester United,Sunderland,https://www.xscores.com/soccer/match/manchester-united-vs-sunderland/26-09-2015/1458666
2015/2016,2015-09-26T15:00:00,Southampton,Swansea,https://www.xscores.com/soccer/match/southampton-vs-swansea/26-09-2015/1458674
2015/2016,2015-09-26T15:00:00,Stoke,Bournemouth,https://www.xscores.com/soccer/match/stoke-vs-bournemouth/26-09-2015/1458680
2015/2016,2015-09-26T15:00:00,West Ham,Norwich,https://www.xscores.com/soccer/match/west-ham-vs-norwich/26-09-2015/1458689
2015/2016,2015-09-26T17:30:00,Newcastle,Chelsea,https://www.xscores.com/soccer/match/newcastle-vs-chelsea/26-09-2015/1458669
2015/2016,2015-09-27T16:00:00,Watford,Crystal Palace,https://www.xscores.com/soccer/match/watford-vs-crystal-palace/27-09-2015/1458684
2015/2016,2015-09-28T20:00:00,West Bromwich,Everton,https://www.xscores.com/soccer/match/west-bromwich-vs-everton/28-09-2015/1458686
2015/2016,2015-10-03T12:45:00,Crystal Palace,West Bromwich,https://www.xscores.com/soccer/match/crystal-palace-vs-west-bromwich/03-10-2015/1458760
2015/2016,2015-10-03T15:00:00,Aston Villa,Stoke,https://www.xscores.com/soccer/match/aston-villa-vs-stoke/03-10-2015/1458727
2015/2016,2015-10-03T15:00:00,Bournemouth,Watford,https://www.xscores.com/soccer/match/bournemouth-vs-watford/03-10-2015/1458730
2015/2016,2015-10-03T15:00:00,Manchester City,Newcastle,https://www.xscores.com/soccer/match/manchester-city-vs-newcastle/03-10-2015/1458764
2015/2016,2015-10-03T15:00:00,Norwich,Leicester,https://www.xscores.com/soccer/match/norwich-vs-leicester/03-10-2015/1458772
2015/2016,2015-10-03T15:00:00,Sunderland,West Ham,https://www.xscores.com/soccer/match/sunderland-vs-west-ham/03-10-2015/1458775
2015/2016,2015-10-03T17:30:00,Chelsea,Southampton,https://www.xscores.com/soccer/match/chelsea-vs-southampton/03-10-2015/1458746
2015/2016,2015-10-04T13:30:00,Everton,Liverpool,https://www.xscores.com/soccer/match/everton-vs-liverpool/04-10-2015/1458762
2015/2016,2015-10-04T16:00:00,Arsenal,Manchester United,https://www.xscores.com/soccer/match/arsenal-vs-manchester-united/04-10-2015/1458724
2015/2016,2015-10-04T16:00:00,Swansea,Tottenham,https://www.xscores.com/soccer/match/swansea-vs-tottenham/04-10-2015/1458778
2015/2016,2015-10-17T12:45:00,Tottenham,Liverpool,https://www.xscores.com/soccer/match/tottenham-vs-liverpool/17-10-2015/1458838
2015/2016,2015-10-17T15:00:00,Chelsea,Aston Villa,https://www.xscores.com/soccer/match/chelsea-vs-aston-villa/17-10-2015/1458815
2015/2016,2015-10-17T15:00:00,Crystal Palace,West Ham,https://www.xscores.com/soccer/match/crystal-palace-vs-west-ham/17-10-2015/1458818
2015/2016,2015-10-17T15:00:00,Everton,Manchester United,https://www.xscores.com/soccer/match/everton-vs-manchester-united/17-10-2015/1458823
2015/2016,2015-10-17T15:00:00,Manchester City,Bournemouth,https://www.xscores.com/soccer/match/manchester-city-vs-bournemouth/17-10-2015/1458824
2015/2016,2015-10-17T15:00:00,Southampton,Leicester,https://www.xscores.com/soccer/match/southampton-vs-leicester/17-10-2015/1458833
2015/2016,2015-10-17T15:00:00,West Bromwich,Sunderland,https://www.xscores.com/soccer/match/west-bromwich-vs-sunderland/17-10-2015/1458859
2015/2016,2015-10-17T17:30:00,Watford,Arsenal,https://www.xscores.com/soccer/match/watford-vs-arsenal/17-10-2015/1458845
2015/2016,2015-10-18T16:00:00,Newcastle,Norwich,https://www.xscores.com/soccer/match/newcastle-vs-norwich/18-10-2015/1458826
2015/2016,2015-10-19T20:00:00,Swansea,Stoke,https://www.xscores.com/soccer/match/swansea-vs-stoke/19-10-2015/1458842
2015/2016,2015-10-24T15:00:00,Aston Villa,Swansea,https://www.xscores.com/soccer/match/aston-villa-vs-swansea/24-10-2015/1458878
2015/2016,2015-10-24T15:00:00,Leicester,Crystal Palace,https://www.xscores.com/soccer/match/leicester-vs-crystal-palace/24-10-2015/1458882
2015/2016,2015-10-24T15:00:00,Norwich,West Bromwich,https://www.xscores.com/soccer/match/norwich-vs-west-bromwich/24-10-2015/1458888
2015/2016,2015-10-24T15:00:00,Stoke,Watford,https://www.xscores.com/soccer/match/stoke-vs-watford/24-10-2015/1458892
2015/2016,2015-10-24T15:00:00,West Ham,Chelsea,https://www.xscores.com/soccer/match/west-ham-vs-chelsea/24-10-2015/1458899
2015/2016,2015-10-24T17:30:00,Arsenal,Everton,https://www.xscores.com/soccer/match/arsenal-vs-everton/24-10-2015/1458876
2015/2016,2015-10-25T12:00:00,Sunderland,Newcastle,https://www.xscores.com/soccer/match/sunderland-vs-newcastle/25-10-2015/1458895
2015/2016,2015-10-25T14:05:00,Bournemouth,Tottenham,https://www.xscores.com/soccer/match/bournemouth-vs-tottenham/25-10-2015/1458880
2015/2016,2015-10-25T14:05:00,Manchester United,Manchester City,https://www.xscores.com/soccer/match/manchester-united-vs-manchester-city/25-10-2015/1458886
2015/2016,2015-10-25T16:15:00,Liverpool,Southampton,https://www.xscores.com/soccer/match/liverpool-vs-southampton/25-10-2015/1458885
2015/2016,2015-10-31T12:45:00,Chelsea,Liverpool,https://www.xscores.com/soccer/match/chelsea-vs-liverpool/31-10-2015/1458935
2015/2016,2015-10-31T15:00:00,Crystal Palace,Manchester United,https://www.xscores.com/soccer/match/crystal-palace-vs-manchester-united/31-10-2015/1458936
2015/2016,2015-10-31T15:00:00,Manchester City,Norwich,https://www.xscores.com/soccer/match/manchester-city-vs-norwich/31-10-2015/1458952
2015/2016,2015-10-31T15:00:00,Newcastle,Stoke,https://www.xscores.com/soccer/match/newcastle-vs-stoke/31-10-2015/1458957
2015/2016,2015-10-31T15:00:00,Swansea,Arsenal,https://www.xscores.com/soccer/match/swansea-vs-arsenal/31-10-2015/1458970
2015/2016,2015-10-31T15:00:00,Watford,West Ham,https://www.xscores.com/soccer/match/watford-vs-west-ham/31-10-2015/1458972
2015/2016,2015-10-31T15:00:00,West Bromwich,Leicester,https://www.xscores.com/soccer/match/west-bromwich-vs-leicester/31-10-2015/1458976
2015/2016,2015-11-01T13:30:00,Everton,Sunderland,https://www.xscores.com/soccer/match/everton-vs-sunderland/01-11-2015/1458937
2015/2016,2015-11-01T16:00:00,Southampton,Bournemouth,https://www.xscores.com/soccer/match/southampton-vs-bournemouth/01-11-2015/1458961
2015/2016,2015-11-02T20:00:00,Tottenham,Aston Villa,https://www.xscores.com/soccer/match/tottenham-vs-aston-villa/02-11-2015/1458966
2015/2016,2015-11-07T12:45:00,Bournemouth,Newcastle,https://www.xscores.com/soccer/match/bournemouth-vs-newcastle/07-11-2015/1459027
2015/2016,2015-11-07T15:00:00,Leicester,Watford,https://www.xscores.com/soccer/match/leicester-vs-watford/07-11-2015/1459031
2015/2016,2015-11-07T15:00:00,Manchester United,West Bromwich,https://www.xscores.com/soccer/match/manchester-united-vs-west-bromwich/07-11-2015/1459038
2015/2016,2015-11-07T15:00:00,Norwich,Swansea,https://www.xscores.com/soccer/match/norwich-vs-swansea/07-11-2015/1459039
2015/2016,2015-11-07T15:00:00,Sunderland,Southampton,https://www.xscores.com/soccer/match/sunderland-vs-southampton/07-11-2015/1459043
2015/2016,2015-11-07T15:00:00,West Ham,Everton,https://www.xscores.com/soccer/match/west-ham-vs-everton/07-11-2015/1459044
2015/2016,2015-11-07T17:30:00,Stoke,Chelsea,https://www.xscores.com/soccer/match/stoke-vs-chelsea/07-11-2015/1459041
2015/2016,2015-11-08T13:30:00,Aston Villa,Manchester City,https://www.xscores.com/soccer/match/aston-villa-vs-manchester-city/08-11-2015/1459024
2015/2016,2015-11-08T16:00:00,Arsenal,Tottenham,https://www.xscores.com/soccer/match/arsenal-vs-tottenham/08-11-2015/1459020
2015/2016,2015-11-08T16:00:00,Liverpool,Crystal Palace,https://www.xscores.com/soccer/match/liverpool-vs-crystal-palace/08-11-2015/1459036
2015/2016,2015-11-21T12:45:00,Watford,Manchester United,https://www.xscores.com/soccer/match/watford-vs-manchester-united/21-11-2015/1459062
2015/2016,2015-11-21T15:00:00,Chelsea,Norwich,https://www.xscores.com/soccer/match/chelsea-vs-norwich/21-11-2015/1459048
2015/2016,2015-11-21T15:00:00,Everton,Aston Villa,https://www.xscores.com/soccer/match/everton-vs-aston-villa/21-11-2015/1459051
2015/2016,2015-11-21T15:00:00,Newcastle,Leicester,https://www.xscores.com/soccer/match/newcastle-vs-leicester/21-11-2015/1459055
2015/2016,2015-11-21T15:00:00,Southampton,Stoke,https://www.xscores.com/soccer/match/southampton-vs-stoke/21-11-2015/1459058
2015/2016,2015-11-21T15:00:00,Swansea,Bournemouth,https://www.xscores.com/soccer/match/swansea-vs-bournemouth/21-11-2015/1459061
2015/2016,2015-11-21T15:00:00,West Bromwich,Arsenal,https://www.xscores.com/soccer/match/west-bromwich-vs-arsenal/21-11-2015/1459071
2015/2016,2015-11-21T17:30:00,Manchester City,Liverpool,https://www.xscores.com/soccer/match/manchester-city-vs-liverpool/21-11-2015/1459052
2015/2016,2015-11-22T16:00:00,Tottenham,West Ham,https://www.xscores.com/soccer/match/tottenham-vs-west-ham/22-11-2015/1459059
2015/2016,2015-11-23T20:00:00,Crystal Palace,Sunderland,https://www.xscores.com/soccer/match/crystal-palace-vs-sunderland/23-11-2015/1459050
2015/2016,2015-11-28T15:00:00,Aston Villa,Watford,https://www.xscores.com/soccer/match/aston-villa-vs-watford/28-11-2015/1459091
2015/2016,2015-11-28T15:00:00,Bournemouth,Everton,https://www.xscores.com/soccer/match/bournemouth-vs-everton/28-11-2015/1459095
2015/2016,2015-11-28T15:00:00,Crystal Palace,Newcastle,https://www.xscores.com/soccer/match/crystal-palace-vs-newcastle/28-11-2015/1459098
2015/2016,2015-11-28T15:00:00,Manchester City,Southampton,https://www.xscores.com/soccer/match/manchester-city-vs-southampton/28-11-2015/1459105
2015/2016,2015-11-28T15:00:00,Sunderland,Stoke,https://www.xscores.com/soccer/match/sunderland-vs-stoke/28-11-2015/1459112
2015/2016,2015-11-28T17:30:00,Leicester,Manchester United,https://www.xscores.com/soccer/match/leicester-vs-manchester-united/28-11-2015/1459101
2015/2016,2015-11-29T12:00:00,Tottenham,Chelsea,https://www.xscores.com/soccer/match/tottenham-vs-chelsea/29-11-2015/1459110
2015/2016,2015-11-29T14:05:00,West Ham,West Bromwich,https://www.xscores.com/soccer/match/west-ham-vs-west-bromwich/29-11-2015/1459114
2015/2016,2015-11-29T16:15:00,Liverpool,Swansea,https://www.xscores.com/soccer/match/liverpool-vs-swansea/29-11-2015/1459103
2015/2016,2015-11-29T16:15:00,Norwich,Arsenal,https://www.xscores.com/soccer/match/norwich-vs-arsenal/29-11-2015/1459108
2015/2016,2015-12-05T12:45:00,Stoke,Manchester City,https://www.xscores.com/soccer/match/stoke-vs-manchester-city/05-12-2015/1459141
2015/2016,2015-12-05T15:00:00,Arsenal,Sunderland,https://www.xscores.com/soccer/match/arsenal-vs-sunderland/05-12-2015/1459125
2015/2016,2015-12-05T15:00:00,Manchester United,West Ham,https://www.xscores.com/soccer/match/manchester-united-vs-west-ham/05-12-2015/1459133
2015/2016,2015-12-05T15:00:00,Southampton,Aston Villa,https://www.xscores.com/soccer/match/southampton-vs-aston-villa/05-12-2015/1459138
2015/2016,2015-12-05T15:00:00,Swansea,Leicester,https://www.xscores.com/soccer/match/swansea-vs-leicester/05-12-2015/1459143
2015/2016,2015-12-05T15:00:00,Watford,Norwich,https://www.xscores.com/soccer/match/watford-vs-norwich/05-12-2015/1459144
2015/2016,2015-12-05T15:00:00,West Bromwich,Tottenham,https://www.xscores.com/soccer/match/west-bromwich-vs-tottenham/05-12-2015/1459145
2015/2016,2015-12-05T17:30:00,Chelsea,Bournemouth,https://www.xscores.com/soccer/match/chelsea-vs-bournemouth/05-12-2015/1459128
2015/2016,2015-12-06T16:00:00,Newcastle,Liverpool,https://www.xscores.com/soccer/match/newcastle-vs-liverpool/06-12-2015/1459135
2015/2016,2015-12-07T20:00:00,Everton,Crystal Palace,https://www.xscores.com/soccer/match/everton-vs-crystal-palace/07-12-2015/1459130
2015/2016,2015-12-12T12:45:00,Norwich,Everton,https://www.xscores.com/soccer/match/norwich-vs-everton/12-12-2015/1459162
2015/2016,2015-12-12T15:00:00,Crystal Palace,Southampton,https://www.xscores.com/soccer/match/crystal-palace-vs-southampton/12-12-2015/1459148
2015/2016,2015-12-12T15:00:00,Manchester City,Swansea,https://www.xscores.com/soccer/match/manchester-city-vs-swansea/12-12-2015/1459158
2015/2016,2015-12-12T15:00:00,Sunderland,Watford,https://www.xscores.com/soccer/match/sunderland-vs-watford/12-12-2015/1459168
2015/2016,2015-12-12T15:00:00,West Ham,Stoke,https://www.xscores.com/soccer/match/west-ham-vs-stoke/12-12-2015/1459172
2015/2016,2015-12-12T17:30:00,Bournemouth,Manchester United,https://www.xscores.com/soccer/match/bournemouth-vs-manchester-united/12-12-2015/1459147
2015/2016,2015-12-13T13:30:00,Aston Villa,Arsenal,https://www.xscores.com/soccer/match/aston-villa-vs-arsenal/13-12-2015/1459146
2015/2016,2015-12-13T16:00:00,Liverpool,West Bromwich,https://www.xscores.com/soccer/match/liverpool-vs-west-bromwich/13-12-2015/1459154
2015/2016,2015-12-13T16:00:00,Tottenham,Newcastle,https://www.xscores.com/soccer/match/tottenham-vs-newcastle/13-12-2015/1459164
2015/2016,2015-12-14T20:00:00,Leicester,Chelsea,https://www.xscores.com/soccer/match/leicester-vs-chelsea/14-12-2015/1459151
2015/2016,2015-12-19T15:00:00,Chelsea,Sunderland,https://www.xscores.com/soccer/match/chelsea-vs-sunderland/19-12-2015/1459192
2015/2016,2015-12-19T15:00:00,Everton,Leicester,https://www.xscores.com/soccer/match/everton-vs-leicester/19-12-2015/1459195
2015/2016,2015-12-19T15:00:00,Manchester United,Norwich,https://www.xscores.com/soccer/match/manchester-united-vs-norwich/19-12-2015/1459198
2015/2016,2015-12-19T15:00:00,Southampton,Tottenham,https://www.xscores.com/soccer/match/southampton-vs-tottenham/19-12-2015/1459204
2015/2016,2015-12-19T15:00:00,Stoke,Crystal Palace,https://www.xscores.com/soccer/match/stoke-vs-crystal-palace/19-12-2015/1459210
2015/2016,2015-12-19T15:00:00,West Bromwich,Bournemouth,https://www.xscores.com/soccer/match/west-bromwich-vs-bournemouth/19-12-2015/1459217
2015/2016,2015-12-19T17:30:00,Newcastle,Aston Villa,https://www.xscores.com/soccer/match/newcastle-vs-aston-villa/19-12-2015/1459202
2015/2016,2015-12-20T13:30:00,Watford,Liverpool,https://www.xscores.com/soccer/match/watford-vs-liverpool/20-12-2015/1459213
2015/2016,2015-12-20T16:00:00,Swansea,West Ham,https://www.xscores.com/soccer/match/swansea-vs-west-ham/20-12-2015/1459211
2015/2016,2015-12-21T20:00:00,Arsenal,Manchester City,https://www.xscores.com/soccer/match/arsenal-vs-manchester-city/21-12-2015/1459188
2015/2016,2015-12-26T12:45:00,Stoke,Manchester United,https://www.xscores.com/soccer/match/stoke-vs-manchester-united/26-12-2015/1459254
2015/2016,2015-12-26T15:00:00,Aston Villa,West Ham,https://www.xscores.com/soccer/match/aston-villa-vs-west-ham/26-12-2015/1459225
2015/2016,2015-12-26T15:00:00,Bournemouth,Crystal Palace,https://www.xscores.com/soccer/match/bournemouth-vs-crystal-palace/26-12-2015/1459226
2015/2016,2015-12-26T15:00:00,Chelsea,Watford,https://www.xscores.com/soccer/match/chelsea-vs-watford/26-12-2015/1459228
2015/2016,2015-12-26T15:00:00,Liverpool,Leicester,https://www.xscores.com/soccer/match/liverpool-vs-leicester/26-12-2015/1459230
2015/2016,2015-12-26T15:00:00,Manchester City,Sunderland,https://www.xscores.com/soccer/match/manchester-city-vs-sunderland/26-12-2015/1459231
2015/2016,2015-12-26T15:00:00,Swansea,West Bromwich,https://www.xscores.com/soccer/match/swansea-vs-west-bromwich/26-12-2015/1459256
2015/2016,2015-12-26T15:00:00,Tottenham,Norwich,https://www.xscores.com/soccer/match/tottenham-vs-norwich/26-12-2015/1459253
2015/2016,2015-12-26T17:30:00,Newcastle,Everton,https://www.xscores.com/soccer/match/newcastle-vs-everton/26-12-2015/1459238
2015/2016,2015-12-26T19:45:00,Southampton,Arsenal,https://www.xscores.com/soccer/match/southampton-vs-arsenal/26-12-2015/1459248
2015/2016,2015-12-28T15:00:00,Crystal Palace,Swansea,https://www.xscores.com/soccer/match/crystal-palace-vs-swansea/28-12-2015/1459271
2015/2016,2015-12-28T15:00:00,Everton,Stoke,https://www.xscores.com/soccer/match/everton-vs-stoke/28-12-2015/1459273
2015/2016,2015-12-28T15:00:00,Norwich,Aston Villa,https://www.xscores.com/soccer/match/norwich-vs-aston-villa/28-12-2015/1459276
2015/2016,2015-12-28T15:00:00,Watford,Tottenham,https://www.xscores.com/soccer/match/watford-vs-tottenham/28-12-2015/1459278
2015/2016,2015-12-28T15:00:00,West Bromwich,Newcastle,https://www.xscores.com/soccer/match/west-bromwich-vs-newcastle/28-12-2015/1459282
2015/2016,2015-12-28T17:30:00,Arsenal,Bournemouth,https://www.xscores.com/soccer/match/arsenal-vs-bournemouth/28-12-2015/1459269
2015/2016,2015-12-28T17:30:00,Manchester United,Chelsea,https://www.xscores.com/soccer/match/manchester-united-vs-chelsea/28-12-2015/1459275
2015/2016,2015-12-28T17:30:00,West Ham,Southampton,https://www.xscores.com/soccer/match/west-ham-vs-southampton/28-12-2015/1459288
2015/2016,2015-12-29T19:45:00,Leicester,Manchester City,https://www.xscores.com/soccer/match/leicester-vs-manchester-city/29-12-2015/1459274
2015/2016,2015-12-30T19:45:00,Sunderland,Liverpool,https://www.xscores.com/soccer/match/sunderland-vs-liverpool/30-12-2015/1459277
2015/2016,2016-01-02T12:45:00,West Ham,Liverpool,https://www.xscores.com/soccer/match/west-ham-vs-liverpool/02-01-2016/1459339
2015/2016,2016-01-02T15:00:00,Arsenal,Newcastle,https://www.xscores.com/soccer/match/arsenal-vs-newcastle/02-01-2016/1459305
2015/2016,2016-01-02T15:00:00,Leicester,Bournemouth,https://www.xscores.com/soccer/match/leicester-vs-bournemouth/02-01-2016/1459320
2015/2016,2016-01-02T15:00:00,Manchester United,Swansea,https://www.xscores.com/soccer/match/manchester-united-vs-swansea/02-01-2016/1459333
2015/2016,2016-01-02T15:00:00,Norwich,Southampton,https://www.xscores.com/soccer/match/norwich-vs-southampton/02-01-2016/1459334
2015/2016,2016-01-02T15:00:00,Sunderland,Aston Villa,https://www.xscores.com/soccer/match/sunderland-vs-aston-villa/02-01-2016/1459335
2015/2016,2016-01-02T15:00:00,West Bromwich,Stoke,https://www.xscores.com/soccer/match/west-bromwich-vs-stoke/02-01-2016/1459337
2015/2016,2016-01-02T17:30:00,Watford,Manchester City,https://www.xscores.com/soccer/match/watford-vs-manchester-city/02-01-2016/1459336
2015/2016,2016-01-03T13:30:00,Crystal Palace,Chelsea,https://www.xscores.com/soccer/match/crystal-palace-vs-chelsea/03-01-2016/1459306
2015/2016,2016-01-03T16:00:00,Everton,Tottenham,https://www.xscores.com/soccer/match/everton-vs-tottenham/03-01-2016/1459319
2015/2016,2016-01-12T19:45:00,Aston Villa,Crystal Palace,https://www.xscores.com/soccer/match/aston-villa-vs-crystal-palace/12-01-2016/1459346
2015/2016,2016-01-12T19:45:00,Bournemouth,West Ham,https://www.xscores.com/soccer/match/bournemouth-vs-west-ham/12-01-2016/1459349
2015/2016,2016-01-12T19:45:00,Newcastle,Manchester United,https://www.xscores.com/soccer/match/newcastle-vs-manchester-united/12-01-2016/1459358
2015/2016,2016-01-13T19:45:00,Chelsea,West Bromwich,https://www.xscores.com/soccer/match/chelsea-vs-west-bromwich/13-01-2016/1459356
2015/2016,2016-01-13T19:45:00,Manchester City,Everton,https://www.xscores.com/soccer/match/manchester-city-vs-everton/13-01-2016/1459357
2015/2016,2016-01-13T19:45:00,Southampton,Watford,https://www.xscores.com/soccer/match/southampton-vs-watford/13-01-2016/1459359
2015/2016,2016-01-13T19:45:00,Stoke,Norwich,https://www.xscores.com/soccer/match/stoke-vs-norwich/13-01-2016/1459360
2015/2016,2016-01-13T19:45:00,Swansea,Sunderland,https://www.xscores.com/soccer/match/swansea-vs-sunderland/13-01-2016/1459352
2015/2016,2016-01-13T20:00:00,Liverpool,Arsenal,https://www.xscores.com/soccer/match/liverpool-vs-arsenal/13-01-2016/1459354
2015/2016,2016-01-13T20:00:00,Tottenham,Leicester,https://www.xscores.com/soccer/match/tottenham-vs-leicester/13-01-2016/1459361
2015/2016,2016-01-16T12:45:00,Tottenham,Sunderland,https://www.xscores.com/soccer/match/tottenham-vs-sunderland/16-01-2016/1459369
2015/2016,2016-01-16T15:00:00,Bournemouth,Norwich,https://www.xscores.com/soccer/match/bournemouth-vs-norwich/16-01-2016/1459363
2015/2016,2016-01-16T15:00:00,Chelsea,Everton,https://www.xscores.com/soccer/match/chelsea-vs-everton/16-01-2016/1459364
2015/2016,2016-01-16T15:00:00,Manchester City,Crystal Palace,https://www.xscores.com/soccer/match/manchester-city-vs-crystal-palace/16-01-2016/1459366
2015/2016,2016-01-16T15:00:00,Newcastle,West Ham,https://www.xscores.com/soccer/match/newcastle-vs-west-ham/16-01-2016/1459367
2015/2016,2016-01-16T15:00:00,Southampton,West Bromwich,https://www.xscores.com/soccer/match/southampton-vs-west-bromwich/16-01-2016/1459368
2015/2016,2016-01-16T17:30:00,Aston Villa,Leicester,https://www.xscores.com/soccer/match/aston-villa-vs-leicester/16-01-2016/1459362
2015/2016,2016-01-17T14:05:00,Liverpool,Manchester United,https://www.xscores.com/soccer/match/liverpool-vs-manchester-united/17-01-2016/1459365
2015/2016,2016-01-17T16:15:00,Stoke,Arsenal,https://www.xscores.com/soccer/match/stoke-vs-arsenal/17-01-2016/1459370
2015/2016,2016-01-18T20:00:00,Swansea,Watford,https://www.xscores.com/soccer/match/swansea-vs-watford/18-01-2016/1459371
2015/2016,2016-01-23T12:45:00,Norwich,Liverpool,https://www.xscores.com/soccer/match/norwich-vs-liverpool/23-01-2016/1459377
2015/2016,2016-01-23T15:00:00,Crystal Palace,Tottenham,https://www.xscores.com/soccer/match/crystal-palace-vs-tottenham/23-01-2016/1459373
2015/2016,2016-01-23T15:00:00,Leicester,Stoke,https://www.xscores.com/soccer/match/leicester-vs-stoke/23-01-2016/1459375
2015/2016,2016-01-23T15:00:00,Manchester United,Southampton,https://www.xscores.com/soccer/match/manchester-united-vs-southampton/23-01-2016/1459376
2015/2016,2016-01-23T15:00:00,Sunderland,Bournemouth,https://www.xscores.com/soccer/match/sunderland-vs-bournemouth/23-01-2016/1459378
2015/2016,2016-01-23T15:00:00,Watford,Newcastle,https://www.xscores.com/soccer/match/watford-vs-newcastle/23-01-2016/1459379
2015/2016,2016-01-23T15:00:00,West Bromwich,Aston Villa,https://www.xscores.com/soccer/match/west-bromwich-vs-aston-villa/23-01-2016/1459380
2015/2016,2016-01-23T17:30:00,West Ham,Manchester City,https://www.xscores.com/soccer/match/west-ham-vs-manchester-city/23-01-2016/1459381
2015/2016,2016-01-24T13:30:00,Everton,Swansea,https://www.xscores.com/soccer/match/everton-vs-swansea/24-01-2016/1459374
2015/2016,2016-01-24T16:00:00,Arsenal,Chelsea,https://www.xscores.com/soccer/match/arsenal-vs-chelsea/24-01-2016/1459372
2015/2016,2016-02-02T19:45:00,Arsenal,Southampton,https://www.xscores.com/soccer/match/arsenal-vs-southampton/02-02-2016/1459382
2015/2016,2016-02-02T19:45:00,Leicester,Liverpool,https://www.xscores.com/soccer/match/leicester-vs-liverpool/02-02-2016/1459383
2015/2016,2016-02-02T19:45:00,Norwich,Tottenham,https://www.xscores.com/soccer/match/norwich-vs-tottenham/02-02-2016/1459385
2015/2016,2016-02-02T19:45:00,Sunderland,Manchester City,https://www.xscores.com/soccer/match/sunderland-vs-manchester-city/02-02-2016/1459386
2015/2016,2016-02-02T19:45:00,West Ham,Aston Villa,https://www.xscores.com/soccer/match/west-ham-vs-aston-villa/02-02-2016/1459388
2015/2016,2016-02-02T20:00:00,Crystal Palace,Bournemouth,https://www.xscores.com/soccer/match/crystal-palace-vs-bournemouth/02-02-2016/1459391
2015/2016,2016-02-02T20:00:00,Manchester United,Stoke,https://www.xscores.com/soccer/match/manchester-united-vs-stoke/02-02-2016/1459393
2015/2016,2016-02-02T20:00:00,West Bromwich,Swansea,https://www.xscores.com/soccer/match/west-bromwich-vs-swansea/02-02-2016/1459395
2015/2016,2016-02-03T19:45:00,Everton,Newcastle,https://www.xscores.com/soccer/match/everton-vs-newcastle/03-02-2016/1459400
2015/2016,2016-02-03T19:45:00,Watford,Chelsea,https://www.xscores.com/soccer/match/watford-vs-chelsea/03-02-2016/1459387
2015/2016,2016-02-06T12:45:00,Manchester City,Leicester,https://www.xscores.com/soccer/match/manchester-city-vs-leicester/06-02-2016/1459409
2015/2016,2016-02-06T15:00:00,Aston Villa,Norwich,https://www.xscores.com/soccer/match/aston-villa-vs-norwich/06-02-2016/1459403
2015/2016,2016-02-06T15:00:00,Liverpool,Sunderland,https://www.xscores.com/soccer/match/liverpool-vs-sunderland/06-02-2016/1459407
2015/2016,2016-02-06T15:00:00,Newcastle,West Bromwich,https://www.xscores.com/soccer/match/newcastle-vs-west-bromwich/06-02-2016/1459413
2015/2016,2016-02-06T15:00:00,Stoke,Everton,https://www.xscores.com/soccer/match/stoke-vs-everton/06-02-2016/1459423
2015/2016,2016-02-06T15:00:00,Swansea,Crystal Palace,https://www.xscores.com/soccer/match/swansea-vs-crystal-palace/06-02-2016/1459425
2015/2016,2016-02-06T15:00:00,Tottenham,Watford,https://www.xscores.com/soccer/match/tottenham-vs-watford/06-02-2016/1459422
2015/2016,2016-02-06T17:30:00,Southampton,West Ham,https://www.xscores.com/soccer/match/southampton-vs-west-ham/06-02-2016/1459416
2015/2016,2016-02-07T13:30:00,Bournemouth,Arsenal,https://www.xscores.com/soccer/match/bournemouth-vs-arsenal/07-02-2016/1459404
2015/2016,2016-02-07T16:00:00,Chelsea,Manchester United,https://www.xscores.com/soccer/match/chelsea-vs-manchester-united/07-02-2016/1459405
2015/2016,2016-02-13T12:45:00,Sunderland,Manchester United,https://www.xscores.com/soccer/match/sunderland-vs-manchester-united/13-02-2016/1459457
2015/2016,2016-02-13T15:00:00,Bournemouth,Stoke,https://www.xscores.com/soccer/match/bournemouth-vs-stoke/13-02-2016/1459451
2015/2016,2016-02-13T15:00:00,Crystal Palace,Watford,https://www.xscores.com/soccer/match/crystal-palace-vs-watford/13-02-2016/1459453
2015/2016,2016-02-13T15:00:00,Everton,West Bromwich,https://www.xscores.com/soccer/match/everton-vs-west-bromwich/13-02-2016/1459454
2015/2016,2016-02-13T15:00:00,Norwich,West Ham,https://www.xscores.com/soccer/match/norwich-vs-west-ham/13-02-2016/1459456
2015/2016,2016-02-13T15:00:00,Swansea,Southampton,https://www.xscores.com/soccer/match/swansea-vs-southampton/13-02-2016/1459458
2015/2016,2016-02-13T17:30:00,Chelsea,Newcastle,https://www.xscores.com/soccer/match/chelsea-vs-newcastle/13-02-2016/1459452
2015/2016,2016-02-14T12:00:00,Arsenal,Leicester,https://www.xscores.com/soccer/match/arsenal-vs-leicester/14-02-2016/1459432
2015/2016,2016-02-14T14:05:00,Aston Villa,Liverpool,https://www.xscores.com/soccer/match/aston-villa-vs-liverpool/14-02-2016/1459450
2015/2016,2016-02-14T16:15:00,Manchester City,Tottenham,https://www.xscores.com/soccer/match/manchester-city-vs-tottenham/14-02-2016/1459455
2015/2016,2016-02-27T12:45:00,West Ham,Sunderland,https://www.xscores.com/soccer/match/west-ham-vs-sunderland/27-02-2016/1459468
2015/2016,2016-02-27T15:00:00,Leicester,Norwich,https://www.xscores.com/soccer/match/leicester-vs-norwich/27-02-2016/1459459
2015/2016,2016-02-27T15:00:00,Southampton,Chelsea,https://www.xscores.com/soccer/match/southampton-vs-chelsea/27-02-2016/1459463
2015/2016,2016-02-27T15:00:00,Stoke,Aston Villa,https://www.xscores.com/soccer/match/stoke-vs-aston-villa/27-02-2016/1459465
2015/2016,2016-02-27T15:00:00,Watford,Bournemouth,https://www.xscores.com/soccer/match/watford-vs-bournemouth/27-02-2016/1459466
2015/2016,2016-02-27T17:30:00,West Bromwich,Crystal Palace,https://www.xscores.com/soccer/match/west-bromwich-vs-crystal-palace/27-02-2016/1459467
2015/2016,2016-02-28T14:05:00,Manchester United,Arsenal,https://www.xscores.com/soccer/match/manchester-united-vs-arsenal/28-02-2016/1459461
2015/2016,2016-02-28T14:05:00,Tottenham,Swansea,https://www.xscores.com/soccer/match/tottenham-vs-swansea/28-02-2016/1459464
2015/2016,2016-04-19T19:45:00,Newcastle,Manchester City,https://www.xscores.com/soccer/match/newcastle-vs-manchester-city/19-04-2016/1459462
2015/2016,2016-04-20T20:00:00,Liverpool,Everton,https://www.xscores.com/soccer/match/liverpool-vs-everton/20-04-2016/1459460
2015/2016,2016-03-01T19:45:00,Aston Villa,Everton,https://www.xscores.com/soccer/match/aston-villa-vs-everton/01-03-2016/1459470
2015/2016,2016-03-01T19:45:00,Bournemouth,Southampton,https://www.xscores.com/soccer/match/bournemouth-vs-southampton/01-03-2016/1459471
2015/2016,2016-03-01T19:45:00,Leicester,West Bromwich,https://www.xscores.com/soccer/match/leicester-vs-west-bromwich/01-03-2016/1459472
2015/2016,2016-03-01T19:45:00,Norwich,Chelsea,https://www.xscores.com/soccer/match/norwich-vs-chelsea/01-03-2016/1459473
2015/2016,2016-03-01T19:45:00,Sunderland,Crystal Palace,https://www.xscores.com/soccer/match/sunderland-vs-crystal-palace/01-03-2016/1459474
2015/2016,2016-03-02T19:45:00,Arsenal,Swansea,https://www.xscores.com/soccer/match/arsenal-vs-swansea/02-03-2016/1459469
2015/2016,2016-03-02T19:45:00,Stoke,Newcastle,https://www.xscores.com/soccer/match/stoke-vs-newcastle/02-03-2016/1459478
2015/2016,2016-03-02T19:45:00,West Ham,Tottenham,https://www.xscores.com/soccer/match/west-ham-vs-tottenham/02-03-2016/1459475
2015/2016,2016-03-02T20:00:00,Liverpool,Manchester City,https://www.xscores.com/soccer/match/liverpool-vs-manchester-city/02-03-2016/1459476
2015/2016,2016-03-02T20:00:00,Manchester United,Watford,https://www.xscores.com/soccer/match/manchester-united-vs-watford/02-03-2016/1459477
2015/2016,2016-03-05T12:45:00,Tottenham,Arsenal,https://www.xscores.com/soccer/match/tottenham-vs-arsenal/05-03-2016/1459489
2015/2016,2016-03-05T15:00:00,Chelsea,Stoke,https://www.xscores.com/soccer/match/chelsea-vs-stoke/05-03-2016/1459479
2015/2016,2016-03-05T15:00:00,Everton,West Ham,https://www.xscores.com/soccer/match/everton-vs-west-ham/05-03-2016/1459481
2015/2016,2016-03-05T15:00:00,Manchester City,Aston Villa,https://www.xscores.com/soccer/match/manchester-city-vs-aston-villa/05-03-2016/1459482
2015/2016,2016-03-05T15:00:00,Newcastle,Bournemouth,https://www.xscores.com/soccer/match/newcastle-vs-bournemouth/05-03-2016/1459483
2015/2016,2016-03-05T15:00:00,Southampton,Sunderland,https://www.xscores.com/soccer/match/southampton-vs-sunderland/05-03-2016/1459485
2015/2016,2016-03-05T15:00:00,Swansea,Norwich,https://www.xscores.com/soccer/match/swansea-vs-norwich/05-03-2016/1459491
2015/2016,2016-03-05T17:30:00,Watford,Leicester,https://www.xscores.com/soccer/match/watford-vs-leicester/05-03-2016/1459494
2015/2016,2016-03-06T13:30:00,Crystal Palace,Liverpool,https://www.xscores.com/soccer/match/crystal-palace-vs-liverpool/06-03-2016/1459480
2015/2016,2016-03-06T16:00:00,West Bromwich,Manchester United,https://www.xscores.com/soccer/match/west-bromwich-vs-manchester-united/06-03-2016/1459495
2015/2016,2016-03-12T12:45:00,Norwich,Manchester City,https://www.xscores.com/soccer/match/norwich-vs-manchester-city/12-03-2016/1459502
2015/2016,2016-03-12T15:00:00,Bournemouth,Swansea,https://www.xscores.com/soccer/match/bournemouth-vs-swansea/12-03-2016/1459498
2015/2016,2016-03-12T15:00:00,Stoke,Southampton,https://www.xscores.com/soccer/match/stoke-vs-southampton/12-03-2016/1459503
2015/2016,2016-03-13T16:00:00,Aston Villa,Tottenham,https://www.xscores.com/soccer/match/aston-villa-vs-tottenham/13-03-2016/1459497
2015/2016,2016-03-14T20:00:00,Leicester,Newcastle,https://www.xscores.com/soccer/match/leicester-vs-newcastle/14-03-2016/1459499
2015/2016,2016-04-20T19:45:00,West Ham,Watford,https://www.xscores.com/soccer/match/west-ham-vs-watford/20-04-2016/1459505
2015/2016,2016-04-20T20:00:00,Manchester United,Crystal Palace,https://www.xscores.com/soccer/match/manchester-united-vs-crystal-palace/20-04-2016/1459501
2015/2016,2016-04-21T19:45:00,Arsenal,West Bromwich,https://www.xscores.com/soccer/match/arsenal-vs-west-bromwich/21-04-2016/1459496
2015/2016,2016-05-11T19:45:00,Sunderland,Everton,https://www.xscores.com/soccer/match/sunderland-vs-everton/11-05-2016/1459504
2015/2016,2016-05-11T20:00:00,Liverpool,Chelsea,https://www.xscores.com/soccer/match/liverpool-vs-chelsea/11-05-2016/1459500
2015/2016,2016-03-19T12:45:00,Everton,Arsenal,https://www.xscores.com/soccer/match/everton-vs-arsenal/19-03-2016/1459508
2015/2016,2016-03-19T15:00:00,Chelsea,West Ham,https://www.xscores.com/soccer/match/chelsea-vs-west-ham/19-03-2016/1459506
2015/2016,2016-03-19T15:00:00,Crystal Palace,Leicester,https://www.xscores.com/soccer/match/crystal-palace-vs-leicester/19-03-2016/1459507
2015/2016,2016-03-19T15:00:00,Watford,Stoke,https://www.xscores.com/soccer/match/watford-vs-stoke/19-03-2016/1459515
2015/2016,2016-03-19T15:00:00,West Bromwich,Norwich,https://www.xscores.com/soccer/match/west-bromwich-vs-norwich/19-03-2016/1459518
2015/2016,2016-03-19T17:30:00,Swansea,Aston Villa,https://www.xscores.com/soccer/match/swansea-vs-aston-villa/19-03-2016/1459514
2015/2016,2016-03-20T13:30:00,Newcastle,Sunderland,https://www.xscores.com/soccer/match/newcastle-vs-sunderland/20-03-2016/1459510
2015/2016,2016-03-20T13:30:00,Southampton,Liverpool,https://www.xscores.com/soccer/match/southampton-vs-liverpool/20-03-2016/1459512
2015/2016,2016-03-20T16:00:00,Manchester City,Manchester United,https://www.xscores.com/soccer/match/manchester-city-vs-manchester-united/20-03-2016/1459509
2015/2016,2016-03-20T16:00:00,Tottenham,Bournemouth,https://www.xscores.com/soccer/match/tottenham-vs-bournemouth/20-03-2016/1459513
2015/2016,2016-04-02T12:45:00,Aston Villa,Chelsea,https://www.xscores.com/soccer/match/aston-villa-vs-chelsea/02-04-2016/1459522
2015/2016,2016-04-02T15:00:00,Arsenal,Watford,https://www.xscores.com/soccer/match/arsenal-vs-watford/02-04-2016/1459521
2015/2016,2016-04-02T15:00:00,Bournemouth,Manchester City,https://www.xscores.com/soccer/match/bournemouth-vs-manchester-city/02-04-2016/1459523
2015/2016,2016-04-02T15:00:00,Norwich,Newcastle,https://www.xscores.com/soccer/match/norwich-vs-newcastle/02-04-2016/1459527
2015/2016,2016-04-02T15:00:00,Stoke,Swansea,https://www.xscores.com/soccer/match/stoke-vs-swansea/02-04-2016/1459528
2015/2016,2016-04-02T15:00:00,Sunderland,West Bromwich,https://www.xscores.com/soccer/match/sunderland-vs-west-bromwich/02-04-2016/1459529
2015/2016,2016-04-02T15:00:00,West Ham,Crystal Palace,https://www.xscores.com/soccer/match/west-ham-vs-crystal-palace/02-04-2016/1459530
2015/2016,2016-04-02T17:30:00,Liverpool,Tottenham,https://www.xscores.com/soccer/match/liverpool-vs-tottenham/02-04-2016/1459525
2015/2016,2016-04-03T13:30:00,Leicester,Southampton,https://www.xscores.com/soccer/match/leicester-vs-southampton/03-04-2016/1459524
2015/2016,2016-04-03T16:00:00,Manchester United,Everton,https://www.xscores.com/soccer/match/manchester-united-vs-everton/03-04-2016/1459526
2015/2016,2016-04-09T12:45:00,West Ham,Arsenal,https://www.xscores.com/soccer/match/west-ham-vs-arsenal/09-04-2016/1459576
2015/2016,2016-04-09T15:00:00,Aston Villa,Bournemouth,https://www.xscores.com/soccer/match/aston-villa-vs-bournemouth/09-04-2016/1459541
2015/2016,2016-04-09T15:00:00,Crystal Palace,Norwich,https://www.xscores.com/soccer/match/crystal-palace-vs-norwich/09-04-2016/1459556
2015/2016,2016-04-09T15:00:00,Southampton,Newcastle,https://www.xscores.com/soccer/match/southampton-vs-newcastle/09-04-2016/1459563
2015/2016,2016-04-09T15:00:00,Swansea,Chelsea,https://www.xscores.com/soccer/match/swansea-vs-chelsea/09-04-2016/1459570
2015/2016,2016-04-09T15:00:00,Watford,Everton,https://www.xscores.com/soccer/match/watford-vs-everton/09-04-2016/1459573
2015/2016,2016-04-09T17:30:00,Manchester City,West Bromwich,https://www.xscores.com/soccer/match/manchester-city-vs-west-bromwich/09-04-2016/1459558
2015/2016,2016-04-10T13:30:00,Sunderland,Leicester,https://www.xscores.com/soccer/match/sunderland-vs-leicester/10-04-2016/1459568
2015/2016,2016-04-10T16:00:00,Liverpool,Stoke,https://www.xscores.com/soccer/match/liverpool-vs-stoke/10-04-2016/1459557
2015/2016,2016-04-10T16:00:00,Tottenham,Manchester United,https://www.xscores.com/soccer/match/tottenham-vs-manchester-united/10-04-2016/1459566
2015/2016,2016-04-16T12:45:00,Norwich,Sunderland,https://www.xscores.com/soccer/match/norwich-vs-sunderland/16-04-2016/1459584
2015/2016,2016-04-16T15:00:00,Everton,Southampton,https://www.xscores.com/soccer/match/everton-vs-southampton/16-04-2016/1459580
2015/2016,2016-04-16T15:00:00,Manchester United,Aston Villa,https://www.xscores.com/soccer/match/manchester-united-vs-aston-villa/16-04-2016/1459582
2015/2016,2016-04-16T15:00:00,Newcastle,Swansea,https://www.xscores.com/soccer/match/newcastle-vs-swansea/16-04-2016/1459583
2015/2016,2016-04-16T15:00:00,West Bromwich,Watford,https://www.xscores.com/soccer/match/west-bromwich-vs-watford/16-04-2016/1459586
2015/2016,2016-04-16T17:30:00,Chelsea,Manchester City,https://www.xscores.com/soccer/match/chelsea-vs-manchester-city/16-04-2016/1459579
2015/2016,2016-04-17T13:30:00,Bournemouth,Liverpool,https://www.xscores.com/soccer/match/bournemouth-vs-liverpool/17-04-2016/1459578
2015/2016,2016-04-17T13:30:00,Leicester,West Ham,https://www.xscores.com/soccer/match/leicester-vs-west-ham/17-04-2016/1459581
2015/2016,2016-04-17T16:00:00,Arsenal,Crystal Palace,https://www.xscores.com/soccer/match/arsenal-vs-crystal-palace/17-04-2016/1459577
2015/2016,2016-04-18T20:00:00,Stoke,Tottenham,https://www.xscores.com/soccer/match/stoke-vs-tottenham/18-04-2016/1459585
2015/2016,2016-04-13T20:00:00,Crystal Palace,Everton,https://www.xscores.com/soccer/match/crystal-palace-vs-everton/13-04-2016/1459595
2015/2016,2016-04-23T12:45:00,Manchester City,Stoke,https://www.xscores.com/soccer/match/manchester-city-vs-stoke/23-04-2016/1459603
2015/2016,2016-04-23T15:00:00,Aston Villa,Southampton,https://www.xscores.com/soccer/match/aston-villa-vs-southampton/23-04-2016/1459590
2015/2016,2016-04-23T15:00:00,Bournemouth,Chelsea,https://www.xscores.com/soccer/match/bournemouth-vs-chelsea/23-04-2016/1459593
2015/2016,2016-04-23T15:00:00,Liverpool,Newcastle,https://www.xscores.com/soccer/match/liverpool-vs-newcastle/23-04-2016/1459600
2015/2016,2016-04-24T14:05:00,Sunderland,Arsenal,https://www.xscores.com/soccer/match/sunderland-vs-arsenal/24-04-2016/1459607
2015/2016,2016-04-24T16:15:00,Leicester,Swansea,https://www.xscores.com/soccer/match/leicester-vs-swansea/24-04-2016/1459597
2015/2016,2016-04-25T20:00:00,Tottenham,West Bromwich,https://www.xscores.com/soccer/match/tottenham-vs-west-bromwich/25-04-2016/1459606
2015/2016,2016-05-10T20:30:00,West Ham,Manchester United,https://www.xscores.com/soccer/match/west-ham-vs-manchester-united/10-05-2016/1459608
2015/2016,2016-05-11T19:45:00,Norwich,Watford,https://www.xscores.com/soccer/match/norwich-vs-watford/11-05-2016/1459605
2015/2016,2016-04-30T15:00:00,Everton,Bournemouth,https://www.xscores.com/soccer/match/everton-vs-bournemouth/30-04-2016/1459611
2015/2016,2016-04-30T15:00:00,Newcastle,Crystal Palace,https://www.xscores.com/soccer/match/newcastle-vs-crystal-palace/30-04-2016/1459618
2015/2016,2016-04-30T15:00:00,Stoke,Sunderland,https://www.xscores.com/soccer/match/stoke-vs-sunderland/30-04-2016/1459623
2015/2016,2016-04-30T15:00:00,Watford,Aston Villa,https://www.xscores.com/soccer/match/watford-vs-aston-villa/30-04-2016/1459627
2015/2016,2016-04-30T15:00:00,West Bromwich,West Ham,https://www.xscores.com/soccer/match/west-bromwich-vs-west-ham/30-04-2016/1459630
2015/2016,2016-04-30T17:30:00,Arsenal,Norwich,https://www.xscores.com/soccer/match/arsenal-vs-norwich/30-04-2016/1459609
2015/2016,2016-05-01T12:00:00,Swansea,Liverpool,https://www.xscores.com/soccer/match/swansea-vs-liverpool/01-05-2016/1459626
2015/2016,2016-05-01T14:05:00,Manchester United,Leicester,https://www.xscores.com/soccer/match/manchester-united-vs-leicester/01-05-2016/1459612
2015/2016,2016-05-01T16:30:00,Southampton,Manchester City,https://www.xscores.com/soccer/match/southampton-vs-manchester-city/01-05-2016/1459621
2015/2016,2016-05-02T20:00:00,Chelsea,Tottenham,https://www.xscores.com/soccer/match/chelsea-vs-tottenham/02-05-2016/1459610
2015/2016,2016-05-07T12:45:00,Norwich,Manchester United,https://www.xscores.com/soccer/match/norwich-vs-manchester-united/07-05-2016/1459649
2015/2016,2016-05-07T15:00:00,Aston Villa,Newcastle,https://www.xscores.com/soccer/match/aston-villa-vs-newcastle/07-05-2016/1459631
2015/2016,2016-05-07T15:00:00,Bournemouth,West Bromwich,https://www.xscores.com/soccer/match/bournemouth-vs-west-bromwich/07-05-2016/1459635
2015/2016,2016-05-07T15:00:00,Crystal Palace,Stoke,https://www.xscores.com/soccer/match/crystal-palace-vs-stoke/07-05-2016/1459638
2015/2016,2016-05-07T15:00:00,Sunderland,Chelsea,https://www.xscores.com/soccer/match/sunderland-vs-chelsea/07-05-2016/1459651
2015/2016,2016-05-07T15:00:00,West Ham,Swansea,https://www.xscores.com/soccer/match/west-ham-vs-swansea/07-05-2016/1459652
2015/2016,2016-05-07T17:30:00,Leicester,Everton,https://www.xscores.com/soccer/match/leicester-vs-everton/07-05-2016/1459640
2015/2016,2016-05-08T13:30:00,Tottenham,Southampton,https://www.xscores.com/soccer/match/tottenham-vs-southampton/08-05-2016/1459650
2015/2016,2016-05-08T16:00:00,Liverpool,Watford,https://www.xscores.com/soccer/match/liverpool-vs-watford/08-05-2016/1459645
2015/2016,2016-05-08T16:00:00,Manchester City,Arsenal,https://www.xscores.com/soccer/match/manchester-city-vs-arsenal/08-05-2016/1459647
2015/2016,2016-05-15T15:00:00,Arsenal,Aston Villa,https://www.xscores.com/soccer/match/arsenal-vs-aston-villa/15-05-2016/1459657
2015/2016,2016-05-15T15:00:00,Chelsea,Leicester,https://www.xscores.com/soccer/match/chelsea-vs-leicester/15-05-2016/1459659
2015/2016,2016-05-15T15:00:00,Everton,Norwich,https://www.xscores.com/soccer/match/everton-vs-norwich/15-05-2016/1459661
2015/2016,2016-05-15T15:00:00,Newcastle,Tottenham,https://www.xscores.com/soccer/match/newcastle-vs-tottenham/15-05-2016/1459667
2015/2016,2016-05-15T15:00:00,Southampton,Crystal Palace,https://www.xscores.com/soccer/match/southampton-vs-crystal-palace/15-05-2016/1459670
2015/2016,2016-05-15T15:00:00,Stoke,West Ham,https://www.xscores.com/soccer/match/stoke-vs-west-ham/15-05-2016/1459671
2015/2016,2016-05-15T15:00:00,Swansea,Manchester City,https://www.xscores.com/soccer/match/swansea-vs-manchester-city/15-05-2016/1459672
2015/2016,2016-05-15T15:00:00,Watford,Sunderland,https://www.xscores.com/soccer/match/watford-vs-sunderland/15-05-2016/1459675
2015/2016,2016-05-15T15:00:00,West Bromwich,Liverpool,https://www.xscores.com/soccer/match/west-bromwich-vs-liverpool/15-05-2016/1459679
2015/2016,2016-05-17T20:00:00,Manchester United,Bournemouth,https://www.xscores.com/soccer/match/manchester-united-vs-bournemouth/17-05-2016/1459664
