season,date,home_team,away_team,url
2005/2006,2005-08-13T12:45:00,Everton,Manchester United,https://www.xscores.com/soccer/match/everton-vs-manchester-united/13-08-2005/1530404
2005/2006,2005-08-13T15:00:00,Aston Villa,Bolton,https://www.xscores.com/soccer/match/aston-villa-vs-bolton/13-08-2005/1530403
2005/2006,2005-08-13T15:00:00,Fulham,Birmingham,https://www.xscores.com/soccer/match/fulham-vs-birmingham/13-08-2005/1530405
2005/2006,2005-08-13T15:00:00,Manchester City,West Bromwich,https://www.xscores.com/soccer/match/manchester-city-vs-west-bromwich/13-08-2005/1530406
2005/2006,2005-08-13T15:00:00,Portsmouth,Tottenham,https://www.xscores.com/soccer/match/portsmouth-vs-tottenham/13-08-2005/1530408
2005/2006,2005-08-13T15:00:00,Sunderland,Charlton,https://www.xscores.com/soccer/match/sunderland-vs-charlton/13-08-2005/1530409
2005/2006,2005-08-13T15:00:00,West Ham,Blackburn,https://www.xscores.com/soccer/match/west-ham-vs-blackburn/13-08-2005/1530410
2005/2006,2005-08-13T17:15:00,Middlesbrough,Liverpool,https://www.xscores.com/soccer/match/middlesbrough-vs-liverpool/13-08-2005/1530407
2005/2006,2005-08-14T13:30:00,Arsenal,Newcastle,https://www.xscores.com/soccer/match/arsenal-vs-newcastle/14-08-2005/1530402
2005/2006,2005-08-14T16:00:00,Wigan,Chelsea,https://www.xscores.com/soccer/match/wigan-vs-chelsea/14-08-2005/1530411
2005/2006,2005-08-20T12:45:00,Manchester United,Aston Villa,https://www.xscores.com/soccer/match/manchester-united-vs-aston-villa/20-08-2005/1530454
2005/2006,2005-08-20T15:00:00,Blackburn,Fulham,https://www.xscores.com/soccer/match/blackburn-vs-fulham/20-08-2005/1530449
2005/2006,2005-08-20T15:00:00,Charlton,Wigan,https://www.xscores.com/soccer/match/charlton-vs-wigan/20-08-2005/1530451
2005/2006,2005-08-20T15:00:00,Newcastle,West Ham,https://www.xscores.com/soccer/match/newcastle-vs-west-ham/20-08-2005/1530455
2005/2006,2005-08-20T15:00:00,Tottenham,Middlesbrough,https://www.xscores.com/soccer/match/tottenham-vs-middlesbrough/20-08-2005/1530456
2005/2006,2005-08-20T15:00:00,West Bromwich,Portsmouth,https://www.xscores.com/soccer/match/west-bromwich-vs-portsmouth/20-08-2005/1530457
2005/2006,2005-08-20T15:15:00,Liverpool,Sunderland,https://www.xscores.com/soccer/match/liverpool-vs-sunderland/20-08-2005/1530453
2005/2006,2005-08-20T17:15:00,Birmingham,Manchester City,https://www.xscores.com/soccer/match/birmingham-vs-manchester-city/20-08-2005/1530448
2005/2006,2005-08-21T13:30:00,Bolton,Everton,https://www.xscores.com/soccer/match/bolton-vs-everton/21-08-2005/1530450
2005/2006,2005-08-21T16:00:00,Chelsea,Arsenal,https://www.xscores.com/soccer/match/chelsea-vs-arsenal/21-08-2005/1530452
2005/2006,2005-08-23T19:45:00,Birmingham,Middlesbrough,https://www.xscores.com/soccer/match/birmingham-vs-middlesbrough/23-08-2005/1530459
2005/2006,2005-08-23T19:45:00,Portsmouth,Aston Villa,https://www.xscores.com/soccer/match/portsmouth-vs-aston-villa/23-08-2005/1530462
2005/2006,2005-08-23T19:45:00,Sunderland,Manchester City,https://www.xscores.com/soccer/match/sunderland-vs-manchester-city/23-08-2005/1530463
2005/2006,2005-08-24T19:45:00,Arsenal,Fulham,https://www.xscores.com/soccer/match/arsenal-vs-fulham/24-08-2005/1530458
2005/2006,2005-08-24T19:45:00,Chelsea,West Bromwich,https://www.xscores.com/soccer/match/chelsea-vs-west-bromwich/24-08-2005/1530465
2005/2006,2005-08-24T20:00:00,Blackburn,Tottenham,https://www.xscores.com/soccer/match/blackburn-vs-tottenham/24-08-2005/1530464
2005/2006,2005-08-24T20:00:00,Bolton,Newcastle,https://www.xscores.com/soccer/match/bolton-vs-newcastle/24-08-2005/1530460
2005/2006,2005-12-14T20:00:00,Everton,West Ham,https://www.xscores.com/soccer/match/everton-vs-west-ham/14-12-2005/1530466
2005/2006,2005-12-14T20:00:00,Manchester United,Wigan,https://www.xscores.com/soccer/match/manchester-united-vs-wigan/14-12-2005/1530467
2005/2006,2006-02-08T20:00:00,Charlton,Liverpool,https://www.xscores.com/soccer/match/charlton-vs-liverpool/08-02-2006/1530461
2005/2006,2005-08-27T12:15:00,West Bromwich,Birmingham,https://www.xscores.com/soccer/match/west-bromwich-vs-birmingham/27-08-2005/1530475
2005/2006,2005-08-27T15:00:00,Aston Villa,Blackburn,https://www.xscores.com/soccer/match/aston-villa-vs-blackburn/27-08-2005/1530468
2005/2006,2005-08-27T15:00:00,Fulham,Everton,https://www.xscores.com/soccer/match/fulham-vs-everton/27-08-2005/1530469
2005/2006,2005-08-27T15:00:00,Manchester City,Portsmouth,https://www.xscores.com/soccer/match/manchester-city-vs-portsmouth/27-08-2005/1530471
2005/2006,2005-08-27T15:00:00,Tottenham,Chelsea,https://www.xscores.com/soccer/match/tottenham-vs-chelsea/27-08-2005/1530474
2005/2006,2005-08-27T15:00:00,West Ham,Bolton,https://www.xscores.com/soccer/match/west-ham-vs-bolton/27-08-2005/1530476
2005/2006,2005-08-27T15:00:00,Wigan,Sunderland,https://www.xscores.com/soccer/match/wigan-vs-sunderland/27-08-2005/1530477
2005/2006,2005-08-28T13:30:00,Middlesbrough,Charlton,https://www.xscores.com/soccer/match/middlesbrough-vs-charlton/28-08-2005/1530472
2005/2006,2005-08-28T16:00:00,Newcastle,Manchester United,https://www.xscores.com/soccer/match/newcastle-vs-manchester-united/28-08-2005/1530473
2005/2006,2006-02-14T20:00:00,Liverpool,Arsenal,https://www.xscores.com/soccer/match/liverpool-vs-arsenal/14-02-2006/1530470
2005/2006,2005-09-10T15:00:00,Birmingham,Charlton,https://www.xscores.com/soccer/match/birmingham-vs-charlton/10-09-2005/1530478
2005/2006,2005-09-10T15:00:00,Chelsea,Sunderland,https://www.xscores.com/soccer/match/chelsea-vs-sunderland/10-09-2005/1530480
2005/2006,2005-09-10T15:00:00,Everton,Portsmouth,https://www.xscores.com/soccer/match/everton-vs-portsmouth/10-09-2005/1530481
2005/2006,2005-09-10T15:00:00,Manchester United,Manchester City,https://www.xscores.com/soccer/match/manchester-united-vs-manchester-city/10-09-2005/1530482
2005/2006,2005-09-10T15:00:00,Newcastle,Fulham,https://www.xscores.com/soccer/match/newcastle-vs-fulham/10-09-2005/1530484
2005/2006,2005-09-10T15:00:00,Tottenham,Liverpool,https://www.xscores.com/soccer/match/tottenham-vs-liverpool/10-09-2005/1530485
2005/2006,2005-09-10T15:00:00,West Bromwich,Wigan,https://www.xscores.com/soccer/match/west-bromwich-vs-wigan/10-09-2005/1530486
2005/2006,2005-09-10T17:15:00,Middlesbrough,Arsenal,https://www.xscores.com/soccer/match/middlesbrough-vs-arsenal/10-09-2005/1530483
2005/2006,2005-09-11T16:00:00,Bolton,Blackburn,https://www.xscores.com/soccer/match/bolton-vs-blackburn/11-09-2005/1530479
2005/2006,2005-09-12T20:00:00,West Ham,Aston Villa,https://www.xscores.com/soccer/match/west-ham-vs-aston-villa/12-09-2005/1530487
2005/2006,2005-09-17T15:00:00,Charlton,Chelsea,https://www.xscores.com/soccer/match/charlton-vs-chelsea/17-09-2005/1530491
2005/2006,2005-09-17T15:00:00,Fulham,West Ham,https://www.xscores.com/soccer/match/fulham-vs-west-ham/17-09-2005/1530492
2005/2006,2005-09-17T15:00:00,Portsmouth,Birmingham,https://www.xscores.com/soccer/match/portsmouth-vs-birmingham/17-09-2005/1530495
2005/2006,2005-09-17T15:00:00,Sunderland,West Bromwich,https://www.xscores.com/soccer/match/sunderland-vs-west-bromwich/17-09-2005/1530496
2005/2006,2005-09-17T17:15:00,Aston Villa,Tottenham,https://www.xscores.com/soccer/match/aston-villa-vs-tottenham/17-09-2005/1530489
2005/2006,2005-09-18T12:00:00,Liverpool,Manchester United,https://www.xscores.com/soccer/match/liverpool-vs-manchester-united/18-09-2005/1530493
2005/2006,2005-09-18T14:00:00,Blackburn,Newcastle,https://www.xscores.com/soccer/match/blackburn-vs-newcastle/18-09-2005/1530490
2005/2006,2005-09-18T15:00:00,Wigan,Middlesbrough,https://www.xscores.com/soccer/match/wigan-vs-middlesbrough/18-09-2005/1530497
2005/2006,2005-09-18T16:00:00,Manchester City,Bolton,https://www.xscores.com/soccer/match/manchester-city-vs-bolton/18-09-2005/1530494
2005/2006,2005-09-19T20:00:00,Arsenal,Everton,https://www.xscores.com/soccer/match/arsenal-vs-everton/19-09-2005/1530488
2005/2006,2005-09-24T12:45:00,Birmingham,Liverpool,https://www.xscores.com/soccer/match/birmingham-vs-liverpool/24-09-2005/1530498
2005/2006,2005-09-24T15:00:00,Chelsea,Aston Villa,https://www.xscores.com/soccer/match/chelsea-vs-aston-villa/24-09-2005/1530500
2005/2006,2005-09-24T15:00:00,Everton,Wigan,https://www.xscores.com/soccer/match/everton-vs-wigan/24-09-2005/1530501
2005/2006,2005-09-24T15:00:00,Manchester United,Blackburn,https://www.xscores.com/soccer/match/manchester-united-vs-blackburn/24-09-2005/1530502
2005/2006,2005-09-24T15:00:00,Newcastle,Manchester City,https://www.xscores.com/soccer/match/newcastle-vs-manchester-city/24-09-2005/1530504
2005/2006,2005-09-24T15:00:00,West Bromwich,Charlton,https://www.xscores.com/soccer/match/west-bromwich-vs-charlton/24-09-2005/1530506
2005/2006,2005-09-24T15:00:00,West Ham,Arsenal,https://www.xscores.com/soccer/match/west-ham-vs-arsenal/24-09-2005/1530507
2005/2006,2005-09-24T17:15:00,Bolton,Portsmouth,https://www.xscores.com/soccer/match/bolton-vs-portsmouth/24-09-2005/1530499
2005/2006,2005-09-25T16:00:00,Middlesbrough,Sunderland,https://www.xscores.com/soccer/match/middlesbrough-vs-sunderland/25-09-2005/1530503
2005/2006,2005-09-26T20:00:00,Tottenham,Fulham,https://www.xscores.com/soccer/match/tottenham-vs-fulham/26-09-2005/1530505
2005/2006,2005-10-01T15:00:00,Blackburn,West Bromwich,https://www.xscores.com/soccer/match/blackburn-vs-west-bromwich/01-10-2005/1530510
2005/2006,2005-10-01T15:00:00,Charlton,Tottenham,https://www.xscores.com/soccer/match/charlton-vs-tottenham/01-10-2005/1530511
2005/2006,2005-10-01T15:00:00,Fulham,Manchester United,https://www.xscores.com/soccer/match/fulham-vs-manchester-united/01-10-2005/1530512
2005/2006,2005-10-01T15:00:00,Portsmouth,Newcastle,https://www.xscores.com/soccer/match/portsmouth-vs-newcastle/01-10-2005/1530515
2005/2006,2005-10-01T17:15:00,Sunderland,West Ham,https://www.xscores.com/soccer/match/sunderland-vs-west-ham/01-10-2005/1530516
2005/2006,2005-10-02T11:15:00,Manchester City,Everton,https://www.xscores.com/soccer/match/manchester-city-vs-everton/02-10-2005/1530514
2005/2006,2005-10-02T13:00:00,Wigan,Bolton,https://www.xscores.com/soccer/match/wigan-vs-bolton/02-10-2005/1530517
2005/2006,2005-10-02T13:30:00,Arsenal,Birmingham,https://www.xscores.com/soccer/match/arsenal-vs-birmingham/02-10-2005/1530509
2005/2006,2005-10-02T14:00:00,Aston Villa,Middlesbrough,https://www.xscores.com/soccer/match/aston-villa-vs-middlesbrough/02-10-2005/1530508
2005/2006,2005-10-02T16:00:00,Liverpool,Chelsea,https://www.xscores.com/soccer/match/liverpool-vs-chelsea/02-10-2005/1530513
2005/2006,2005-10-15T12:45:00,Wigan,Newcastle,https://www.xscores.com/soccer/match/wigan-vs-newcastle/15-10-2005/1530527
2005/2006,2005-10-15T15:00:00,Chelsea,Bolton,https://www.xscores.com/soccer/match/chelsea-vs-bolton/15-10-2005/1530520
2005/2006,2005-10-15T15:00:00,Liverpool,Blackburn,https://www.xscores.com/soccer/match/liverpool-vs-blackburn/15-10-2005/1530521
2005/2006,2005-10-15T15:00:00,Sunderland,Manchester United,https://www.xscores.com/soccer/match/sunderland-vs-manchester-united/15-10-2005/1530524
2005/2006,2005-10-15T15:00:00,Tottenham,Everton,https://www.xscores.com/soccer/match/tottenham-vs-everton/15-10-2005/1530525
2005/2006,2005-10-15T15:00:00,West Bromwich,Arsenal,https://www.xscores.com/soccer/match/west-bromwich-vs-arsenal/15-10-2005/1530526
2005/2006,2005-10-15T17:15:00,Middlesbrough,Portsmouth,https://www.xscores.com/soccer/match/middlesbrough-vs-portsmouth/15-10-2005/1530523
2005/2006,2005-10-16T12:00:00,Birmingham,Aston Villa,https://www.xscores.com/soccer/match/birmingham-vs-aston-villa/16-10-2005/1530518
2005/2006,2005-10-16T16:00:00,Manchester City,West Ham,https://www.xscores.com/soccer/match/manchester-city-vs-west-ham/16-10-2005/1530522
2005/2006,2005-10-17T20:00:00,Charlton,Fulham,https://www.xscores.com/soccer/match/charlton-vs-fulham/17-10-2005/1530519
2005/2006,2005-10-22T12:45:00,Blackburn,Birmingham,https://www.xscores.com/soccer/match/blackburn-vs-birmingham/22-10-2005/1530530
2005/2006,2005-10-22T15:00:00,Arsenal,Manchester City,https://www.xscores.com/soccer/match/arsenal-vs-manchester-city/22-10-2005/1530528
2005/2006,2005-10-22T15:00:00,Aston Villa,Wigan,https://www.xscores.com/soccer/match/aston-villa-vs-wigan/22-10-2005/1530529
2005/2006,2005-10-22T15:00:00,Fulham,Liverpool,https://www.xscores.com/soccer/match/fulham-vs-liverpool/22-10-2005/1530533
2005/2006,2005-10-22T15:00:00,Manchester United,Tottenham,https://www.xscores.com/soccer/match/manchester-united-vs-tottenham/22-10-2005/1530534
2005/2006,2005-10-22T17:15:00,Portsmouth,Charlton,https://www.xscores.com/soccer/match/portsmouth-vs-charlton/22-10-2005/1530536
2005/2006,2005-10-23T13:30:00,Newcastle,Sunderland,https://www.xscores.com/soccer/match/newcastle-vs-sunderland/23-10-2005/1530535
2005/2006,2005-10-23T15:00:00,Bolton,West Bromwich,https://www.xscores.com/soccer/match/bolton-vs-west-bromwich/23-10-2005/1530531
2005/2006,2005-10-23T15:00:00,West Ham,Middlesbrough,https://www.xscores.com/soccer/match/west-ham-vs-middlesbrough/23-10-2005/1530537
2005/2006,2005-10-23T16:00:00,Everton,Chelsea,https://www.xscores.com/soccer/match/everton-vs-chelsea/23-10-2005/1530532
2005/2006,2005-10-29T12:45:00,Wigan,Fulham,https://www.xscores.com/soccer/match/wigan-vs-fulham/29-10-2005/1530547
2005/2006,2005-10-29T13:00:00,Tottenham,Arsenal,https://www.xscores.com/soccer/match/tottenham-vs-arsenal/29-10-2005/1530545
2005/2006,2005-10-29T15:00:00,Birmingham,Everton,https://www.xscores.com/soccer/match/birmingham-vs-everton/29-10-2005/1530538
2005/2006,2005-10-29T15:00:00,Charlton,Bolton,https://www.xscores.com/soccer/match/charlton-vs-bolton/29-10-2005/1530539
2005/2006,2005-10-29T15:00:00,Chelsea,Blackburn,https://www.xscores.com/soccer/match/chelsea-vs-blackburn/29-10-2005/1530540
2005/2006,2005-10-29T15:00:00,Liverpool,West Ham,https://www.xscores.com/soccer/match/liverpool-vs-west-ham/29-10-2005/1530541
2005/2006,2005-10-29T15:00:00,Sunderland,Portsmouth,https://www.xscores.com/soccer/match/sunderland-vs-portsmouth/29-10-2005/1530544
2005/2006,2005-10-29T17:15:00,Middlesbrough,Manchester United,https://www.xscores.com/soccer/match/middlesbrough-vs-manchester-united/29-10-2005/1530543
2005/2006,2005-10-30T16:00:00,West Bromwich,Newcastle,https://www.xscores.com/soccer/match/west-bromwich-vs-newcastle/30-10-2005/1530546
2005/2006,2005-10-31T20:00:00,Manchester City,Aston Villa,https://www.xscores.com/soccer/match/manchester-city-vs-aston-villa/31-10-2005/1530542
2005/2006,2005-11-05T12:45:00,Aston Villa,Liverpool,https://www.xscores.com/soccer/match/aston-villa-vs-liverpool/05-11-2005/1530550
2005/2006,2005-11-05T15:00:00,Arsenal,Sunderland,https://www.xscores.com/soccer/match/arsenal-vs-sunderland/05-11-2005/1530548
2005/2006,2005-11-05T15:00:00,Blackburn,Charlton,https://www.xscores.com/soccer/match/blackburn-vs-charlton/05-11-2005/1530549
2005/2006,2005-11-05T15:00:00,Fulham,Manchester City,https://www.xscores.com/soccer/match/fulham-vs-manchester-city/05-11-2005/1530553
2005/2006,2005-11-05T15:00:00,Newcastle,Birmingham,https://www.xscores.com/soccer/match/newcastle-vs-birmingham/05-11-2005/1530555
2005/2006,2005-11-05T15:00:00,West Ham,West Bromwich,https://www.xscores.com/soccer/match/west-ham-vs-west-bromwich/05-11-2005/1530557
2005/2006,2005-11-05T17:15:00,Portsmouth,Wigan,https://www.xscores.com/soccer/match/portsmouth-vs-wigan/05-11-2005/1530556
2005/2006,2005-11-06T14:00:00,Everton,Middlesbrough,https://www.xscores.com/soccer/match/everton-vs-middlesbrough/06-11-2005/1530552
2005/2006,2005-11-06T16:00:00,Manchester United,Chelsea,https://www.xscores.com/soccer/match/manchester-united-vs-chelsea/06-11-2005/1530554
2005/2006,2005-11-07T20:00:00,Bolton,Tottenham,https://www.xscores.com/soccer/match/bolton-vs-tottenham/07-11-2005/1530551
2005/2006,2005-11-19T12:45:00,Wigan,Arsenal,https://www.xscores.com/soccer/match/wigan-vs-arsenal/19-11-2005/1530567
2005/2006,2005-11-19T15:00:00,Charlton,Manchester United,https://www.xscores.com/soccer/match/charlton-vs-manchester-united/19-11-2005/1530559
2005/2006,2005-11-19T15:00:00,Chelsea,Newcastle,https://www.xscores.com/soccer/match/chelsea-vs-newcastle/19-11-2005/1530560
2005/2006,2005-11-19T15:00:00,Liverpool,Portsmouth,https://www.xscores.com/soccer/match/liverpool-vs-portsmouth/19-11-2005/1530561
2005/2006,2005-11-19T15:00:00,Manchester City,Blackburn,https://www.xscores.com/soccer/match/manchester-city-vs-blackburn/19-11-2005/1530562
2005/2006,2005-11-19T15:00:00,Sunderland,Aston Villa,https://www.xscores.com/soccer/match/sunderland-vs-aston-villa/19-11-2005/1530564
2005/2006,2005-11-19T17:15:00,West Bromwich,Everton,https://www.xscores.com/soccer/match/west-bromwich-vs-everton/19-11-2005/1530566
2005/2006,2005-11-20T13:00:00,Tottenham,West Ham,https://www.xscores.com/soccer/match/tottenham-vs-west-ham/20-11-2005/1530565
2005/2006,2005-11-20T16:00:00,Middlesbrough,Fulham,https://www.xscores.com/soccer/match/middlesbrough-vs-fulham/20-11-2005/1530563
2005/2006,2006-04-04T19:45:00,Birmingham,Bolton,https://www.xscores.com/soccer/match/birmingham-vs-bolton/04-04-2006/1530558
2005/2006,2005-11-26T15:00:00,Arsenal,Blackburn,https://www.xscores.com/soccer/match/arsenal-vs-blackburn/26-11-2005/1530568
2005/2006,2005-11-26T15:00:00,Aston Villa,Charlton,https://www.xscores.com/soccer/match/aston-villa-vs-charlton/26-11-2005/1530569
2005/2006,2005-11-26T15:00:00,Manchester City,Liverpool,https://www.xscores.com/soccer/match/manchester-city-vs-liverpool/26-11-2005/1530572
2005/2006,2005-11-26T15:00:00,Sunderland,Birmingham,https://www.xscores.com/soccer/match/sunderland-vs-birmingham/26-11-2005/1530575
2005/2006,2005-11-26T15:00:00,Wigan,Tottenham,https://www.xscores.com/soccer/match/wigan-vs-tottenham/26-11-2005/1530577
2005/2006,2005-11-26T17:20:00,Portsmouth,Chelsea,https://www.xscores.com/soccer/match/portsmouth-vs-chelsea/26-11-2005/1530574
2005/2006,2005-11-27T13:35:00,Everton,Newcastle,https://www.xscores.com/soccer/match/everton-vs-newcastle/27-11-2005/1530570
2005/2006,2005-11-27T14:00:00,Fulham,Bolton,https://www.xscores.com/soccer/match/fulham-vs-bolton/27-11-2005/1530571
2005/2006,2005-11-27T15:00:00,Middlesbrough,West Bromwich,https://www.xscores.com/soccer/match/middlesbrough-vs-west-bromwich/27-11-2005/1530573
2005/2006,2005-11-27T16:05:00,West Ham,Manchester United,https://www.xscores.com/soccer/match/west-ham-vs-manchester-united/27-11-2005/1530576
2005/2006,2005-12-03T12:45:00,Liverpool,Wigan,https://www.xscores.com/soccer/match/liverpool-vs-wigan/03-12-2005/1530583
2005/2006,2005-12-03T15:00:00,Blackburn,Everton,https://www.xscores.com/soccer/match/blackburn-vs-everton/03-12-2005/1530579
2005/2006,2005-12-03T15:00:00,Bolton,Arsenal,https://www.xscores.com/soccer/match/bolton-vs-arsenal/03-12-2005/1530580
2005/2006,2005-12-03T15:00:00,Chelsea,Middlesbrough,https://www.xscores.com/soccer/match/chelsea-vs-middlesbrough/03-12-2005/1530582
2005/2006,2005-12-03T15:00:00,Newcastle,Aston Villa,https://www.xscores.com/soccer/match/newcastle-vs-aston-villa/03-12-2005/1530585
2005/2006,2005-12-03T15:00:00,Tottenham,Sunderland,https://www.xscores.com/soccer/match/tottenham-vs-sunderland/03-12-2005/1530586
2005/2006,2005-12-03T15:00:00,West Bromwich,Fulham,https://www.xscores.com/soccer/match/west-bromwich-vs-fulham/03-12-2005/1530587
2005/2006,2005-12-03T17:15:00,Manchester United,Portsmouth,https://www.xscores.com/soccer/match/manchester-united-vs-portsmouth/03-12-2005/1530584
2005/2006,2005-12-04T16:00:00,Charlton,Manchester City,https://www.xscores.com/soccer/match/charlton-vs-manchester-city/04-12-2005/1530581
2005/2006,2005-12-05T20:00:00,Birmingham,West Ham,https://www.xscores.com/soccer/match/birmingham-vs-west-ham/05-12-2005/1530578
2005/2006,2005-12-10T12:45:00,Liverpool,Middlesbrough,https://www.xscores.com/soccer/match/liverpool-vs-middlesbrough/10-12-2005/1530593
2005/2006,2005-12-10T15:00:00,Birmingham,Fulham,https://www.xscores.com/soccer/match/birmingham-vs-fulham/10-12-2005/1530588
2005/2006,2005-12-10T15:00:00,Blackburn,West Ham,https://www.xscores.com/soccer/match/blackburn-vs-west-ham/10-12-2005/1530589
2005/2006,2005-12-10T15:00:00,Bolton,Aston Villa,https://www.xscores.com/soccer/match/bolton-vs-aston-villa/10-12-2005/1530590
2005/2006,2005-12-10T15:00:00,Charlton,Sunderland,https://www.xscores.com/soccer/match/charlton-vs-sunderland/10-12-2005/1530591
2005/2006,2005-12-10T15:00:00,Chelsea,Wigan,https://www.xscores.com/soccer/match/chelsea-vs-wigan/10-12-2005/1530592
2005/2006,2005-12-10T15:00:00,West Bromwich,Manchester City,https://www.xscores.com/soccer/match/west-bromwich-vs-manchester-city/10-12-2005/1530597
2005/2006,2005-12-10T17:15:00,Newcastle,Arsenal,https://www.xscores.com/soccer/match/newcastle-vs-arsenal/10-12-2005/1530595
2005/2006,2005-12-11T16:00:00,Manchester United,Everton,https://www.xscores.com/soccer/match/manchester-united-vs-everton/11-12-2005/1530594
2005/2006,2005-12-12T20:00:00,Tottenham,Portsmouth,https://www.xscores.com/soccer/match/tottenham-vs-portsmouth/12-12-2005/1530596
2005/2006,2005-11-30T19:45:00,Sunderland,Liverpool,https://www.xscores.com/soccer/match/sunderland-vs-liverpool/30-11-2005/1530624
2005/2006,2005-12-17T12:45:00,Aston Villa,Manchester United,https://www.xscores.com/soccer/match/aston-villa-vs-manchester-united/17-12-2005/1530599
2005/2006,2005-12-17T15:00:00,Everton,Bolton,https://www.xscores.com/soccer/match/everton-vs-bolton/17-12-2005/1530600
2005/2006,2005-12-17T15:00:00,Fulham,Blackburn,https://www.xscores.com/soccer/match/fulham-vs-blackburn/17-12-2005/1530601
2005/2006,2005-12-17T15:00:00,Portsmouth,West Bromwich,https://www.xscores.com/soccer/match/portsmouth-vs-west-bromwich/17-12-2005/1530623
2005/2006,2005-12-17T15:00:00,Wigan,Charlton,https://www.xscores.com/soccer/match/wigan-vs-charlton/17-12-2005/1530626
2005/2006,2005-12-17T15:30:00,West Ham,Newcastle,https://www.xscores.com/soccer/match/west-ham-vs-newcastle/17-12-2005/1530625
2005/2006,2005-12-17T17:15:00,Manchester City,Birmingham,https://www.xscores.com/soccer/match/manchester-city-vs-birmingham/17-12-2005/1530621
2005/2006,2005-12-18T13:30:00,Middlesbrough,Tottenham,https://www.xscores.com/soccer/match/middlesbrough-vs-tottenham/18-12-2005/1530622
2005/2006,2005-12-18T16:00:00,Arsenal,Chelsea,https://www.xscores.com/soccer/match/arsenal-vs-chelsea/18-12-2005/1530598
2005/2006,2005-12-26T12:45:00,Charlton,Arsenal,https://www.xscores.com/soccer/match/charlton-vs-arsenal/26-12-2005/1530628
2005/2006,2005-12-26T13:00:00,Chelsea,Fulham,https://www.xscores.com/soccer/match/chelsea-vs-fulham/26-12-2005/1530629
2005/2006,2005-12-26T13:00:00,Tottenham,Birmingham,https://www.xscores.com/soccer/match/tottenham-vs-birmingham/26-12-2005/1530635
2005/2006,2005-12-26T15:00:00,Liverpool,Newcastle,https://www.xscores.com/soccer/match/liverpool-vs-newcastle/26-12-2005/1530630
2005/2006,2005-12-26T15:00:00,Manchester United,West Bromwich,https://www.xscores.com/soccer/match/manchester-united-vs-west-bromwich/26-12-2005/1530631
2005/2006,2005-12-26T15:00:00,Middlesbrough,Blackburn,https://www.xscores.com/soccer/match/middlesbrough-vs-blackburn/26-12-2005/1530632
2005/2006,2005-12-26T15:00:00,Portsmouth,West Ham,https://www.xscores.com/soccer/match/portsmouth-vs-west-ham/26-12-2005/1530633
2005/2006,2005-12-26T15:00:00,Sunderland,Bolton,https://www.xscores.com/soccer/match/sunderland-vs-bolton/26-12-2005/1530634
2005/2006,2005-12-26T15:00:00,Wigan,Manchester City,https://www.xscores.com/soccer/match/wigan-vs-manchester-city/26-12-2005/1530636
2005/2006,2005-12-26T17:15:00,Aston Villa,Everton,https://www.xscores.com/soccer/match/aston-villa-vs-everton/26-12-2005/1530627
2005/2006,2005-12-28T19:45:00,Arsenal,Portsmouth,https://www.xscores.com/soccer/match/arsenal-vs-portsmouth/28-12-2005/1530637
2005/2006,2005-12-28T19:45:00,Birmingham,Manchester United,https://www.xscores.com/soccer/match/birmingham-vs-manchester-united/28-12-2005/1530638
2005/2006,2005-12-28T19:45:00,Manchester City,Chelsea,https://www.xscores.com/soccer/match/manchester-city-vs-chelsea/28-12-2005/1530643
2005/2006,2005-12-28T19:45:00,West Bromwich,Tottenham,https://www.xscores.com/soccer/match/west-bromwich-vs-tottenham/28-12-2005/1530645
2005/2006,2005-12-28T19:45:00,West Ham,Wigan,https://www.xscores.com/soccer/match/west-ham-vs-wigan/28-12-2005/1530646
2005/2006,2005-12-28T19:55:00,Fulham,Aston Villa,https://www.xscores.com/soccer/match/fulham-vs-aston-villa/28-12-2005/1530642
2005/2006,2005-12-28T20:00:00,Everton,Liverpool,https://www.xscores.com/soccer/match/everton-vs-liverpool/28-12-2005/1530641
2005/2006,2006-02-15T20:00:00,Blackburn,Sunderland,https://www.xscores.com/soccer/match/blackburn-vs-sunderland/15-02-2006/1530639
2005/2006,2006-02-22T19:50:00,Newcastle,Charlton,https://www.xscores.com/soccer/match/newcastle-vs-charlton/22-02-2006/1530644
2005/2006,2006-05-03T20:00:00,Bolton,Middlesbrough,https://www.xscores.com/soccer/match/bolton-vs-middlesbrough/03-05-2006/1530640
2005/2006,2005-12-31T12:45:00,Aston Villa,Arsenal,https://www.xscores.com/soccer/match/aston-villa-vs-arsenal/31-12-2005/1530647
2005/2006,2005-12-31T13:00:00,Charlton,West Ham,https://www.xscores.com/soccer/match/charlton-vs-west-ham/31-12-2005/1530648
2005/2006,2005-12-31T13:00:00,Chelsea,Birmingham,https://www.xscores.com/soccer/match/chelsea-vs-birmingham/31-12-2005/1530649
2005/2006,2005-12-31T13:00:00,Tottenham,Newcastle,https://www.xscores.com/soccer/match/tottenham-vs-newcastle/31-12-2005/1530655
2005/2006,2005-12-31T15:00:00,Liverpool,West Bromwich,https://www.xscores.com/soccer/match/liverpool-vs-west-bromwich/31-12-2005/1530650
2005/2006,2005-12-31T15:00:00,Manchester United,Bolton,https://www.xscores.com/soccer/match/manchester-united-vs-bolton/31-12-2005/1530651
2005/2006,2005-12-31T15:00:00,Middlesbrough,Manchester City,https://www.xscores.com/soccer/match/middlesbrough-vs-manchester-city/31-12-2005/1530652
2005/2006,2005-12-31T15:00:00,Portsmouth,Fulham,https://www.xscores.com/soccer/match/portsmouth-vs-fulham/31-12-2005/1530653
2005/2006,2005-12-31T15:00:00,Sunderland,Everton,https://www.xscores.com/soccer/match/sunderland-vs-everton/31-12-2005/1530654
2005/2006,2005-12-31T15:00:00,Wigan,Blackburn,https://www.xscores.com/soccer/match/wigan-vs-blackburn/31-12-2005/1530656
2005/2006,2006-01-02T12:00:00,West Bromwich,Aston Villa,https://www.xscores.com/soccer/match/west-bromwich-vs-aston-villa/02-01-2006/1530665
2005/2006,2006-01-02T12:45:00,West Ham,Chelsea,https://www.xscores.com/soccer/match/west-ham-vs-chelsea/02-01-2006/1530666
2005/2006,2006-01-02T15:00:00,Birmingham,Wigan,https://www.xscores.com/soccer/match/birmingham-vs-wigan/02-01-2006/1530658
2005/2006,2006-01-02T15:00:00,Bolton,Liverpool,https://www.xscores.com/soccer/match/bolton-vs-liverpool/02-01-2006/1530660
2005/2006,2006-01-02T15:00:00,Everton,Charlton,https://www.xscores.com/soccer/match/everton-vs-charlton/02-01-2006/1530661
2005/2006,2006-01-02T15:00:00,Fulham,Sunderland,https://www.xscores.com/soccer/match/fulham-vs-sunderland/02-01-2006/1530662
2005/2006,2006-01-02T15:00:00,Newcastle,Middlesbrough,https://www.xscores.com/soccer/match/newcastle-vs-middlesbrough/02-01-2006/1530664
2005/2006,2006-01-02T19:35:00,Blackburn,Portsmouth,https://www.xscores.com/soccer/match/blackburn-vs-portsmouth/02-01-2006/1530659
2005/2006,2006-01-03T20:00:00,Arsenal,Manchester United,https://www.xscores.com/soccer/match/arsenal-vs-manchester-united/03-01-2006/1530657
2005/2006,2006-01-04T20:00:00,Manchester City,Tottenham,https://www.xscores.com/soccer/match/manchester-city-vs-tottenham/04-01-2006/1530663
2005/2006,2006-01-14T12:45:00,Manchester City,Manchester United,https://www.xscores.com/soccer/match/manchester-city-vs-manchester-united/14-01-2006/1530673
2005/2006,2006-01-14T15:00:00,Arsenal,Middlesbrough,https://www.xscores.com/soccer/match/arsenal-vs-middlesbrough/14-01-2006/1530667
2005/2006,2006-01-14T15:00:00,Aston Villa,West Ham,https://www.xscores.com/soccer/match/aston-villa-vs-west-ham/14-01-2006/1530668
2005/2006,2006-01-14T15:00:00,Charlton,Birmingham,https://www.xscores.com/soccer/match/charlton-vs-birmingham/14-01-2006/1530670
2005/2006,2006-01-14T15:00:00,Fulham,Newcastle,https://www.xscores.com/soccer/match/fulham-vs-newcastle/14-01-2006/1530671
2005/2006,2006-01-14T15:00:00,Liverpool,Tottenham,https://www.xscores.com/soccer/match/liverpool-vs-tottenham/14-01-2006/1530672
2005/2006,2006-01-14T15:00:00,Portsmouth,Everton,https://www.xscores.com/soccer/match/portsmouth-vs-everton/14-01-2006/1530674
2005/2006,2006-01-14T17:15:00,Blackburn,Bolton,https://www.xscores.com/soccer/match/blackburn-vs-bolton/14-01-2006/1530669
2005/2006,2006-01-15T13:30:00,Wigan,West Bromwich,https://www.xscores.com/soccer/match/wigan-vs-west-bromwich/15-01-2006/1530676
2005/2006,2006-01-15T16:00:00,Sunderland,Chelsea,https://www.xscores.com/soccer/match/sunderland-vs-chelsea/15-01-2006/1530675
2005/2006,2006-01-21T12:45:00,Everton,Arsenal,https://www.xscores.com/soccer/match/everton-vs-arsenal/21-01-2006/1530680
2005/2006,2006-01-21T15:00:00,Birmingham,Portsmouth,https://www.xscores.com/soccer/match/birmingham-vs-portsmouth/21-01-2006/1530677
2005/2006,2006-01-21T15:00:00,Bolton,Manchester City,https://www.xscores.com/soccer/match/bolton-vs-manchester-city/21-01-2006/1530678
2005/2006,2006-01-21T15:00:00,Middlesbrough,Wigan,https://www.xscores.com/soccer/match/middlesbrough-vs-wigan/21-01-2006/1530682
2005/2006,2006-01-21T15:00:00,Newcastle,Blackburn,https://www.xscores.com/soccer/match/newcastle-vs-blackburn/21-01-2006/1530683
2005/2006,2006-01-21T15:00:00,Tottenham,Aston Villa,https://www.xscores.com/soccer/match/tottenham-vs-aston-villa/21-01-2006/1530684
2005/2006,2006-01-21T17:15:00,West Bromwich,Sunderland,https://www.xscores.com/soccer/match/west-bromwich-vs-sunderland/21-01-2006/1530685
2005/2006,2006-01-22T13:30:00,Chelsea,Charlton,https://www.xscores.com/soccer/match/chelsea-vs-charlton/22-01-2006/1530679
2005/2006,2006-01-22T16:00:00,Manchester United,Liverpool,https://www.xscores.com/soccer/match/manchester-united-vs-liverpool/22-01-2006/1530681
2005/2006,2006-01-23T20:00:00,West Ham,Fulham,https://www.xscores.com/soccer/match/west-ham-vs-fulham/23-01-2006/1530686
2005/2006,2006-01-31T19:45:00,Sunderland,Middlesbrough,https://www.xscores.com/soccer/match/sunderland-vs-middlesbrough/31-01-2006/1530691
2005/2006,2006-01-31T20:00:00,Charlton,West Bromwich,https://www.xscores.com/soccer/match/charlton-vs-west-bromwich/31-01-2006/1530688
2005/2006,2006-01-31T20:00:00,Fulham,Tottenham,https://www.xscores.com/soccer/match/fulham-vs-tottenham/31-01-2006/1530695
2005/2006,2006-01-31T20:00:00,Wigan,Everton,https://www.xscores.com/soccer/match/wigan-vs-everton/31-01-2006/1530692
2005/2006,2006-02-01T19:45:00,Aston Villa,Chelsea,https://www.xscores.com/soccer/match/aston-villa-vs-chelsea/01-02-2006/1530693
2005/2006,2006-02-01T19:45:00,Manchester City,Newcastle,https://www.xscores.com/soccer/match/manchester-city-vs-newcastle/01-02-2006/1530696
2005/2006,2006-02-01T19:45:00,Portsmouth,Bolton,https://www.xscores.com/soccer/match/portsmouth-vs-bolton/01-02-2006/1530690
2005/2006,2006-02-01T20:00:00,Arsenal,West Ham,https://www.xscores.com/soccer/match/arsenal-vs-west-ham/01-02-2006/1530687
2005/2006,2006-02-01T20:00:00,Blackburn,Manchester United,https://www.xscores.com/soccer/match/blackburn-vs-manchester-united/01-02-2006/1530694
2005/2006,2006-02-01T20:00:00,Liverpool,Birmingham,https://www.xscores.com/soccer/match/liverpool-vs-birmingham/01-02-2006/1530689
2005/2006,2006-02-04T15:00:00,Birmingham,Arsenal,https://www.xscores.com/soccer/match/birmingham-vs-arsenal/04-02-2006/1530697
2005/2006,2006-02-04T15:00:00,Bolton,Wigan,https://www.xscores.com/soccer/match/bolton-vs-wigan/04-02-2006/1530698
2005/2006,2006-02-04T15:00:00,Everton,Manchester City,https://www.xscores.com/soccer/match/everton-vs-manchester-city/04-02-2006/1530700
2005/2006,2006-02-04T15:00:00,Middlesbrough,Aston Villa,https://www.xscores.com/soccer/match/middlesbrough-vs-aston-villa/04-02-2006/1530702
2005/2006,2006-02-04T15:00:00,Newcastle,Portsmouth,https://www.xscores.com/soccer/match/newcastle-vs-portsmouth/04-02-2006/1530703
2005/2006,2006-02-04T15:00:00,West Bromwich,Blackburn,https://www.xscores.com/soccer/match/west-bromwich-vs-blackburn/04-02-2006/1530706
2005/2006,2006-02-04T15:00:00,West Ham,Sunderland,https://www.xscores.com/soccer/match/west-ham-vs-sunderland/04-02-2006/1530708
2005/2006,2006-02-04T17:15:00,Manchester United,Fulham,https://www.xscores.com/soccer/match/manchester-united-vs-fulham/04-02-2006/1530701
2005/2006,2006-02-05T13:30:00,Tottenham,Charlton,https://www.xscores.com/soccer/match/tottenham-vs-charlton/05-02-2006/1530705
2005/2006,2006-02-05T16:00:00,Chelsea,Liverpool,https://www.xscores.com/soccer/match/chelsea-vs-liverpool/05-02-2006/1530699
2005/2006,2006-02-11T12:45:00,Wigan,Liverpool,https://www.xscores.com/soccer/match/wigan-vs-liverpool/11-02-2006/1530724
2005/2006,2006-02-11T15:00:00,Arsenal,Bolton,https://www.xscores.com/soccer/match/arsenal-vs-bolton/11-02-2006/1530710
2005/2006,2006-02-11T15:00:00,Aston Villa,Newcastle,https://www.xscores.com/soccer/match/aston-villa-vs-newcastle/11-02-2006/1530711
2005/2006,2006-02-11T15:00:00,Everton,Blackburn,https://www.xscores.com/soccer/match/everton-vs-blackburn/11-02-2006/1530712
2005/2006,2006-02-11T15:00:00,Fulham,West Bromwich,https://www.xscores.com/soccer/match/fulham-vs-west-bromwich/11-02-2006/1530714
2005/2006,2006-02-11T15:00:00,Middlesbrough,Chelsea,https://www.xscores.com/soccer/match/middlesbrough-vs-chelsea/11-02-2006/1530717
2005/2006,2006-02-11T17:15:00,Portsmouth,Manchester United,https://www.xscores.com/soccer/match/portsmouth-vs-manchester-united/11-02-2006/1530719
2005/2006,2006-02-12T13:30:00,Sunderland,Tottenham,https://www.xscores.com/soccer/match/sunderland-vs-tottenham/12-02-2006/1530721
2005/2006,2006-02-12T16:00:00,Manchester City,Charlton,https://www.xscores.com/soccer/match/manchester-city-vs-charlton/12-02-2006/1530716
2005/2006,2006-02-13T20:05:00,West Ham,Birmingham,https://www.xscores.com/soccer/match/west-ham-vs-birmingham/13-02-2006/1530722
2005/2006,2006-02-19T13:15:00,Tottenham,Wigan,https://www.xscores.com/soccer/match/tottenham-vs-wigan/19-02-2006/1530761
2005/2006,2006-02-25T15:00:00,Birmingham,Sunderland,https://www.xscores.com/soccer/match/birmingham-vs-sunderland/25-02-2006/1530726
2005/2006,2006-02-25T15:00:00,Blackburn,Arsenal,https://www.xscores.com/soccer/match/blackburn-vs-arsenal/25-02-2006/1530727
2005/2006,2006-02-25T15:00:00,Charlton,Aston Villa,https://www.xscores.com/soccer/match/charlton-vs-aston-villa/25-02-2006/1530731
2005/2006,2006-02-25T15:00:00,Chelsea,Portsmouth,https://www.xscores.com/soccer/match/chelsea-vs-portsmouth/25-02-2006/1530757
2005/2006,2006-02-25T17:15:00,Newcastle,Everton,https://www.xscores.com/soccer/match/newcastle-vs-everton/25-02-2006/1530760
2005/2006,2006-02-26T12:15:00,Liverpool,Manchester City,https://www.xscores.com/soccer/match/liverpool-vs-manchester-city/26-02-2006/1530758
2005/2006,2006-02-26T13:00:00,Bolton,Fulham,https://www.xscores.com/soccer/match/bolton-vs-fulham/26-02-2006/1530729
2005/2006,2006-02-26T15:00:00,West Bromwich,Middlesbrough,https://www.xscores.com/soccer/match/west-bromwich-vs-middlesbrough/26-02-2006/1530762
2005/2006,2006-03-29T20:00:00,Manchester United,West Ham,https://www.xscores.com/soccer/match/manchester-united-vs-west-ham/29-03-2006/1530759
2005/2006,2006-03-04T12:50:00,West Bromwich,Chelsea,https://www.xscores.com/soccer/match/west-bromwich-vs-chelsea/04-03-2006/1530770
2005/2006,2006-03-04T15:00:00,Aston Villa,Portsmouth,https://www.xscores.com/soccer/match/aston-villa-vs-portsmouth/04-03-2006/1530763
2005/2006,2006-03-04T15:00:00,Fulham,Arsenal,https://www.xscores.com/soccer/match/fulham-vs-arsenal/04-03-2006/1530764
2005/2006,2006-03-04T15:00:00,Middlesbrough,Birmingham,https://www.xscores.com/soccer/match/middlesbrough-vs-birmingham/04-03-2006/1530767
2005/2006,2006-03-04T15:00:00,Newcastle,Bolton,https://www.xscores.com/soccer/match/newcastle-vs-bolton/04-03-2006/1530768
2005/2006,2006-03-04T15:00:00,West Ham,Everton,https://www.xscores.com/soccer/match/west-ham-vs-everton/04-03-2006/1530771
2005/2006,2006-03-04T17:15:00,Liverpool,Charlton,https://www.xscores.com/soccer/match/liverpool-vs-charlton/04-03-2006/1530765
2005/2006,2006-03-05T13:30:00,Manchester City,Sunderland,https://www.xscores.com/soccer/match/manchester-city-vs-sunderland/05-03-2006/1530766
2005/2006,2006-03-05T16:00:00,Tottenham,Blackburn,https://www.xscores.com/soccer/match/tottenham-vs-blackburn/05-03-2006/1530769
2005/2006,2006-03-06T20:00:00,Wigan,Manchester United,https://www.xscores.com/soccer/match/wigan-vs-manchester-united/06-03-2006/1530772
2005/2006,2006-03-11T12:00:00,Birmingham,West Bromwich,https://www.xscores.com/soccer/match/birmingham-vs-west-bromwich/11-03-2006/1530774
2005/2006,2006-03-11T12:45:00,Chelsea,Tottenham,https://www.xscores.com/soccer/match/chelsea-vs-tottenham/11-03-2006/1530778
2005/2006,2006-03-11T15:00:00,Bolton,West Ham,https://www.xscores.com/soccer/match/bolton-vs-west-ham/11-03-2006/1530776
2005/2006,2006-03-11T15:00:00,Everton,Fulham,https://www.xscores.com/soccer/match/everton-vs-fulham/11-03-2006/1530779
2005/2006,2006-03-11T15:00:00,Portsmouth,Manchester City,https://www.xscores.com/soccer/match/portsmouth-vs-manchester-city/11-03-2006/1530781
2005/2006,2006-03-11T15:00:00,Sunderland,Wigan,https://www.xscores.com/soccer/match/sunderland-vs-wigan/11-03-2006/1530782
2005/2006,2006-03-11T17:15:00,Blackburn,Aston Villa,https://www.xscores.com/soccer/match/blackburn-vs-aston-villa/11-03-2006/1530775
2005/2006,2006-03-12T13:30:00,Manchester United,Newcastle,https://www.xscores.com/soccer/match/manchester-united-vs-newcastle/12-03-2006/1530780
2005/2006,2006-03-12T15:00:00,Charlton,Middlesbrough,https://www.xscores.com/soccer/match/charlton-vs-middlesbrough/12-03-2006/1530777
2005/2006,2006-03-12T16:00:00,Arsenal,Liverpool,https://www.xscores.com/soccer/match/arsenal-vs-liverpool/12-03-2006/1530773
2005/2006,2006-03-18T12:45:00,Everton,Aston Villa,https://www.xscores.com/soccer/match/everton-vs-aston-villa/18-03-2006/1530787
2005/2006,2006-03-18T15:00:00,Arsenal,Charlton,https://www.xscores.com/soccer/match/arsenal-vs-charlton/18-03-2006/1530783
2005/2006,2006-03-18T15:00:00,Blackburn,Middlesbrough,https://www.xscores.com/soccer/match/blackburn-vs-middlesbrough/18-03-2006/1530785
2005/2006,2006-03-18T15:00:00,Bolton,Sunderland,https://www.xscores.com/soccer/match/bolton-vs-sunderland/18-03-2006/1530786
2005/2006,2006-03-18T15:00:00,Manchester City,Wigan,https://www.xscores.com/soccer/match/manchester-city-vs-wigan/18-03-2006/1530789
2005/2006,2006-03-18T15:00:00,West Bromwich,Manchester United,https://www.xscores.com/soccer/match/west-bromwich-vs-manchester-united/18-03-2006/1530791
2005/2006,2006-03-18T15:00:00,West Ham,Portsmouth,https://www.xscores.com/soccer/match/west-ham-vs-portsmouth/18-03-2006/1530792
2005/2006,2006-03-18T17:15:00,Birmingham,Tottenham,https://www.xscores.com/soccer/match/birmingham-vs-tottenham/18-03-2006/1530784
2005/2006,2006-03-19T13:30:00,Newcastle,Liverpool,https://www.xscores.com/soccer/match/newcastle-vs-liverpool/19-03-2006/1530790
2005/2006,2006-03-19T16:00:00,Fulham,Chelsea,https://www.xscores.com/soccer/match/fulham-vs-chelsea/19-03-2006/1530788
2005/2006,2006-03-25T12:45:00,Liverpool,Everton,https://www.xscores.com/soccer/match/liverpool-vs-everton/25-03-2006/1530796
2005/2006,2006-03-25T15:00:00,Aston Villa,Fulham,https://www.xscores.com/soccer/match/aston-villa-vs-fulham/25-03-2006/1530793
2005/2006,2006-03-25T15:00:00,Chelsea,Manchester City,https://www.xscores.com/soccer/match/chelsea-vs-manchester-city/25-03-2006/1530795
2005/2006,2006-03-25T15:00:00,Sunderland,Blackburn,https://www.xscores.com/soccer/match/sunderland-vs-blackburn/25-03-2006/1530800
2005/2006,2006-03-25T15:00:00,Wigan,West Ham,https://www.xscores.com/soccer/match/wigan-vs-west-ham/25-03-2006/1530802
2005/2006,2006-03-26T13:30:00,Middlesbrough,Bolton,https://www.xscores.com/soccer/match/middlesbrough-vs-bolton/26-03-2006/1530798
2005/2006,2006-03-26T14:00:00,Charlton,Newcastle,https://www.xscores.com/soccer/match/charlton-vs-newcastle/26-03-2006/1530794
2005/2006,2006-03-26T16:00:00,Manchester United,Birmingham,https://www.xscores.com/soccer/match/manchester-united-vs-birmingham/26-03-2006/1530797
2005/2006,2006-03-27T20:00:00,Tottenham,West Bromwich,https://www.xscores.com/soccer/match/tottenham-vs-west-bromwich/27-03-2006/1530801
2005/2006,2006-04-12T20:00:00,Portsmouth,Arsenal,https://www.xscores.com/soccer/match/portsmouth-vs-arsenal/12-04-2006/1530799
2005/2006,2006-04-01T12:45:00,Birmingham,Chelsea,https://www.xscores.com/soccer/match/birmingham-vs-chelsea/01-04-2006/1530804
2005/2006,2006-04-01T15:00:00,Arsenal,Aston Villa,https://www.xscores.com/soccer/match/arsenal-vs-aston-villa/01-04-2006/1530803
2005/2006,2006-04-01T15:00:00,Bolton,Manchester United,https://www.xscores.com/soccer/match/bolton-vs-manchester-united/01-04-2006/1530806
2005/2006,2006-04-01T15:00:00,Everton,Sunderland,https://www.xscores.com/soccer/match/everton-vs-sunderland/01-04-2006/1530807
2005/2006,2006-04-01T15:00:00,Fulham,Portsmouth,https://www.xscores.com/soccer/match/fulham-vs-portsmouth/01-04-2006/1530808
2005/2006,2006-04-01T15:00:00,Newcastle,Tottenham,https://www.xscores.com/soccer/match/newcastle-vs-tottenham/01-04-2006/1530810
2005/2006,2006-04-01T17:15:00,West Bromwich,Liverpool,https://www.xscores.com/soccer/match/west-bromwich-vs-liverpool/01-04-2006/1530811
2005/2006,2006-04-02T15:00:00,Manchester City,Middlesbrough,https://www.xscores.com/soccer/match/manchester-city-vs-middlesbrough/02-04-2006/1530809
2005/2006,2006-04-02T16:00:00,West Ham,Charlton,https://www.xscores.com/soccer/match/west-ham-vs-charlton/02-04-2006/1530812
2005/2006,2006-04-03T20:00:00,Blackburn,Wigan,https://www.xscores.com/soccer/match/blackburn-vs-wigan/03-04-2006/1530805
2005/2006,2006-04-08T12:45:00,Tottenham,Manchester City,https://www.xscores.com/soccer/match/tottenham-vs-manchester-city/08-04-2006/1530821
2005/2006,2006-04-08T15:00:00,Charlton,Everton,https://www.xscores.com/soccer/match/charlton-vs-everton/08-04-2006/1530814
2005/2006,2006-04-08T15:00:00,Portsmouth,Blackburn,https://www.xscores.com/soccer/match/portsmouth-vs-blackburn/08-04-2006/1530819
2005/2006,2006-04-08T17:15:00,Wigan,Birmingham,https://www.xscores.com/soccer/match/wigan-vs-birmingham/08-04-2006/1530822
2005/2006,2006-04-09T12:00:00,Aston Villa,West Bromwich,https://www.xscores.com/soccer/match/aston-villa-vs-west-bromwich/09-04-2006/1530813
2005/2006,2006-04-09T12:00:00,Chelsea,West Ham,https://www.xscores.com/soccer/match/chelsea-vs-west-ham/09-04-2006/1530815
2005/2006,2006-04-09T14:00:00,Liverpool,Bolton,https://www.xscores.com/soccer/match/liverpool-vs-bolton/09-04-2006/1530816
2005/2006,2006-04-09T15:00:00,Middlesbrough,Newcastle,https://www.xscores.com/soccer/match/middlesbrough-vs-newcastle/09-04-2006/1530818
2005/2006,2006-04-09T16:00:00,Manchester United,Arsenal,https://www.xscores.com/soccer/match/manchester-united-vs-arsenal/09-04-2006/1530817
2005/2006,2006-05-04T19:45:00,Sunderland,Fulham,https://www.xscores.com/soccer/match/sunderland-vs-fulham/04-05-2006/1530820
2005/2006,2006-04-14T19:45:00,Manchester United,Sunderland,https://www.xscores.com/soccer/match/manchester-united-vs-sunderland/14-04-2006/1530829
2005/2006,2006-04-15T12:45:00,Bolton,Chelsea,https://www.xscores.com/soccer/match/bolton-vs-chelsea/15-04-2006/1530826
2005/2006,2006-04-15T15:00:00,Arsenal,West Bromwich,https://www.xscores.com/soccer/match/arsenal-vs-west-bromwich/15-04-2006/1530823
2005/2006,2006-04-15T15:00:00,Everton,Tottenham,https://www.xscores.com/soccer/match/everton-vs-tottenham/15-04-2006/1530827
2005/2006,2006-04-15T15:00:00,Fulham,Charlton,https://www.xscores.com/soccer/match/fulham-vs-charlton/15-04-2006/1530828
2005/2006,2006-04-15T15:00:00,Newcastle,Wigan,https://www.xscores.com/soccer/match/newcastle-vs-wigan/15-04-2006/1530830
2005/2006,2006-04-15T15:00:00,Portsmouth,Middlesbrough,https://www.xscores.com/soccer/match/portsmouth-vs-middlesbrough/15-04-2006/1530831
2005/2006,2006-04-15T15:00:00,West Ham,Manchester City,https://www.xscores.com/soccer/match/west-ham-vs-manchester-city/15-04-2006/1530832
2005/2006,2006-04-16T12:00:00,Aston Villa,Birmingham,https://www.xscores.com/soccer/match/aston-villa-vs-birmingham/16-04-2006/1530824
2005/2006,2006-04-16T14:30:00,Blackburn,Liverpool,https://www.xscores.com/soccer/match/blackburn-vs-liverpool/16-04-2006/1530825
2005/2006,2006-03-15T20:00:00,Liverpool,Fulham,https://www.xscores.com/soccer/match/liverpool-vs-fulham/15-03-2006/1530836
2005/2006,2006-04-17T12:45:00,Tottenham,Manchester United,https://www.xscores.com/soccer/match/tottenham-vs-manchester-united/17-04-2006/1530840
2005/2006,2006-04-17T15:00:00,Charlton,Portsmouth,https://www.xscores.com/soccer/match/charlton-vs-portsmouth/17-04-2006/1530834
2005/2006,2006-04-17T15:00:00,Chelsea,Everton,https://www.xscores.com/soccer/match/chelsea-vs-everton/17-04-2006/1530835
2005/2006,2006-04-17T15:00:00,Middlesbrough,West Ham,https://www.xscores.com/soccer/match/middlesbrough-vs-west-ham/17-04-2006/1530838
2005/2006,2006-04-17T15:00:00,Sunderland,Newcastle,https://www.xscores.com/soccer/match/sunderland-vs-newcastle/17-04-2006/1530839
2005/2006,2006-04-17T20:00:00,West Bromwich,Bolton,https://www.xscores.com/soccer/match/west-bromwich-vs-bolton/17-04-2006/1530841
2005/2006,2006-04-18T19:45:00,Wigan,Aston Villa,https://www.xscores.com/soccer/match/wigan-vs-aston-villa/18-04-2006/1530842
2005/2006,2006-04-19T19:45:00,Birmingham,Blackburn,https://www.xscores.com/soccer/match/birmingham-vs-blackburn/19-04-2006/1530833
2005/2006,2006-05-04T19:45:00,Manchester City,Arsenal,https://www.xscores.com/soccer/match/manchester-city-vs-arsenal/04-05-2006/1530837
2005/2006,2006-04-22T12:45:00,Arsenal,Tottenham,https://www.xscores.com/soccer/match/arsenal-vs-tottenham/22-04-2006/1530843
2005/2006,2006-04-22T15:00:00,Bolton,Charlton,https://www.xscores.com/soccer/match/bolton-vs-charlton/22-04-2006/1530846
2005/2006,2006-04-22T15:00:00,Everton,Birmingham,https://www.xscores.com/soccer/match/everton-vs-birmingham/22-04-2006/1530847
2005/2006,2006-04-22T15:00:00,Newcastle,West Bromwich,https://www.xscores.com/soccer/match/newcastle-vs-west-bromwich/22-04-2006/1530850
2005/2006,2006-04-22T15:00:00,Portsmouth,Sunderland,https://www.xscores.com/soccer/match/portsmouth-vs-sunderland/22-04-2006/1530851
2005/2006,2006-04-24T20:00:00,Fulham,Wigan,https://www.xscores.com/soccer/match/fulham-vs-wigan/24-04-2006/1530848
2005/2006,2006-04-25T19:45:00,Aston Villa,Manchester City,https://www.xscores.com/soccer/match/aston-villa-vs-manchester-city/25-04-2006/1530844
2005/2006,2006-04-26T19:50:00,West Ham,Liverpool,https://www.xscores.com/soccer/match/west-ham-vs-liverpool/26-04-2006/1530852
2005/2006,2006-05-01T20:00:00,Manchester United,Middlesbrough,https://www.xscores.com/soccer/match/manchester-united-vs-middlesbrough/01-05-2006/1530849
2005/2006,2006-05-02T20:00:00,Blackburn,Chelsea,https://www.xscores.com/soccer/match/blackburn-vs-chelsea/02-05-2006/1530845
2005/2006,2006-04-29T12:30:00,Chelsea,Manchester United,https://www.xscores.com/soccer/match/chelsea-vs-manchester-united/29-04-2006/1530855
2005/2006,2006-04-29T15:00:00,Birmingham,Newcastle,https://www.xscores.com/soccer/match/birmingham-vs-newcastle/29-04-2006/1530853
2005/2006,2006-04-29T15:00:00,Liverpool,Aston Villa,https://www.xscores.com/soccer/match/liverpool-vs-aston-villa/29-04-2006/1530856
2005/2006,2006-04-29T15:00:00,Manchester City,Fulham,https://www.xscores.com/soccer/match/manchester-city-vs-fulham/29-04-2006/1530857
2005/2006,2006-04-29T15:00:00,Middlesbrough,Everton,https://www.xscores.com/soccer/match/middlesbrough-vs-everton/29-04-2006/1530858
2005/2006,2006-04-29T15:00:00,Wigan,Portsmouth,https://www.xscores.com/soccer/match/wigan-vs-portsmouth/29-04-2006/1530862
2005/2006,2006-04-29T17:15:00,Charlton,Blackburn,https://www.xscores.com/soccer/match/charlton-vs-blackburn/29-04-2006/1530854
2005/2006,2006-04-30T16:00:00,Tottenham,Bolton,https://www.xscores.com/soccer/match/tottenham-vs-bolton/30-04-2006/1530860
2005/2006,2006-05-01T17:15:00,Sunderland,Arsenal,https://www.xscores.com/soccer/match/sunderland-vs-arsenal/01-05-2006/1530859
2005/2006,2006-05-01T20:00:00,West Bromwich,West Ham,https://www.xscores.com/soccer/match/west-bromwich-vs-west-ham/01-05-2006/1530861
2005/2006,2006-05-07T15:00:00,Arsenal,Wigan,https://www.xscores.com/soccer/match/arsenal-vs-wigan/07-05-2006/1530863
2005/2006,2006-05-07T15:00:00,Aston Villa,Sunderland,https://www.xscores.com/soccer/match/aston-villa-vs-sunderland/07-05-2006/1530864
2005/2006,2006-05-07T15:00:00,Blackburn,Manchester City,https://www.xscores.com/soccer/match/blackburn-vs-manchester-city/07-05-2006/1530865
2005/2006,2006-05-07T15:00:00,Bolton,Birmingham,https://www.xscores.com/soccer/match/bolton-vs-birmingham/07-05-2006/1530866
2005/2006,2006-05-07T15:00:00,Everton,West Bromwich,https://www.xscores.com/soccer/match/everton-vs-west-bromwich/07-05-2006/1530867
2005/2006,2006-05-07T15:00:00,Fulham,Middlesbrough,https://www.xscores.com/soccer/match/fulham-vs-middlesbrough/07-05-2006/1530868
2005/2006,2006-05-07T15:00:00,Manchester United,Charlton,https://www.xscores.com/soccer/match/manchester-united-vs-charlton/07-05-2006/1530869
2005/2006,2006-05-07T15:00:00,Newcastle,Chelsea,https://www.xscores.com/soccer/match/newcastle-vs-chelsea/07-05-2006/1530870
2005/2006,2006-05-07T15:00:00,Portsmouth,Liverpool,https://www.xscores.com/soccer/match/portsmouth-vs-liverpool/07-05-2006/1530871
2005/2006,2006-05-07T15:00:00,West Ham,Tottenham,https://www.xscores.com/soccer/match/west-ham-vs-tottenham/07-05-2006/1530872
