season,date,home_team,away_team,url
2000/2001,2001-08-18T16:00:00,Charlton,Everton,https://www.xscores.com/soccer/match/charlton-vs-everton/18-08-2001/1517568
2000/2001,2001-08-18T16:00:00,Derby,Blackburn,https://www.xscores.com/soccer/match/derby-vs-blackburn/18-08-2001/1517564
2000/2001,2001-08-18T16:00:00,Leeds,Southampton,https://www.xscores.com/soccer/match/leeds-vs-southampton/18-08-2001/1517565
2000/2001,2001-08-18T16:00:00,Leicester,Bolton,https://www.xscores.com/soccer/match/leicester-vs-bolton/18-08-2001/1517566
2000/2001,2001-08-18T16:00:00,Liverpool,West Ham,https://www.xscores.com/soccer/match/liverpool-vs-west-ham/18-08-2001/1517567
2000/2001,2001-08-18T16:00:00,Middlesbrough,Arsenal,https://www.xscores.com/soccer/match/middlesbrough-vs-arsenal/18-08-2001/1517569
2000/2001,2001-08-18T16:00:00,Sunderland,Ipswich,https://www.xscores.com/soccer/match/sunderland-vs-ipswich/18-08-2001/1517570
2000/2001,2001-08-18T16:00:00,Tottenham,Aston Villa,https://www.xscores.com/soccer/match/tottenham-vs-aston-villa/18-08-2001/1517571
2000/2001,2001-08-19T15:00:00,Chelsea,Newcastle,https://www.xscores.com/soccer/match/chelsea-vs-newcastle/19-08-2001/1517572
2000/2001,2001-08-19T17:00:00,Manchester United,Fulham,https://www.xscores.com/soccer/match/manchester-united-vs-fulham/19-08-2001/1517573
2000/2001,2001-08-20T21:00:00,Everton,Tottenham,https://www.xscores.com/soccer/match/everton-vs-tottenham/20-08-2001/1517574
2000/2001,2001-08-21T20:45:00,Ipswich,Derby,https://www.xscores.com/soccer/match/ipswich-vs-derby/21-08-2001/1517575
2000/2001,2001-08-21T21:00:00,Arsenal,Leeds,https://www.xscores.com/soccer/match/arsenal-vs-leeds/21-08-2001/1517576
2000/2001,2001-08-21T21:00:00,Bolton,Middlesbrough,https://www.xscores.com/soccer/match/bolton-vs-middlesbrough/21-08-2001/1517577
2000/2001,2001-08-22T20:45:00,Fulham,Sunderland,https://www.xscores.com/soccer/match/fulham-vs-sunderland/22-08-2001/1517578
2000/2001,2001-08-22T21:00:00,Blackburn,Manchester United,https://www.xscores.com/soccer/match/blackburn-vs-manchester-united/22-08-2001/1517579
2000/2001,2001-08-25T16:00:00,Arsenal,Leicester,https://www.xscores.com/soccer/match/arsenal-vs-leicester/25-08-2001/1517580
2000/2001,2001-09-26T20:45:00,Newcastle,Leicester,https://www.xscores.com/soccer/match/newcastle-vs-leicester/26-09-2001/1517581
2000/2001,2001-10-24T20:45:00,Aston Villa,Charlton,https://www.xscores.com/soccer/match/aston-villa-vs-charlton/24-10-2001/1517583
2000/2001,2001-10-24T20:45:00,West Ham,Chelsea,https://www.xscores.com/soccer/match/west-ham-vs-chelsea/24-10-2001/1517582
2000/2001,2001-08-25T16:00:00,Blackburn,Tottenham,https://www.xscores.com/soccer/match/blackburn-vs-tottenham/25-08-2001/1517584
2000/2001,2001-08-25T16:00:00,Everton,Middlesbrough,https://www.xscores.com/soccer/match/everton-vs-middlesbrough/25-08-2001/1517585
2000/2001,2001-08-25T16:00:00,Fulham,Derby,https://www.xscores.com/soccer/match/fulham-vs-derby/25-08-2001/1517586
2000/2001,2001-08-25T16:00:00,Ipswich,Charlton,https://www.xscores.com/soccer/match/ipswich-vs-charlton/25-08-2001/1517587
2000/2001,2001-08-25T16:00:00,Southampton,Chelsea,https://www.xscores.com/soccer/match/southampton-vs-chelsea/25-08-2001/1517588
2000/2001,2001-08-25T16:00:00,West Ham,Leeds,https://www.xscores.com/soccer/match/west-ham-vs-leeds/25-08-2001/1517589
2000/2001,2001-08-26T15:00:00,Aston Villa,Manchester United,https://www.xscores.com/soccer/match/aston-villa-vs-manchester-united/26-08-2001/1517590
2000/2001,2001-08-26T17:00:00,Newcastle,Sunderland,https://www.xscores.com/soccer/match/newcastle-vs-sunderland/26-08-2001/1517591
2000/2001,2001-08-27T21:00:00,Bolton,Liverpool,https://www.xscores.com/soccer/match/bolton-vs-liverpool/27-08-2001/1517592
2000/2001,2001-09-09T17:00:00,Charlton,Fulham,https://www.xscores.com/soccer/match/charlton-vs-fulham/09-09-2001/1517593
2000/2001,2001-09-08T16:00:00,Chelsea,Arsenal,https://www.xscores.com/soccer/match/chelsea-vs-arsenal/08-09-2001/1517594
2000/2001,2001-09-08T16:00:00,Derby,West Ham,https://www.xscores.com/soccer/match/derby-vs-west-ham/08-09-2001/1517595
2000/2001,2001-09-08T16:00:00,Leeds,Bolton,https://www.xscores.com/soccer/match/leeds-vs-bolton/08-09-2001/1517596
2000/2001,2001-09-08T16:00:00,Leicester,Ipswich,https://www.xscores.com/soccer/match/leicester-vs-ipswich/08-09-2001/1517597
2000/2001,2001-09-08T16:00:00,Liverpool,Aston Villa,https://www.xscores.com/soccer/match/liverpool-vs-aston-villa/08-09-2001/1517598
2000/2001,2001-09-08T16:00:00,Manchester United,Everton,https://www.xscores.com/soccer/match/manchester-united-vs-everton/08-09-2001/1517599
2000/2001,2001-09-08T16:00:00,Middlesbrough,Newcastle,https://www.xscores.com/soccer/match/middlesbrough-vs-newcastle/08-09-2001/1517600
2000/2001,2001-09-08T16:00:00,Sunderland,Blackburn,https://www.xscores.com/soccer/match/sunderland-vs-blackburn/08-09-2001/1517601
2000/2001,2001-09-09T15:00:00,Tottenham,Southampton,https://www.xscores.com/soccer/match/tottenham-vs-southampton/09-09-2001/1517602
2000/2001,2001-09-16T16:00:00,Aston Villa,Sunderland,https://www.xscores.com/soccer/match/aston-villa-vs-sunderland/16-09-2001/1517603
2000/2001,2001-09-15T13:00:00,Everton,Liverpool,https://www.xscores.com/soccer/match/everton-vs-liverpool/15-09-2001/1517604
2000/2001,2001-09-15T16:00:00,Bolton,Southampton,https://www.xscores.com/soccer/match/bolton-vs-southampton/15-09-2001/1517606
2000/2001,2001-09-15T16:00:00,Derby,Leicester,https://www.xscores.com/soccer/match/derby-vs-leicester/15-09-2001/1517609
2000/2001,2001-09-15T16:00:00,Fulham,Arsenal,https://www.xscores.com/soccer/match/fulham-vs-arsenal/15-09-2001/1517605
2000/2001,2001-09-15T16:00:00,Middlesbrough,West Ham,https://www.xscores.com/soccer/match/middlesbrough-vs-west-ham/15-09-2001/1517607
2000/2001,2001-09-15T16:00:00,Newcastle,Manchester United,https://www.xscores.com/soccer/match/newcastle-vs-manchester-united/15-09-2001/1517608
2000/2001,2001-09-16T15:00:00,Charlton,Leeds,https://www.xscores.com/soccer/match/charlton-vs-leeds/16-09-2001/1517611
2000/2001,2001-09-16T15:00:00,Tottenham,Chelsea,https://www.xscores.com/soccer/match/tottenham-vs-chelsea/16-09-2001/1517610
2000/2001,2001-09-16T17:00:00,Ipswich,Blackburn,https://www.xscores.com/soccer/match/ipswich-vs-blackburn/16-09-2001/1517612
2000/2001,2001-12-18T20:00:00,Arsenal,Newcastle,https://www.xscores.com/soccer/match/arsenal-vs-newcastle/18-12-2001/1517613
2000/2001,2001-09-17T21:00:00,Leicester,Middlesbrough,https://www.xscores.com/soccer/match/leicester-vs-middlesbrough/17-09-2001/1517614
2000/2001,2001-09-19T20:45:00,Blackburn,Bolton,https://www.xscores.com/soccer/match/blackburn-vs-bolton/19-09-2001/1517615
2000/2001,2001-09-19T21:00:00,Sunderland,Tottenham,https://www.xscores.com/soccer/match/sunderland-vs-tottenham/19-09-2001/1517616
2000/2001,2001-09-22T16:00:00,Arsenal,Bolton,https://www.xscores.com/soccer/match/arsenal-vs-bolton/22-09-2001/1517617
2000/2001,2001-10-24T21:00:00,Southampton,Ipswich,https://www.xscores.com/soccer/match/southampton-vs-ipswich/24-10-2001/1517618
2000/2001,2001-12-05T19:45:00,Chelsea,Charlton,https://www.xscores.com/soccer/match/chelsea-vs-charlton/05-12-2001/1517620
2000/2001,2001-12-05T19:45:00,West Ham,Aston Villa,https://www.xscores.com/soccer/match/west-ham-vs-aston-villa/05-12-2001/1517619
2000/2001,2001-12-12T20:00:00,Liverpool,Fulham,https://www.xscores.com/soccer/match/liverpool-vs-fulham/12-12-2001/1517621
2000/2001,2001-12-12T20:00:00,Manchester United,Derby,https://www.xscores.com/soccer/match/manchester-united-vs-derby/12-12-2001/1517622
2000/2001,2001-12-19T19:45:00,Leeds,Everton,https://www.xscores.com/soccer/match/leeds-vs-everton/19-12-2001/1517623
2000/2001,2001-09-22T16:00:00,Blackburn,Everton,https://www.xscores.com/soccer/match/blackburn-vs-everton/22-09-2001/1517627
2000/2001,2001-09-22T16:00:00,Leicester,Fulham,https://www.xscores.com/soccer/match/leicester-vs-fulham/22-09-2001/1517624
2000/2001,2001-09-22T16:00:00,Liverpool,Tottenham,https://www.xscores.com/soccer/match/liverpool-vs-tottenham/22-09-2001/1517625
2000/2001,2001-09-22T16:00:00,Manchester United,Ipswich,https://www.xscores.com/soccer/match/manchester-united-vs-ipswich/22-09-2001/1517626
2000/2001,2001-09-22T16:00:00,Sunderland,Charlton,https://www.xscores.com/soccer/match/sunderland-vs-charlton/22-09-2001/1517628
2000/2001,2001-09-23T15:00:00,Chelsea,Middlesbrough,https://www.xscores.com/soccer/match/chelsea-vs-middlesbrough/23-09-2001/1517629
2000/2001,2001-09-23T15:00:00,Leeds,Derby,https://www.xscores.com/soccer/match/leeds-vs-derby/23-09-2001/1517630
2000/2001,2001-09-23T17:00:00,West Ham,Newcastle,https://www.xscores.com/soccer/match/west-ham-vs-newcastle/23-09-2001/1517631
2000/2001,2001-09-24T21:00:00,Southampton,Aston Villa,https://www.xscores.com/soccer/match/southampton-vs-aston-villa/24-09-2001/1517632
2000/2001,2001-09-30T16:00:00,Aston Villa,Blackburn,https://www.xscores.com/soccer/match/aston-villa-vs-blackburn/30-09-2001/1517633
2000/2001,2001-09-29T16:00:00,Bolton,Sunderland,https://www.xscores.com/soccer/match/bolton-vs-sunderland/29-09-2001/1517636
2000/2001,2001-09-29T16:00:00,Derby,Arsenal,https://www.xscores.com/soccer/match/derby-vs-arsenal/29-09-2001/1517634
2000/2001,2001-09-29T16:00:00,Everton,West Ham,https://www.xscores.com/soccer/match/everton-vs-west-ham/29-09-2001/1517635
2000/2001,2001-09-29T16:00:00,Middlesbrough,Southampton,https://www.xscores.com/soccer/match/middlesbrough-vs-southampton/29-09-2001/1517637
2000/2001,2001-09-29T16:00:00,Tottenham,Manchester United,https://www.xscores.com/soccer/match/tottenham-vs-manchester-united/29-09-2001/1517638
2000/2001,2001-09-29T16:15:00,Charlton,Leicester,https://www.xscores.com/soccer/match/charlton-vs-leicester/29-09-2001/1517639
2000/2001,2001-09-30T13:00:00,Fulham,Chelsea,https://www.xscores.com/soccer/match/fulham-vs-chelsea/30-09-2001/1517640
2000/2001,2001-09-30T15:00:00,Newcastle,Liverpool,https://www.xscores.com/soccer/match/newcastle-vs-liverpool/30-09-2001/1517641
2000/2001,2001-09-30T17:00:00,Ipswich,Leeds,https://www.xscores.com/soccer/match/ipswich-vs-leeds/30-09-2001/1517642
2000/2001,2001-10-14T17:00:00,Aston Villa,Fulham,https://www.xscores.com/soccer/match/aston-villa-vs-fulham/14-10-2001/1517643
2000/2001,2001-10-13T13:00:00,Liverpool,Leeds,https://www.xscores.com/soccer/match/liverpool-vs-leeds/13-10-2001/1517644
2000/2001,2001-10-13T16:00:00,Bolton,Newcastle,https://www.xscores.com/soccer/match/bolton-vs-newcastle/13-10-2001/1517647
2000/2001,2001-10-13T16:00:00,Charlton,Middlesbrough,https://www.xscores.com/soccer/match/charlton-vs-middlesbrough/13-10-2001/1517648
2000/2001,2001-10-13T16:00:00,Chelsea,Leicester,https://www.xscores.com/soccer/match/chelsea-vs-leicester/13-10-2001/1517649
2000/2001,2001-10-13T16:00:00,Ipswich,Everton,https://www.xscores.com/soccer/match/ipswich-vs-everton/13-10-2001/1517650
2000/2001,2001-10-13T16:00:00,Southampton,Arsenal,https://www.xscores.com/soccer/match/southampton-vs-arsenal/13-10-2001/1517645
2000/2001,2001-10-13T16:00:00,Sunderland,Manchester United,https://www.xscores.com/soccer/match/sunderland-vs-manchester-united/13-10-2001/1517646
2000/2001,2001-10-14T15:00:00,Blackburn,West Ham,https://www.xscores.com/soccer/match/blackburn-vs-west-ham/14-10-2001/1517651
2000/2001,2001-10-15T21:00:00,Tottenham,Derby,https://www.xscores.com/soccer/match/tottenham-vs-derby/15-10-2001/1517652
2000/2001,2001-10-20T16:00:00,Arsenal,Blackburn,https://www.xscores.com/soccer/match/arsenal-vs-blackburn/20-10-2001/1517653
2000/2001,2001-10-20T16:00:00,Derby,Charlton,https://www.xscores.com/soccer/match/derby-vs-charlton/20-10-2001/1517654
2000/2001,2001-10-20T16:00:00,Everton,Aston Villa,https://www.xscores.com/soccer/match/everton-vs-aston-villa/20-10-2001/1517655
2000/2001,2001-10-20T16:00:00,Leicester,Liverpool,https://www.xscores.com/soccer/match/leicester-vs-liverpool/20-10-2001/1517656
2000/2001,2001-10-20T16:00:00,Manchester United,Bolton,https://www.xscores.com/soccer/match/manchester-united-vs-bolton/20-10-2001/1517657
2000/2001,2001-10-20T16:00:00,West Ham,Southampton,https://www.xscores.com/soccer/match/west-ham-vs-southampton/20-10-2001/1517658
2000/2001,2001-10-21T14:00:00,Fulham,Ipswich,https://www.xscores.com/soccer/match/fulham-vs-ipswich/21-10-2001/1517659
2000/2001,2001-10-21T15:00:00,Newcastle,Tottenham,https://www.xscores.com/soccer/match/newcastle-vs-tottenham/21-10-2001/1517660
2000/2001,2001-10-21T17:00:00,Leeds,Chelsea,https://www.xscores.com/soccer/match/leeds-vs-chelsea/21-10-2001/1517661
2000/2001,2001-10-22T21:00:00,Middlesbrough,Sunderland,https://www.xscores.com/soccer/match/middlesbrough-vs-sunderland/22-10-2001/1517662
2000/2001,2002-01-09T20:00:00,Southampton,Liverpool,https://www.xscores.com/soccer/match/southampton-vs-liverpool/09-01-2002/1517663
2000/2001,2001-10-27T13:00:00,Manchester United,Leeds,https://www.xscores.com/soccer/match/manchester-united-vs-leeds/27-10-2001/1517664
2000/2001,2001-10-27T16:00:00,Aston Villa,Bolton,https://www.xscores.com/soccer/match/aston-villa-vs-bolton/27-10-2001/1517669
2000/2001,2001-10-27T16:00:00,Charlton,Liverpool,https://www.xscores.com/soccer/match/charlton-vs-liverpool/27-10-2001/1517670
2000/2001,2001-10-27T16:00:00,Everton,Newcastle,https://www.xscores.com/soccer/match/everton-vs-newcastle/27-10-2001/1517667
2000/2001,2001-10-27T16:00:00,Fulham,Southampton,https://www.xscores.com/soccer/match/fulham-vs-southampton/27-10-2001/1517668
2000/2001,2001-10-27T16:00:00,Sunderland,Arsenal,https://www.xscores.com/soccer/match/sunderland-vs-arsenal/27-10-2001/1517665
2000/2001,2001-10-27T16:00:00,Tottenham,Middlesbrough,https://www.xscores.com/soccer/match/tottenham-vs-middlesbrough/27-10-2001/1517666
2000/2001,2001-10-28T14:00:00,Ipswich,West Ham,https://www.xscores.com/soccer/match/ipswich-vs-west-ham/28-10-2001/1517671
2000/2001,2001-10-28T16:00:00,Derby,Chelsea,https://www.xscores.com/soccer/match/derby-vs-chelsea/28-10-2001/1517672
2000/2001,2001-10-29T20:00:00,Blackburn,Leicester,https://www.xscores.com/soccer/match/blackburn-vs-leicester/29-10-2001/1517673
2000/2001,2001-11-03T12:00:00,Leicester,Sunderland,https://www.xscores.com/soccer/match/leicester-vs-sunderland/03-11-2001/1517674
2000/2001,2001-11-03T15:00:00,Bolton,Everton,https://www.xscores.com/soccer/match/bolton-vs-everton/03-11-2001/1517675
2000/2001,2001-11-03T15:00:00,Middlesbrough,Derby,https://www.xscores.com/soccer/match/middlesbrough-vs-derby/03-11-2001/1517676
2000/2001,2001-11-03T15:00:00,Newcastle,Aston Villa,https://www.xscores.com/soccer/match/newcastle-vs-aston-villa/03-11-2001/1517677
2000/2001,2001-11-03T15:00:00,Southampton,Blackburn,https://www.xscores.com/soccer/match/southampton-vs-blackburn/03-11-2001/1517678
2000/2001,2001-11-03T15:00:00,West Ham,Fulham,https://www.xscores.com/soccer/match/west-ham-vs-fulham/03-11-2001/1517679
2000/2001,2001-11-04T11:30:00,Liverpool,Manchester United,https://www.xscores.com/soccer/match/liverpool-vs-manchester-united/04-11-2001/1517680
2000/2001,2001-11-04T12:00:00,Leeds,Tottenham,https://www.xscores.com/soccer/match/leeds-vs-tottenham/04-11-2001/1517681
2000/2001,2001-11-04T14:00:00,Arsenal,Charlton,https://www.xscores.com/soccer/match/arsenal-vs-charlton/04-11-2001/1517682
2000/2001,2001-11-04T14:00:00,Chelsea,Ipswich,https://www.xscores.com/soccer/match/chelsea-vs-ipswich/04-11-2001/1517683
2000/2001,2001-11-17T12:00:00,Blackburn,Liverpool,https://www.xscores.com/soccer/match/blackburn-vs-liverpool/17-11-2001/1517684
2000/2001,2001-11-17T15:00:00,Aston Villa,Middlesbrough,https://www.xscores.com/soccer/match/aston-villa-vs-middlesbrough/17-11-2001/1517688
2000/2001,2001-11-17T15:00:00,Derby,Southampton,https://www.xscores.com/soccer/match/derby-vs-southampton/17-11-2001/1517685
2000/2001,2001-11-17T15:00:00,Fulham,Newcastle,https://www.xscores.com/soccer/match/fulham-vs-newcastle/17-11-2001/1517686
2000/2001,2001-11-17T15:00:00,Manchester United,Leicester,https://www.xscores.com/soccer/match/manchester-united-vs-leicester/17-11-2001/1517687
2000/2001,2001-11-17T15:00:00,Tottenham,Arsenal,https://www.xscores.com/soccer/match/tottenham-vs-arsenal/17-11-2001/1517689
2000/2001,2001-11-18T14:00:00,Everton,Chelsea,https://www.xscores.com/soccer/match/everton-vs-chelsea/18-11-2001/1517690
2000/2001,2001-11-18T15:00:00,Sunderland,Leeds,https://www.xscores.com/soccer/match/sunderland-vs-leeds/18-11-2001/1517691
2000/2001,2001-11-18T16:00:00,Ipswich,Bolton,https://www.xscores.com/soccer/match/ipswich-vs-bolton/18-11-2001/1517692
2000/2001,2001-11-19T20:00:00,Charlton,West Ham,https://www.xscores.com/soccer/match/charlton-vs-west-ham/19-11-2001/1517693
2000/2001,2001-11-24T15:00:00,Bolton,Fulham,https://www.xscores.com/soccer/match/bolton-vs-fulham/24-11-2001/1517694
2000/2001,2001-11-24T15:00:00,Chelsea,Blackburn,https://www.xscores.com/soccer/match/chelsea-vs-blackburn/24-11-2001/1517695
2000/2001,2001-11-24T15:00:00,Leicester,Everton,https://www.xscores.com/soccer/match/leicester-vs-everton/24-11-2001/1517696
2000/2001,2001-11-24T15:00:00,Newcastle,Derby,https://www.xscores.com/soccer/match/newcastle-vs-derby/24-11-2001/1517697
2000/2001,2001-11-24T15:00:00,Southampton,Charlton,https://www.xscores.com/soccer/match/southampton-vs-charlton/24-11-2001/1517698
2000/2001,2001-11-24T15:00:00,West Ham,Tottenham,https://www.xscores.com/soccer/match/west-ham-vs-tottenham/24-11-2001/1517699
2000/2001,2001-11-25T14:00:00,Liverpool,Sunderland,https://www.xscores.com/soccer/match/liverpool-vs-sunderland/25-11-2001/1517700
2000/2001,2001-11-25T15:00:00,Leeds,Aston Villa,https://www.xscores.com/soccer/match/leeds-vs-aston-villa/25-11-2001/1517702
2000/2001,2001-11-25T15:00:00,Middlesbrough,Ipswich,https://www.xscores.com/soccer/match/middlesbrough-vs-ipswich/25-11-2001/1517701
2000/2001,2001-11-25T16:00:00,Arsenal,Manchester United,https://www.xscores.com/soccer/match/arsenal-vs-manchester-united/25-11-2001/1517703
2000/2001,2001-12-01T12:00:00,Manchester United,Chelsea,https://www.xscores.com/soccer/match/manchester-united-vs-chelsea/01-12-2001/1517704
2000/2001,2001-12-01T15:00:00,Aston Villa,Leicester,https://www.xscores.com/soccer/match/aston-villa-vs-leicester/01-12-2001/1517707
2000/2001,2001-12-01T15:00:00,Blackburn,Middlesbrough,https://www.xscores.com/soccer/match/blackburn-vs-middlesbrough/01-12-2001/1517708
2000/2001,2001-12-01T15:00:00,Charlton,Newcastle,https://www.xscores.com/soccer/match/charlton-vs-newcastle/01-12-2001/1517709
2000/2001,2001-12-01T15:00:00,Derby,Liverpool,https://www.xscores.com/soccer/match/derby-vs-liverpool/01-12-2001/1517710
2000/2001,2001-12-01T15:00:00,Ipswich,Arsenal,https://www.xscores.com/soccer/match/ipswich-vs-arsenal/01-12-2001/1517706
2000/2001,2001-12-01T15:00:00,Sunderland,West Ham,https://www.xscores.com/soccer/match/sunderland-vs-west-ham/01-12-2001/1517705
2000/2001,2001-12-02T14:00:00,Fulham,Leeds,https://www.xscores.com/soccer/match/fulham-vs-leeds/02-12-2001/1517711
2000/2001,2001-12-02T16:00:00,Everton,Southampton,https://www.xscores.com/soccer/match/everton-vs-southampton/02-12-2001/1517712
2000/2001,2001-12-03T20:00:00,Tottenham,Bolton,https://www.xscores.com/soccer/match/tottenham-vs-bolton/03-12-2001/1517713
2000/2001,2001-12-08T15:00:00,Charlton,Tottenham,https://www.xscores.com/soccer/match/charlton-vs-tottenham/08-12-2001/1517714
2000/2001,2001-12-08T15:00:00,Derby,Bolton,https://www.xscores.com/soccer/match/derby-vs-bolton/08-12-2001/1517715
2000/2001,2001-12-08T15:00:00,Fulham,Everton,https://www.xscores.com/soccer/match/fulham-vs-everton/08-12-2001/1517716
2000/2001,2001-12-08T15:00:00,Leicester,Southampton,https://www.xscores.com/soccer/match/leicester-vs-southampton/08-12-2001/1517717
2000/2001,2001-12-08T15:00:00,Liverpool,Middlesbrough,https://www.xscores.com/soccer/match/liverpool-vs-middlesbrough/08-12-2001/1517718
2000/2001,2001-12-08T15:00:00,Manchester United,West Ham,https://www.xscores.com/soccer/match/manchester-united-vs-west-ham/08-12-2001/1517719
2000/2001,2001-12-09T13:00:00,Blackburn,Leeds,https://www.xscores.com/soccer/match/blackburn-vs-leeds/09-12-2001/1517720
2000/2001,2001-12-09T14:00:00,Sunderland,Chelsea,https://www.xscores.com/soccer/match/sunderland-vs-chelsea/09-12-2001/1517721
2000/2001,2001-12-09T15:00:00,Ipswich,Newcastle,https://www.xscores.com/soccer/match/ipswich-vs-newcastle/09-12-2001/1517722
2000/2001,2001-12-09T16:00:00,Arsenal,Aston Villa,https://www.xscores.com/soccer/match/arsenal-vs-aston-villa/09-12-2001/1517723
2000/2001,2001-12-15T15:00:00,Bolton,Charlton,https://www.xscores.com/soccer/match/bolton-vs-charlton/15-12-2001/1517724
2000/2001,2001-12-15T15:00:00,Everton,Derby,https://www.xscores.com/soccer/match/everton-vs-derby/15-12-2001/1517725
2000/2001,2001-12-15T15:00:00,Middlesbrough,Manchester United,https://www.xscores.com/soccer/match/middlesbrough-vs-manchester-united/15-12-2001/1517726
2000/2001,2001-12-15T15:00:00,Newcastle,Blackburn,https://www.xscores.com/soccer/match/newcastle-vs-blackburn/15-12-2001/1517727
2000/2001,2001-12-15T15:00:00,Southampton,Sunderland,https://www.xscores.com/soccer/match/southampton-vs-sunderland/15-12-2001/1517728
2000/2001,2001-12-15T15:00:00,Tottenham,Fulham,https://www.xscores.com/soccer/match/tottenham-vs-fulham/15-12-2001/1517729
2000/2001,2001-12-15T15:00:00,West Ham,Arsenal,https://www.xscores.com/soccer/match/west-ham-vs-arsenal/15-12-2001/1517730
2000/2001,2001-12-16T14:00:00,Leeds,Leicester,https://www.xscores.com/soccer/match/leeds-vs-leicester/16-12-2001/1517731
2000/2001,2001-12-16T16:00:00,Chelsea,Liverpool,https://www.xscores.com/soccer/match/chelsea-vs-liverpool/16-12-2001/1517732
2000/2001,2001-12-17T20:00:00,Aston Villa,Ipswich,https://www.xscores.com/soccer/match/aston-villa-vs-ipswich/17-12-2001/1517733
2000/2001,2001-12-22T12:00:00,Derby,Aston Villa,https://www.xscores.com/soccer/match/derby-vs-aston-villa/22-12-2001/1517734
2000/2001,2001-12-22T15:00:00,Charlton,Blackburn,https://www.xscores.com/soccer/match/charlton-vs-blackburn/22-12-2001/1517737
2000/2001,2001-12-22T15:00:00,Leeds,Newcastle,https://www.xscores.com/soccer/match/leeds-vs-newcastle/22-12-2001/1517735
2000/2001,2001-12-22T15:00:00,Leicester,West Ham,https://www.xscores.com/soccer/match/leicester-vs-west-ham/22-12-2001/1517736
2000/2001,2001-12-22T15:00:00,Manchester United,Southampton,https://www.xscores.com/soccer/match/manchester-united-vs-southampton/22-12-2001/1517738
2000/2001,2001-12-22T15:00:00,Sunderland,Everton,https://www.xscores.com/soccer/match/sunderland-vs-everton/22-12-2001/1517739
2000/2001,2001-12-22T15:00:00,Tottenham,Ipswich,https://www.xscores.com/soccer/match/tottenham-vs-ipswich/22-12-2001/1517740
2000/2001,2001-12-23T14:00:00,Chelsea,Bolton,https://www.xscores.com/soccer/match/chelsea-vs-bolton/23-12-2001/1517741
2000/2001,2001-12-23T16:00:00,Liverpool,Arsenal,https://www.xscores.com/soccer/match/liverpool-vs-arsenal/23-12-2001/1517742
2000/2001,2002-02-19T19:45:00,Middlesbrough,Fulham,https://www.xscores.com/soccer/match/middlesbrough-vs-fulham/19-02-2002/1517743
2000/2001,2001-12-26T12:00:00,Arsenal,Chelsea,https://www.xscores.com/soccer/match/arsenal-vs-chelsea/26-12-2001/1517744
2000/2001,2001-12-26T12:00:00,Bolton,Leeds,https://www.xscores.com/soccer/match/bolton-vs-leeds/26-12-2001/1517745
2000/2001,2001-12-26T12:00:00,Fulham,Charlton,https://www.xscores.com/soccer/match/fulham-vs-charlton/26-12-2001/1517746
2000/2001,2001-12-26T12:00:00,Southampton,Tottenham,https://www.xscores.com/soccer/match/southampton-vs-tottenham/26-12-2001/1517747
2000/2001,2001-12-26T12:00:00,West Ham,Derby,https://www.xscores.com/soccer/match/west-ham-vs-derby/26-12-2001/1517748
2000/2001,2001-12-26T15:00:00,Aston Villa,Liverpool,https://www.xscores.com/soccer/match/aston-villa-vs-liverpool/26-12-2001/1517752
2000/2001,2001-12-26T15:00:00,Blackburn,Sunderland,https://www.xscores.com/soccer/match/blackburn-vs-sunderland/26-12-2001/1517753
2000/2001,2001-12-26T15:00:00,Everton,Manchester United,https://www.xscores.com/soccer/match/everton-vs-manchester-united/26-12-2001/1517751
2000/2001,2001-12-26T15:00:00,Ipswich,Leicester,https://www.xscores.com/soccer/match/ipswich-vs-leicester/26-12-2001/1517749
2000/2001,2001-12-26T15:00:00,Newcastle,Middlesbrough,https://www.xscores.com/soccer/match/newcastle-vs-middlesbrough/26-12-2001/1517750
2000/2001,2001-12-29T15:00:00,Arsenal,Middlesbrough,https://www.xscores.com/soccer/match/arsenal-vs-middlesbrough/29-12-2001/1517754
2000/2001,2001-12-29T15:00:00,Aston Villa,Tottenham,https://www.xscores.com/soccer/match/aston-villa-vs-tottenham/29-12-2001/1517755
2000/2001,2001-12-29T15:00:00,Blackburn,Derby,https://www.xscores.com/soccer/match/blackburn-vs-derby/29-12-2001/1517756
2000/2001,2001-12-29T15:00:00,Bolton,Leicester,https://www.xscores.com/soccer/match/bolton-vs-leicester/29-12-2001/1517757
2000/2001,2001-12-29T15:00:00,Everton,Charlton,https://www.xscores.com/soccer/match/everton-vs-charlton/29-12-2001/1517758
2000/2001,2001-12-29T15:00:00,Ipswich,Sunderland,https://www.xscores.com/soccer/match/ipswich-vs-sunderland/29-12-2001/1517759
2000/2001,2001-12-29T15:00:00,Newcastle,Chelsea,https://www.xscores.com/soccer/match/newcastle-vs-chelsea/29-12-2001/1517760
2000/2001,2001-12-29T15:00:00,Southampton,Leeds,https://www.xscores.com/soccer/match/southampton-vs-leeds/29-12-2001/1517761
2000/2001,2001-12-29T15:00:00,West Ham,Liverpool,https://www.xscores.com/soccer/match/west-ham-vs-liverpool/29-12-2001/1517762
2000/2001,2001-12-30T14:00:00,Fulham,Manchester United,https://www.xscores.com/soccer/match/fulham-vs-manchester-united/30-12-2001/1517763
2000/2001,2002-01-01T15:00:00,Charlton,Ipswich,https://www.xscores.com/soccer/match/charlton-vs-ipswich/01-01-2002/1517764
2000/2001,2002-01-01T15:00:00,Chelsea,Southampton,https://www.xscores.com/soccer/match/chelsea-vs-southampton/01-01-2002/1517765
2000/2001,2002-01-01T15:00:00,Liverpool,Bolton,https://www.xscores.com/soccer/match/liverpool-vs-bolton/01-01-2002/1517766
2000/2001,2002-01-01T15:00:00,Middlesbrough,Everton,https://www.xscores.com/soccer/match/middlesbrough-vs-everton/01-01-2002/1517767
2000/2001,2002-01-01T15:00:00,Sunderland,Aston Villa,https://www.xscores.com/soccer/match/sunderland-vs-aston-villa/01-01-2002/1517768
2000/2001,2002-01-01T15:00:00,Tottenham,Blackburn,https://www.xscores.com/soccer/match/tottenham-vs-blackburn/01-01-2002/1517769
2000/2001,2002-01-01T20:00:00,Leeds,West Ham,https://www.xscores.com/soccer/match/leeds-vs-west-ham/01-01-2002/1517770
2000/2001,2002-01-02T19:45:00,Derby,Fulham,https://www.xscores.com/soccer/match/derby-vs-fulham/02-01-2002/1517771
2000/2001,2002-01-02T20:00:00,Manchester United,Newcastle,https://www.xscores.com/soccer/match/manchester-united-vs-newcastle/02-01-2002/1517772
2000/2001,2002-01-23T19:45:00,Leicester,Arsenal,https://www.xscores.com/soccer/match/leicester-vs-arsenal/23-01-2002/1517773
2000/2001,2002-01-12T15:00:00,Aston Villa,Derby,https://www.xscores.com/soccer/match/aston-villa-vs-derby/12-01-2002/1517774
2000/2001,2002-01-12T15:00:00,Blackburn,Charlton,https://www.xscores.com/soccer/match/blackburn-vs-charlton/12-01-2002/1517775
2000/2001,2002-01-12T15:00:00,Bolton,Chelsea,https://www.xscores.com/soccer/match/bolton-vs-chelsea/12-01-2002/1517776
2000/2001,2002-01-12T15:00:00,Everton,Sunderland,https://www.xscores.com/soccer/match/everton-vs-sunderland/12-01-2002/1517777
2000/2001,2002-01-12T15:00:00,Fulham,Middlesbrough,https://www.xscores.com/soccer/match/fulham-vs-middlesbrough/12-01-2002/1517778
2000/2001,2002-01-12T15:00:00,Ipswich,Tottenham,https://www.xscores.com/soccer/match/ipswich-vs-tottenham/12-01-2002/1517779
2000/2001,2002-01-12T15:00:00,Newcastle,Leeds,https://www.xscores.com/soccer/match/newcastle-vs-leeds/12-01-2002/1517780
2000/2001,2002-01-12T15:00:00,West Ham,Leicester,https://www.xscores.com/soccer/match/west-ham-vs-leicester/12-01-2002/1517781
2000/2001,2002-01-13T14:00:00,Southampton,Manchester United,https://www.xscores.com/soccer/match/southampton-vs-manchester-united/13-01-2002/1517782
2000/2001,2002-01-13T16:00:00,Arsenal,Liverpool,https://www.xscores.com/soccer/match/arsenal-vs-liverpool/13-01-2002/1517783
2000/2001,2002-01-19T15:00:00,Derby,Ipswich,https://www.xscores.com/soccer/match/derby-vs-ipswich/19-01-2002/1517784
2000/2001,2002-01-19T15:00:00,Leicester,Newcastle,https://www.xscores.com/soccer/match/leicester-vs-newcastle/19-01-2002/1517785
2000/2001,2002-01-19T15:00:00,Liverpool,Southampton,https://www.xscores.com/soccer/match/liverpool-vs-southampton/19-01-2002/1517786
2000/2001,2002-01-19T15:00:00,Manchester United,Blackburn,https://www.xscores.com/soccer/match/manchester-united-vs-blackburn/19-01-2002/1517787
2000/2001,2002-01-19T15:00:00,Middlesbrough,Bolton,https://www.xscores.com/soccer/match/middlesbrough-vs-bolton/19-01-2002/1517788
2000/2001,2002-01-19T15:00:00,Sunderland,Fulham,https://www.xscores.com/soccer/match/sunderland-vs-fulham/19-01-2002/1517789
2000/2001,2002-01-19T15:00:00,Tottenham,Everton,https://www.xscores.com/soccer/match/tottenham-vs-everton/19-01-2002/1517790
2000/2001,2002-01-20T14:00:00,Chelsea,West Ham,https://www.xscores.com/soccer/match/chelsea-vs-west-ham/20-01-2002/1517791
2000/2001,2002-01-20T16:00:00,Leeds,Arsenal,https://www.xscores.com/soccer/match/leeds-vs-arsenal/20-01-2002/1517792
2000/2001,2002-01-21T20:00:00,Charlton,Aston Villa,https://www.xscores.com/soccer/match/charlton-vs-aston-villa/21-01-2002/1517793
2000/2001,2002-01-29T19:45:00,Charlton,Derby,https://www.xscores.com/soccer/match/charlton-vs-derby/29-01-2002/1517795
2000/2001,2002-01-29T19:45:00,Sunderland,Middlesbrough,https://www.xscores.com/soccer/match/sunderland-vs-middlesbrough/29-01-2002/1517794
2000/2001,2002-01-29T20:00:00,Bolton,Manchester United,https://www.xscores.com/soccer/match/bolton-vs-manchester-united/29-01-2002/1517796
2000/2001,2002-01-30T19:45:00,Aston Villa,Everton,https://www.xscores.com/soccer/match/aston-villa-vs-everton/30-01-2002/1517800
2000/2001,2002-01-30T19:45:00,Blackburn,Arsenal,https://www.xscores.com/soccer/match/blackburn-vs-arsenal/30-01-2002/1517801
2000/2001,2002-01-30T19:45:00,Ipswich,Fulham,https://www.xscores.com/soccer/match/ipswich-vs-fulham/30-01-2002/1517797
2000/2001,2002-01-30T19:45:00,Southampton,West Ham,https://www.xscores.com/soccer/match/southampton-vs-west-ham/30-01-2002/1517798
2000/2001,2002-01-30T19:45:00,Tottenham,Newcastle,https://www.xscores.com/soccer/match/tottenham-vs-newcastle/30-01-2002/1517799
2000/2001,2002-01-30T20:00:00,Chelsea,Leeds,https://www.xscores.com/soccer/match/chelsea-vs-leeds/30-01-2002/1517802
2000/2001,2002-01-30T20:00:00,Liverpool,Leicester,https://www.xscores.com/soccer/match/liverpool-vs-leicester/30-01-2002/1517803
2000/2001,2002-02-02T12:00:00,Derby,Tottenham,https://www.xscores.com/soccer/match/derby-vs-tottenham/02-02-2002/1517804
2000/2001,2002-02-02T15:00:00,Arsenal,Southampton,https://www.xscores.com/soccer/match/arsenal-vs-southampton/02-02-2002/1517811
2000/2001,2002-02-02T15:00:00,Everton,Ipswich,https://www.xscores.com/soccer/match/everton-vs-ipswich/02-02-2002/1517805
2000/2001,2002-02-02T15:00:00,Fulham,Aston Villa,https://www.xscores.com/soccer/match/fulham-vs-aston-villa/02-02-2002/1517806
2000/2001,2002-02-02T15:00:00,Leicester,Chelsea,https://www.xscores.com/soccer/match/leicester-vs-chelsea/02-02-2002/1517807
2000/2001,2002-02-02T15:00:00,Manchester United,Sunderland,https://www.xscores.com/soccer/match/manchester-united-vs-sunderland/02-02-2002/1517808
2000/2001,2002-02-02T15:00:00,Newcastle,Bolton,https://www.xscores.com/soccer/match/newcastle-vs-bolton/02-02-2002/1517809
2000/2001,2002-02-02T15:00:00,West Ham,Blackburn,https://www.xscores.com/soccer/match/west-ham-vs-blackburn/02-02-2002/1517810
2000/2001,2002-02-03T12:00:00,Leeds,Liverpool,https://www.xscores.com/soccer/match/leeds-vs-liverpool/03-02-2002/1517812
2000/2001,2002-02-03T16:00:00,Middlesbrough,Charlton,https://www.xscores.com/soccer/match/middlesbrough-vs-charlton/03-02-2002/1517813
2000/2001,2002-02-09T15:00:00,Aston Villa,Chelsea,https://www.xscores.com/soccer/match/aston-villa-vs-chelsea/09-02-2002/1517814
2000/2001,2002-02-09T15:00:00,Bolton,West Ham,https://www.xscores.com/soccer/match/bolton-vs-west-ham/09-02-2002/1517815
2000/2001,2002-02-09T15:00:00,Derby,Sunderland,https://www.xscores.com/soccer/match/derby-vs-sunderland/09-02-2002/1517816
2000/2001,2002-02-09T15:00:00,Fulham,Blackburn,https://www.xscores.com/soccer/match/fulham-vs-blackburn/09-02-2002/1517817
2000/2001,2002-02-09T15:00:00,Ipswich,Liverpool,https://www.xscores.com/soccer/match/ipswich-vs-liverpool/09-02-2002/1517818
2000/2001,2002-02-09T15:00:00,Middlesbrough,Leeds,https://www.xscores.com/soccer/match/middlesbrough-vs-leeds/09-02-2002/1517819
2000/2001,2002-02-09T15:00:00,Newcastle,Southampton,https://www.xscores.com/soccer/match/newcastle-vs-southampton/09-02-2002/1517820
2000/2001,2002-02-09T15:00:00,Tottenham,Leicester,https://www.xscores.com/soccer/match/tottenham-vs-leicester/09-02-2002/1517821
2000/2001,2002-02-10T14:00:00,Charlton,Manchester United,https://www.xscores.com/soccer/match/charlton-vs-manchester-united/10-02-2002/1517822
2000/2001,2002-02-10T16:00:00,Everton,Arsenal,https://www.xscores.com/soccer/match/everton-vs-arsenal/10-02-2002/1517823
2000/2001,2002-02-23T12:00:00,Manchester United,Aston Villa,https://www.xscores.com/soccer/match/manchester-united-vs-aston-villa/23-02-2002/1517824
2000/2001,2002-02-23T15:00:00,Arsenal,Fulham,https://www.xscores.com/soccer/match/arsenal-vs-fulham/23-02-2002/1517827
2000/2001,2002-02-23T15:00:00,Leicester,Derby,https://www.xscores.com/soccer/match/leicester-vs-derby/23-02-2002/1517828
2000/2001,2002-02-23T15:00:00,Liverpool,Everton,https://www.xscores.com/soccer/match/liverpool-vs-everton/23-02-2002/1517829
2000/2001,2002-02-23T15:00:00,Southampton,Bolton,https://www.xscores.com/soccer/match/southampton-vs-bolton/23-02-2002/1517825
2000/2001,2002-02-23T15:00:00,West Ham,Middlesbrough,https://www.xscores.com/soccer/match/west-ham-vs-middlesbrough/23-02-2002/1517826
2000/2001,2002-02-24T13:00:00,Sunderland,Newcastle,https://www.xscores.com/soccer/match/sunderland-vs-newcastle/24-02-2002/1517830
2000/2001,2002-02-24T15:00:00,Leeds,Charlton,https://www.xscores.com/soccer/match/leeds-vs-charlton/24-02-2002/1517831
2000/2001,2002-03-13T19:45:00,Blackburn,Ipswich,https://www.xscores.com/soccer/match/blackburn-vs-ipswich/13-03-2002/1517832
2000/2001,2002-03-13T19:45:00,Chelsea,Tottenham,https://www.xscores.com/soccer/match/chelsea-vs-tottenham/13-03-2002/1517833
2000/2001,2002-03-02T15:00:00,Aston Villa,West Ham,https://www.xscores.com/soccer/match/aston-villa-vs-west-ham/02-03-2002/1517834
2000/2001,2002-03-02T15:00:00,Bolton,Blackburn,https://www.xscores.com/soccer/match/bolton-vs-blackburn/02-03-2002/1517835
2000/2001,2002-03-02T15:00:00,Charlton,Chelsea,https://www.xscores.com/soccer/match/charlton-vs-chelsea/02-03-2002/1517836
2000/2001,2002-03-02T15:00:00,Fulham,Liverpool,https://www.xscores.com/soccer/match/fulham-vs-liverpool/02-03-2002/1517837
2000/2001,2002-03-02T15:00:00,Ipswich,Southampton,https://www.xscores.com/soccer/match/ipswich-vs-southampton/02-03-2002/1517838
2000/2001,2002-03-02T15:00:00,Middlesbrough,Leicester,https://www.xscores.com/soccer/match/middlesbrough-vs-leicester/02-03-2002/1517839
2000/2001,2002-03-02T15:00:00,Tottenham,Sunderland,https://www.xscores.com/soccer/match/tottenham-vs-sunderland/02-03-2002/1517840
2000/2001,2002-03-02T17:30:00,Newcastle,Arsenal,https://www.xscores.com/soccer/match/newcastle-vs-arsenal/02-03-2002/1517841
2000/2001,2002-03-03T15:00:00,Everton,Leeds,https://www.xscores.com/soccer/match/everton-vs-leeds/03-03-2002/1517842
2000/2001,2002-03-03T16:00:00,Derby,Manchester United,https://www.xscores.com/soccer/match/derby-vs-manchester-united/03-03-2002/1517843
2000/2001,2002-03-05T19:45:00,Arsenal,Derby,https://www.xscores.com/soccer/match/arsenal-vs-derby/05-03-2002/1517844
2000/2001,2002-03-05T20:00:00,Blackburn,Aston Villa,https://www.xscores.com/soccer/match/blackburn-vs-aston-villa/05-03-2002/1517846
2000/2001,2002-03-05T20:00:00,Sunderland,Bolton,https://www.xscores.com/soccer/match/sunderland-vs-bolton/05-03-2002/1517845
2000/2001,2002-03-06T19:45:00,Chelsea,Fulham,https://www.xscores.com/soccer/match/chelsea-vs-fulham/06-03-2002/1517847
2000/2001,2002-03-06T19:45:00,Leeds,Ipswich,https://www.xscores.com/soccer/match/leeds-vs-ipswich/06-03-2002/1517848
2000/2001,2002-03-06T19:45:00,Southampton,Middlesbrough,https://www.xscores.com/soccer/match/southampton-vs-middlesbrough/06-03-2002/1517849
2000/2001,2002-03-06T19:45:00,West Ham,Everton,https://www.xscores.com/soccer/match/west-ham-vs-everton/06-03-2002/1517850
2000/2001,2002-03-06T20:00:00,Manchester United,Tottenham,https://www.xscores.com/soccer/match/manchester-united-vs-tottenham/06-03-2002/1517851
2000/2001,2002-03-06T20:30:00,Liverpool,Newcastle,https://www.xscores.com/soccer/match/liverpool-vs-newcastle/06-03-2002/1517852
2000/2001,2002-03-09T15:00:00,Leicester,Charlton,https://www.xscores.com/soccer/match/leicester-vs-charlton/09-03-2002/1517853
2000/2001,2002-03-16T12:00:00,Middlesbrough,Liverpool,https://www.xscores.com/soccer/match/middlesbrough-vs-liverpool/16-03-2002/1517854
2000/2001,2002-03-16T15:00:00,Bolton,Derby,https://www.xscores.com/soccer/match/bolton-vs-derby/16-03-2002/1517857
2000/2001,2002-03-16T15:00:00,Chelsea,Sunderland,https://www.xscores.com/soccer/match/chelsea-vs-sunderland/16-03-2002/1517858
2000/2001,2002-03-16T15:00:00,Everton,Fulham,https://www.xscores.com/soccer/match/everton-vs-fulham/16-03-2002/1517859
2000/2001,2002-03-16T15:00:00,Newcastle,Ipswich,https://www.xscores.com/soccer/match/newcastle-vs-ipswich/16-03-2002/1517855
2000/2001,2002-03-16T15:00:00,Southampton,Leicester,https://www.xscores.com/soccer/match/southampton-vs-leicester/16-03-2002/1517856
2000/2001,2002-03-16T15:00:00,West Ham,Manchester United,https://www.xscores.com/soccer/match/west-ham-vs-manchester-united/16-03-2002/1517860
2000/2001,2002-03-17T14:00:00,Leeds,Blackburn,https://www.xscores.com/soccer/match/leeds-vs-blackburn/17-03-2002/1517861
2000/2001,2002-03-17T16:00:00,Aston Villa,Arsenal,https://www.xscores.com/soccer/match/aston-villa-vs-arsenal/17-03-2002/1517862
2000/2001,2002-03-18T20:00:00,Tottenham,Charlton,https://www.xscores.com/soccer/match/tottenham-vs-charlton/18-03-2002/1517863
2000/2001,2002-03-23T15:00:00,Charlton,Bolton,https://www.xscores.com/soccer/match/charlton-vs-bolton/23-03-2002/1517864
2000/2001,2002-03-23T15:00:00,Derby,Everton,https://www.xscores.com/soccer/match/derby-vs-everton/23-03-2002/1517865
2000/2001,2002-03-23T15:00:00,Ipswich,Aston Villa,https://www.xscores.com/soccer/match/ipswich-vs-aston-villa/23-03-2002/1517866
2000/2001,2002-03-23T15:00:00,Leicester,Leeds,https://www.xscores.com/soccer/match/leicester-vs-leeds/23-03-2002/1517867
2000/2001,2002-03-23T15:00:00,Manchester United,Middlesbrough,https://www.xscores.com/soccer/match/manchester-united-vs-middlesbrough/23-03-2002/1517868
2000/2001,2002-03-23T15:00:00,Sunderland,Southampton,https://www.xscores.com/soccer/match/sunderland-vs-southampton/23-03-2002/1517869
2000/2001,2002-03-24T14:00:00,Liverpool,Chelsea,https://www.xscores.com/soccer/match/liverpool-vs-chelsea/24-03-2002/1517870
2000/2001,2002-03-24T16:00:00,Fulham,Tottenham,https://www.xscores.com/soccer/match/fulham-vs-tottenham/24-03-2002/1517871
2000/2001,2002-04-23T21:00:00,Blackburn,Newcastle,https://www.xscores.com/soccer/match/blackburn-vs-newcastle/23-04-2002/1517872
2000/2001,2002-04-24T21:00:00,Arsenal,West Ham,https://www.xscores.com/soccer/match/arsenal-vs-west-ham/24-04-2002/1517873
2000/2001,2002-03-29T14:00:00,Newcastle,Everton,https://www.xscores.com/soccer/match/newcastle-vs-everton/29-03-2002/1517874
2000/2001,2002-03-30T12:00:00,Leeds,Manchester United,https://www.xscores.com/soccer/match/leeds-vs-manchester-united/30-03-2002/1517875
2000/2001,2002-03-30T15:00:00,Arsenal,Sunderland,https://www.xscores.com/soccer/match/arsenal-vs-sunderland/30-03-2002/1517880
2000/2001,2002-03-30T15:00:00,Bolton,Aston Villa,https://www.xscores.com/soccer/match/bolton-vs-aston-villa/30-03-2002/1517881
2000/2001,2002-03-30T15:00:00,Chelsea,Derby,https://www.xscores.com/soccer/match/chelsea-vs-derby/30-03-2002/1517882
2000/2001,2002-03-30T15:00:00,Leicester,Blackburn,https://www.xscores.com/soccer/match/leicester-vs-blackburn/30-03-2002/1517876
2000/2001,2002-03-30T15:00:00,Liverpool,Charlton,https://www.xscores.com/soccer/match/liverpool-vs-charlton/30-03-2002/1517877
2000/2001,2002-03-30T15:00:00,Southampton,Fulham,https://www.xscores.com/soccer/match/southampton-vs-fulham/30-03-2002/1517878
2000/2001,2002-03-30T15:00:00,West Ham,Ipswich,https://www.xscores.com/soccer/match/west-ham-vs-ipswich/30-03-2002/1517879
2000/2001,2002-03-30T17:35:00,Middlesbrough,Tottenham,https://www.xscores.com/soccer/match/middlesbrough-vs-tottenham/30-03-2002/1517883
2000/2001,2002-01-22T20:00:00,Manchester United,Liverpool,https://www.xscores.com/soccer/match/manchester-united-vs-liverpool/22-01-2002/1517884
2000/2001,2002-04-01T16:00:00,Charlton,Arsenal,https://www.xscores.com/soccer/match/charlton-vs-arsenal/01-04-2002/1517887
2000/2001,2002-04-01T16:00:00,Derby,Middlesbrough,https://www.xscores.com/soccer/match/derby-vs-middlesbrough/01-04-2002/1517888
2000/2001,2002-04-01T16:00:00,Everton,Bolton,https://www.xscores.com/soccer/match/everton-vs-bolton/01-04-2002/1517889
2000/2001,2002-04-01T16:00:00,Fulham,West Ham,https://www.xscores.com/soccer/match/fulham-vs-west-ham/01-04-2002/1517890
2000/2001,2002-04-01T16:00:00,Ipswich,Chelsea,https://www.xscores.com/soccer/match/ipswich-vs-chelsea/01-04-2002/1517891
2000/2001,2002-04-01T16:00:00,Sunderland,Leicester,https://www.xscores.com/soccer/match/sunderland-vs-leicester/01-04-2002/1517885
2000/2001,2002-04-01T16:00:00,Tottenham,Leeds,https://www.xscores.com/soccer/match/tottenham-vs-leeds/01-04-2002/1517886
2000/2001,2002-04-01T21:00:00,Blackburn,Southampton,https://www.xscores.com/soccer/match/blackburn-vs-southampton/01-04-2002/1517892
2000/2001,2002-04-02T20:45:00,Aston Villa,Newcastle,https://www.xscores.com/soccer/match/aston-villa-vs-newcastle/02-04-2002/1517893
2000/2001,2002-04-06T13:00:00,Leicester,Manchester United,https://www.xscores.com/soccer/match/leicester-vs-manchester-united/06-04-2002/1517894
2000/2001,2002-04-06T16:00:00,Arsenal,Tottenham,https://www.xscores.com/soccer/match/arsenal-vs-tottenham/06-04-2002/1517896
2000/2001,2002-04-06T16:00:00,Bolton,Ipswich,https://www.xscores.com/soccer/match/bolton-vs-ipswich/06-04-2002/1517897
2000/2001,2002-04-06T16:00:00,Chelsea,Everton,https://www.xscores.com/soccer/match/chelsea-vs-everton/06-04-2002/1517898
2000/2001,2002-04-06T16:00:00,Middlesbrough,Aston Villa,https://www.xscores.com/soccer/match/middlesbrough-vs-aston-villa/06-04-2002/1517895
2000/2001,2002-04-06T16:00:00,Southampton,Derby,https://www.xscores.com/soccer/match/southampton-vs-derby/06-04-2002/1517899
2000/2001,2002-04-06T16:00:00,West Ham,Charlton,https://www.xscores.com/soccer/match/west-ham-vs-charlton/06-04-2002/1517900
2000/2001,2002-04-07T17:00:00,Leeds,Sunderland,https://www.xscores.com/soccer/match/leeds-vs-sunderland/07-04-2002/1517901
2000/2001,2002-04-08T21:00:00,Newcastle,Fulham,https://www.xscores.com/soccer/match/newcastle-vs-fulham/08-04-2002/1517902
2000/2001,2002-05-08T21:00:00,Liverpool,Blackburn,https://www.xscores.com/soccer/match/liverpool-vs-blackburn/08-05-2002/1517903
2000/2001,2002-04-10T21:00:00,Blackburn,Chelsea,https://www.xscores.com/soccer/match/blackburn-vs-chelsea/10-04-2002/1517904
2000/2001,2002-04-13T16:00:00,Aston Villa,Leeds,https://www.xscores.com/soccer/match/aston-villa-vs-leeds/13-04-2002/1517907
2000/2001,2002-04-13T16:00:00,Charlton,Southampton,https://www.xscores.com/soccer/match/charlton-vs-southampton/13-04-2002/1517905
2000/2001,2002-04-13T16:00:00,Derby,Newcastle,https://www.xscores.com/soccer/match/derby-vs-newcastle/13-04-2002/1517909
2000/2001,2002-04-13T16:00:00,Everton,Leicester,https://www.xscores.com/soccer/match/everton-vs-leicester/13-04-2002/1517906
2000/2001,2002-04-13T16:00:00,Tottenham,West Ham,https://www.xscores.com/soccer/match/tottenham-vs-west-ham/13-04-2002/1517908
2000/2001,2002-04-13T18:35:00,Sunderland,Liverpool,https://www.xscores.com/soccer/match/sunderland-vs-liverpool/13-04-2002/1517910
2000/2001,2002-04-23T20:45:00,Fulham,Bolton,https://www.xscores.com/soccer/match/fulham-vs-bolton/23-04-2002/1517911
2000/2001,2002-04-24T20:45:00,Ipswich,Middlesbrough,https://www.xscores.com/soccer/match/ipswich-vs-middlesbrough/24-04-2002/1517912
2000/2001,2002-05-08T21:00:00,Manchester United,Arsenal,https://www.xscores.com/soccer/match/manchester-united-vs-arsenal/08-05-2002/1517913
2000/2001,2002-04-20T13:00:00,Chelsea,Manchester United,https://www.xscores.com/soccer/match/chelsea-vs-manchester-united/20-04-2002/1517914
2000/2001,2002-04-20T16:00:00,Bolton,Tottenham,https://www.xscores.com/soccer/match/bolton-vs-tottenham/20-04-2002/1517920
2000/2001,2002-04-20T16:00:00,Leeds,Fulham,https://www.xscores.com/soccer/match/leeds-vs-fulham/20-04-2002/1517915
2000/2001,2002-04-20T16:00:00,Leicester,Aston Villa,https://www.xscores.com/soccer/match/leicester-vs-aston-villa/20-04-2002/1517916
2000/2001,2002-04-20T16:00:00,Liverpool,Derby,https://www.xscores.com/soccer/match/liverpool-vs-derby/20-04-2002/1517917
2000/2001,2002-04-20T16:00:00,Middlesbrough,Blackburn,https://www.xscores.com/soccer/match/middlesbrough-vs-blackburn/20-04-2002/1517918
2000/2001,2002-04-20T16:00:00,Newcastle,Charlton,https://www.xscores.com/soccer/match/newcastle-vs-charlton/20-04-2002/1517919
2000/2001,2002-04-20T16:00:00,West Ham,Sunderland,https://www.xscores.com/soccer/match/west-ham-vs-sunderland/20-04-2002/1517921
2000/2001,2002-04-20T18:15:00,Southampton,Everton,https://www.xscores.com/soccer/match/southampton-vs-everton/20-04-2002/1517922
2000/2001,2002-04-21T17:00:00,Arsenal,Ipswich,https://www.xscores.com/soccer/match/arsenal-vs-ipswich/21-04-2002/1517923
2000/2001,2002-04-27T13:00:00,Tottenham,Liverpool,https://www.xscores.com/soccer/match/tottenham-vs-liverpool/27-04-2002/1517924
2000/2001,2002-04-27T16:00:00,Aston Villa,Southampton,https://www.xscores.com/soccer/match/aston-villa-vs-southampton/27-04-2002/1517925
2000/2001,2002-04-27T16:00:00,Charlton,Sunderland,https://www.xscores.com/soccer/match/charlton-vs-sunderland/27-04-2002/1517926
2000/2001,2002-04-27T16:00:00,Derby,Leeds,https://www.xscores.com/soccer/match/derby-vs-leeds/27-04-2002/1517927
2000/2001,2002-04-27T16:00:00,Fulham,Leicester,https://www.xscores.com/soccer/match/fulham-vs-leicester/27-04-2002/1517928
2000/2001,2002-04-27T16:00:00,Middlesbrough,Chelsea,https://www.xscores.com/soccer/match/middlesbrough-vs-chelsea/27-04-2002/1517929
2000/2001,2002-04-27T16:00:00,Newcastle,West Ham,https://www.xscores.com/soccer/match/newcastle-vs-west-ham/27-04-2002/1517930
2000/2001,2002-04-27T18:35:00,Ipswich,Manchester United,https://www.xscores.com/soccer/match/ipswich-vs-manchester-united/27-04-2002/1517931
2000/2001,2002-04-28T17:00:00,Everton,Blackburn,https://www.xscores.com/soccer/match/everton-vs-blackburn/28-04-2002/1517932
2000/2001,2002-04-29T21:00:00,Bolton,Arsenal,https://www.xscores.com/soccer/match/bolton-vs-arsenal/29-04-2002/1517933
2000/2001,2002-05-11T16:00:00,Arsenal,Everton,https://www.xscores.com/soccer/match/arsenal-vs-everton/11-05-2002/1517934
2000/2001,2002-05-11T16:00:00,Blackburn,Fulham,https://www.xscores.com/soccer/match/blackburn-vs-fulham/11-05-2002/1517935
2000/2001,2002-05-11T16:00:00,Chelsea,Aston Villa,https://www.xscores.com/soccer/match/chelsea-vs-aston-villa/11-05-2002/1517936
2000/2001,2002-05-11T16:00:00,Leeds,Middlesbrough,https://www.xscores.com/soccer/match/leeds-vs-middlesbrough/11-05-2002/1517937
2000/2001,2002-05-11T16:00:00,Leicester,Tottenham,https://www.xscores.com/soccer/match/leicester-vs-tottenham/11-05-2002/1517938
2000/2001,2002-05-11T16:00:00,Liverpool,Ipswich,https://www.xscores.com/soccer/match/liverpool-vs-ipswich/11-05-2002/1517939
2000/2001,2002-05-11T16:00:00,Manchester United,Charlton,https://www.xscores.com/soccer/match/manchester-united-vs-charlton/11-05-2002/1517940
2000/2001,2002-05-11T16:00:00,Southampton,Newcastle,https://www.xscores.com/soccer/match/southampton-vs-newcastle/11-05-2002/1517941
2000/2001,2002-05-11T16:00:00,Sunderland,Derby,https://www.xscores.com/soccer/match/sunderland-vs-derby/11-05-2002/1517942
2000/2001,2002-05-11T16:00:00,West Ham,Bolton,https://www.xscores.com/soccer/match/west-ham-vs-bolton/11-05-2002/1517943
